origin_group,year,from,to,count,stock,prob
Anglosphere ex-US,2000,A,D,3,101,0.037037037037037035
Anglosphere ex-US,2000,A,A,54,101,0.5092592592592593
Anglosphere ex-US,2000,A,H_D,0,101,0.009259259259259259
Anglosphere ex-US,2000,A,H_A,13,101,0.12962962962962962
Anglosphere ex-US,2000,A,P_D,0,101,0.009259259259259259
Anglosphere ex-US,2000,A,P_A,31,101,0.2962962962962963
Anglosphere ex-US,2000,D,D,1386,1816,0.7608337904552934
Anglosphere ex-US,2000,D,A,16,1816,0.009325287986834888
Anglosphere ex-US,2000,D,H_D,108,1816,0.05979155238617663
Anglosphere ex-US,2000,D,H_A,10,1816,0.006034009873834339
Anglosphere ex-US,2000,D,P_D,236,1816,0.13000548546352167
Anglosphere ex-US,2000,D,P_A,15,1816,0.00877674163466813
Anglosphere ex-US,2000,H_A,D,0,66,0.0136986301369863
Anglosphere ex-US,2000,H_A,A,0,66,0.0136986301369863
Anglosphere ex-US,2000,H_A,H_D,1,66,0.0273972602739726
Anglosphere ex-US,2000,H_A,H_A,40,66,0.5616438356164384
Anglosphere ex-US,2000,H_A,P_D,0,66,0.0136986301369863
Anglosphere ex-US,2000,H_A,P_A,25,66,0.3561643835616438
Anglosphere ex-US,2000,H_D,D,0,895,0.0011086474501108647
Anglosphere ex-US,2000,H_D,A,0,895,0.0011086474501108647
Anglosphere ex-US,2000,H_D,H_D,675,895,0.7494456762749445
Anglosphere ex-US,2000,H_D,H_A,23,895,0.026607538802660754
Anglosphere ex-US,2000,H_D,P_D,152,895,0.1696230598669623
Anglosphere ex-US,2000,H_D,P_A,23,895,0.026607538802660754
Anglosphere ex-US,2000,P_A,D,0,252,0.003861003861003861
Anglosphere ex-US,2000,P_A,A,0,252,0.003861003861003861
Anglosphere ex-US,2000,P_A,H_D,0,252,0.003861003861003861
Anglosphere ex-US,2000,P_A,H_A,0,252,0.003861003861003861
Anglosphere ex-US,2000,P_A,P_D,7,252,0.03088803088803089
Anglosphere ex-US,2000,P_A,P_A,245,252,0.9498069498069498
Anglosphere ex-US,2000,P_D,D,0,2810,0.0003549875754348598
Anglosphere ex-US,2000,P_D,A,0,2810,0.0003549875754348598
Anglosphere ex-US,2000,P_D,H_D,0,2810,0.0003549875754348598
Anglosphere ex-US,2000,P_D,H_A,0,2810,0.0003549875754348598
Anglosphere ex-US,2000,P_D,P_D,2616,2810,0.9290024849130281
Anglosphere ex-US,2000,P_D,P_A,112,2810,0.04011359602413916
Anglosphere ex-US,2001,A,D,2,124,0.022900763358778626
Anglosphere ex-US,2001,A,A,68,124,0.5267175572519084
Anglosphere ex-US,2001,A,H_D,0,124,0.007633587786259542
Anglosphere ex-US,2001,A,H_A,18,124,0.1450381679389313
Anglosphere ex-US,2001,A,P_D,2,124,0.022900763358778626
Anglosphere ex-US,2001,A,P_A,34,124,0.26717557251908397
Anglosphere ex-US,2001,D,D,2021,2709,0.7444771723122239
Anglosphere ex-US,2001,D,A,36,2709,0.013622974963181149
Anglosphere ex-US,2001,D,H_D,142,2709,0.05265095729013255
Anglosphere ex-US,2001,D,H_A,16,2709,0.0062592047128129605
Anglosphere ex-US,2001,D,P_D,350,2709,0.12923416789396172
Anglosphere ex-US,2001,D,P_A,67,2709,0.025036818851251842
Anglosphere ex-US,2001,H_A,D,0,124,0.007633587786259542
Anglosphere ex-US,2001,H_A,A,0,124,0.007633587786259542
Anglosphere ex-US,2001,H_A,H_D,4,124,0.03816793893129771
Anglosphere ex-US,2001,H_A,H_A,75,124,0.5801526717557252
Anglosphere ex-US,2001,H_A,P_D,1,124,0.015267175572519083
Anglosphere ex-US,2001,H_A,P_A,44,124,0.3435114503816794
Anglosphere ex-US,2001,H_D,D,0,1370,0.0007262164124909223
Anglosphere ex-US,2001,H_D,A,0,1370,0.0007262164124909223
Anglosphere ex-US,2001,H_D,H_D,988,1370,0.7182280319535221
Anglosphere ex-US,2001,H_D,H_A,51,1370,0.03776325344952796
Anglosphere ex-US,2001,H_D,P_D,247,1370,0.18010167029774873
Anglosphere ex-US,2001,H_D,P_A,43,1370,0.03195352214960058
Anglosphere ex-US,2001,P_A,D,0,543,0.0018181818181818182
Anglosphere ex-US,2001,P_A,A,0,543,0.0018181818181818182
Anglosphere ex-US,2001,P_A,H_D,0,543,0.0018181818181818182
Anglosphere ex-US,2001,P_A,H_A,0,543,0.0018181818181818182
Anglosphere ex-US,2001,P_A,P_D,16,543,0.03090909090909091
Anglosphere ex-US,2001,P_A,P_A,527,543,0.96
Anglosphere ex-US,2001,P_D,D,0,4778,0.0002089864158829676
Anglosphere ex-US,2001,P_D,A,0,4778,0.0002089864158829676
Anglosphere ex-US,2001,P_D,H_D,0,4778,0.0002089864158829676
Anglosphere ex-US,2001,P_D,H_A,0,4778,0.0002089864158829676
Anglosphere ex-US,2001,P_D,P_D,4320,4778,0.9030303030303031
Anglosphere ex-US,2001,P_D,P_A,319,4778,0.06687565308254964
Anglosphere ex-US,2002,A,D,9,199,0.04854368932038835
Anglosphere ex-US,2002,A,A,127,199,0.6213592233009708
Anglosphere ex-US,2002,A,H_D,1,199,0.009708737864077669
Anglosphere ex-US,2002,A,H_A,14,199,0.07281553398058252
Anglosphere ex-US,2002,A,P_D,2,199,0.014563106796116505
Anglosphere ex-US,2002,A,P_A,46,199,0.22815533980582525
Anglosphere ex-US,2002,D,D,3333,4334,0.7680258005067957
Anglosphere ex-US,2002,D,A,56,4334,0.013130615065653075
Anglosphere ex-US,2002,D,H_D,200,4334,0.04630269523151347
Anglosphere ex-US,2002,D,H_A,10,4334,0.002533978346003225
Anglosphere ex-US,2002,D,P_D,387,4334,0.0893803271135683
Anglosphere ex-US,2002,D,P_A,61,4334,0.01428242340474545
Anglosphere ex-US,2002,H_A,D,0,194,0.004975124378109453
Anglosphere ex-US,2002,H_A,A,0,194,0.004975124378109453
Anglosphere ex-US,2002,H_A,H_D,5,194,0.029850746268656716
Anglosphere ex-US,2002,H_A,H_A,137,194,0.6865671641791045
Anglosphere ex-US,2002,H_A,P_D,2,194,0.014925373134328358
Anglosphere ex-US,2002,H_A,P_A,50,194,0.2537313432835821
Anglosphere ex-US,2002,H_D,D,0,1794,0.000555247084952804
Anglosphere ex-US,2002,H_D,A,0,1794,0.000555247084952804
Anglosphere ex-US,2002,H_D,H_D,1379,1794,0.7662409772348695
Anglosphere ex-US,2002,H_D,H_A,39,1794,0.02220988339811216
Anglosphere ex-US,2002,H_D,P_D,203,1794,0.11327040533037201
Anglosphere ex-US,2002,H_D,P_A,38,1794,0.021654636313159357
Anglosphere ex-US,2002,P_A,D,0,1240,0.0008019246190858059
Anglosphere ex-US,2002,P_A,A,0,1240,0.0008019246190858059
Anglosphere ex-US,2002,P_A,H_D,0,1240,0.0008019246190858059
Anglosphere ex-US,2002,P_A,H_A,0,1240,0.0008019246190858059
Anglosphere ex-US,2002,P_A,P_D,36,1240,0.02967121090617482
Anglosphere ex-US,2002,P_A,P_A,1204,1240,0.9663191659983962
Anglosphere ex-US,2002,P_D,D,0,7465,0.00013383297644539615
Anglosphere ex-US,2002,P_D,A,0,7465,0.00013383297644539615
Anglosphere ex-US,2002,P_D,H_D,0,7465,0.00013383297644539615
Anglosphere ex-US,2002,P_D,H_A,0,7465,0.00013383297644539615
Anglosphere ex-US,2002,P_D,P_D,6518,7465,0.8724571734475375
Anglosphere ex-US,2002,P_D,P_A,316,7465,0.04242505353319058
Anglosphere ex-US,2003,A,D,7,219,0.035398230088495575
Anglosphere ex-US,2003,A,A,162,219,0.7212389380530974
Anglosphere ex-US,2003,A,H_D,3,219,0.017699115044247787
Anglosphere ex-US,2003,A,H_A,13,219,0.061946902654867256
Anglosphere ex-US,2003,A,P_D,2,219,0.01327433628318584
Anglosphere ex-US,2003,A,P_A,32,219,0.14601769911504425
Anglosphere ex-US,2003,D,D,3947,4920,0.8012989648873554
Anglosphere ex-US,2003,D,A,62,4920,0.012786685609904607
Anglosphere ex-US,2003,D,H_D,191,4920,0.03896894662066166
Anglosphere ex-US,2003,D,H_A,28,4920,0.005885934645829105
Anglosphere ex-US,2003,D,P_D,387,4920,0.07874974629592044
Anglosphere ex-US,2003,D,P_A,53,4920,0.010960016237061092
Anglosphere ex-US,2003,H_A,D,0,225,0.004310344827586207
Anglosphere ex-US,2003,H_A,A,0,225,0.004310344827586207
Anglosphere ex-US,2003,H_A,H_D,4,225,0.021551724137931036
Anglosphere ex-US,2003,H_A,H_A,173,225,0.75
Anglosphere ex-US,2003,H_A,P_D,0,225,0.004310344827586207
Anglosphere ex-US,2003,H_A,P_A,48,225,0.21120689655172414
Anglosphere ex-US,2003,H_D,D,0,2141,0.0004655493482309125
Anglosphere ex-US,2003,H_D,A,0,2141,0.0004655493482309125
Anglosphere ex-US,2003,H_D,H_D,1682,2141,0.7835195530726257
Anglosphere ex-US,2003,H_D,H_A,44,2141,0.02094972067039106
Anglosphere ex-US,2003,H_D,P_D,216,2141,0.10102420856610801
Anglosphere ex-US,2003,H_D,P_A,41,2141,0.019553072625698324
Anglosphere ex-US,2003,P_A,D,0,1803,0.0005524861878453039
Anglosphere ex-US,2003,P_A,A,0,1803,0.0005524861878453039
Anglosphere ex-US,2003,P_A,H_D,0,1803,0.0005524861878453039
Anglosphere ex-US,2003,P_A,H_A,0,1803,0.0005524861878453039
Anglosphere ex-US,2003,P_A,P_D,22,1803,0.01270718232044199
Anglosphere ex-US,2003,P_A,P_A,1781,1803,0.9845303867403314
Anglosphere ex-US,2003,P_D,D,0,8610,0.00011604966925844261
Anglosphere ex-US,2003,P_D,A,0,8610,0.00011604966925844261
Anglosphere ex-US,2003,P_D,H_D,0,8610,0.00011604966925844261
Anglosphere ex-US,2003,P_D,H_A,0,8610,0.00011604966925844261
Anglosphere ex-US,2003,P_D,P_D,7687,8610,0.8921898572589068
Anglosphere ex-US,2003,P_D,P_A,300,8610,0.034930950446791224
Anglosphere ex-US,2004,A,D,12,282,0.04498269896193772
Anglosphere ex-US,2004,A,A,198,282,0.6885813148788927
Anglosphere ex-US,2004,A,H_D,4,282,0.01730103806228374
Anglosphere ex-US,2004,A,H_A,21,282,0.07612456747404844
Anglosphere ex-US,2004,A,P_D,6,282,0.02422145328719723
Anglosphere ex-US,2004,A,P_A,41,282,0.1453287197231834
Anglosphere ex-US,2004,D,D,4415,5451,0.8090875778673506
Anglosphere ex-US,2004,D,A,65,5451,0.012092341517039208
Anglosphere ex-US,2004,D,H_D,223,5451,0.041040674239648224
Anglosphere ex-US,2004,D,H_A,27,5451,0.005130084279956028
Anglosphere ex-US,2004,D,P_D,432,5451,0.07933308904360571
Anglosphere ex-US,2004,D,P_A,72,5451,0.013374862587028215
Anglosphere ex-US,2004,H_A,D,0,285,0.003424657534246575
Anglosphere ex-US,2004,H_A,A,0,285,0.003424657534246575
Anglosphere ex-US,2004,H_A,H_D,11,285,0.0410958904109589
Anglosphere ex-US,2004,H_A,H_A,217,285,0.7465753424657534
Anglosphere ex-US,2004,H_A,P_D,1,285,0.00684931506849315
Anglosphere ex-US,2004,H_A,P_A,56,285,0.1952054794520548
Anglosphere ex-US,2004,H_D,D,0,2443,0.00040816326530612246
Anglosphere ex-US,2004,H_D,A,0,2443,0.00040816326530612246
Anglosphere ex-US,2004,H_D,H_D,1977,2443,0.8073469387755102
Anglosphere ex-US,2004,H_D,H_A,39,2443,0.0163265306122449
Anglosphere ex-US,2004,H_D,P_D,234,2443,0.09591836734693877
Anglosphere ex-US,2004,H_D,P_A,43,2443,0.017959183673469388
Anglosphere ex-US,2004,P_A,D,0,2329,0.0004280821917808219
Anglosphere ex-US,2004,P_A,A,0,2329,0.0004280821917808219
Anglosphere ex-US,2004,P_A,H_D,0,2329,0.0004280821917808219
Anglosphere ex-US,2004,P_A,H_A,0,2329,0.0004280821917808219
Anglosphere ex-US,2004,P_A,P_D,68,2329,0.029537671232876712
Anglosphere ex-US,2004,P_A,P_A,2261,2329,0.9683219178082192
Anglosphere ex-US,2004,P_D,D,0,9693,0.00010309278350515464
Anglosphere ex-US,2004,P_D,A,0,9693,0.00010309278350515464
Anglosphere ex-US,2004,P_D,H_D,0,9693,0.00010309278350515464
Anglosphere ex-US,2004,P_D,H_A,0,9693,0.00010309278350515464
Anglosphere ex-US,2004,P_D,P_D,8827,9693,0.9101030927835052
Anglosphere ex-US,2004,P_D,P_A,378,9693,0.03907216494845361
Anglosphere ex-US,2005,A,D,9,325,0.030120481927710843
Anglosphere ex-US,2005,A,A,245,325,0.7409638554216867
Anglosphere ex-US,2005,A,H_D,3,325,0.012048192771084338
Anglosphere ex-US,2005,A,H_A,28,325,0.08734939759036145
Anglosphere ex-US,2005,A,P_D,5,325,0.018072289156626505
Anglosphere ex-US,2005,A,P_A,35,325,0.10843373493975904
Anglosphere ex-US,2005,D,D,4790,5996,0.7981009495252374
Anglosphere ex-US,2005,D,A,68,5996,0.011494252873563218
Anglosphere ex-US,2005,D,H_D,299,5996,0.04997501249375312
Anglosphere ex-US,2005,D,H_A,50,5996,0.00849575212393803
Anglosphere ex-US,2005,D,P_D,414,5996,0.0691321006163585
Anglosphere ex-US,2005,D,P_A,67,5996,0.01132766949858404
Anglosphere ex-US,2005,H_A,D,0,331,0.0029585798816568047
Anglosphere ex-US,2005,H_A,A,0,331,0.0029585798816568047
Anglosphere ex-US,2005,H_A,H_D,9,331,0.029585798816568046
Anglosphere ex-US,2005,H_A,H_A,252,331,0.7485207100591716
Anglosphere ex-US,2005,H_A,P_D,5,331,0.01775147928994083
Anglosphere ex-US,2005,H_A,P_A,65,331,0.1952662721893491
Anglosphere ex-US,2005,H_D,D,0,2858,0.00034904013961605586
Anglosphere ex-US,2005,H_D,A,0,2858,0.00034904013961605586
Anglosphere ex-US,2005,H_D,H_D,2258,2858,0.7884816753926701
Anglosphere ex-US,2005,H_D,H_A,62,2858,0.02198952879581152
Anglosphere ex-US,2005,H_D,P_D,291,2858,0.10191972076788831
Anglosphere ex-US,2005,H_D,P_A,47,2858,0.016753926701570682
Anglosphere ex-US,2005,P_A,D,0,2925,0.00034106412005457026
Anglosphere ex-US,2005,P_A,A,0,2925,0.00034106412005457026
Anglosphere ex-US,2005,P_A,H_D,0,2925,0.00034106412005457026
Anglosphere ex-US,2005,P_A,H_A,0,2925,0.00034106412005457026
Anglosphere ex-US,2005,P_A,P_D,69,2925,0.023874488403819918
Anglosphere ex-US,2005,P_A,P_A,2856,2925,0.9744201909959073
Anglosphere ex-US,2005,P_D,D,0,10877,9.187798603454613e-05
Anglosphere ex-US,2005,P_D,A,0,10877,9.187798603454613e-05
Anglosphere ex-US,2005,P_D,H_D,0,10877,9.187798603454613e-05
Anglosphere ex-US,2005,P_D,H_A,0,10877,9.187798603454613e-05
Anglosphere ex-US,2005,P_D,P_D,9666,10877,0.8881844909959574
Anglosphere ex-US,2005,P_D,P_A,429,10877,0.039507533994854835
Anglosphere ex-US,2006,A,D,8,385,0.02295918367346939
Anglosphere ex-US,2006,A,A,294,385,0.7525510204081632
Anglosphere ex-US,2006,A,H_D,6,385,0.017857142857142856
Anglosphere ex-US,2006,A,H_A,34,385,0.08928571428571429
Anglosphere ex-US,2006,A,P_D,5,385,0.015306122448979591
Anglosphere ex-US,2006,A,P_A,38,385,0.09948979591836735
Anglosphere ex-US,2006,D,D,5218,6455,0.8076446920458062
Anglosphere ex-US,2006,D,A,69,6455,0.010832559579077685
Anglosphere ex-US,2006,D,H_D,309,6455,0.047972763850201175
Anglosphere ex-US,2006,D,H_A,36,6455,0.005725781491798205
Anglosphere ex-US,2006,D,P_D,409,6455,0.0634478489631693
Anglosphere ex-US,2006,D,P_A,84,6455,0.013153822346022904
Anglosphere ex-US,2006,H_A,D,0,419,0.002347417840375587
Anglosphere ex-US,2006,H_A,A,0,419,0.002347417840375587
Anglosphere ex-US,2006,H_A,H_D,9,419,0.023474178403755867
Anglosphere ex-US,2006,H_A,H_A,350,419,0.823943661971831
Anglosphere ex-US,2006,H_A,P_D,6,419,0.01643192488262911
Anglosphere ex-US,2006,H_A,P_A,54,419,0.12910798122065728
Anglosphere ex-US,2006,H_D,D,0,3241,0.0003078817733990148
Anglosphere ex-US,2006,H_D,A,0,3241,0.0003078817733990148
Anglosphere ex-US,2006,H_D,H_D,2615,3241,0.8054187192118226
Anglosphere ex-US,2006,H_D,H_A,88,3241,0.027401477832512317
Anglosphere ex-US,2006,H_D,P_D,268,3241,0.08282019704433498
Anglosphere ex-US,2006,H_D,P_A,41,3241,0.01293103448275862
Anglosphere ex-US,2006,P_A,D,0,3579,0.0002788622420524261
Anglosphere ex-US,2006,P_A,A,0,3579,0.0002788622420524261
Anglosphere ex-US,2006,P_A,H_D,0,3579,0.0002788622420524261
Anglosphere ex-US,2006,P_A,H_A,0,3579,0.0002788622420524261
Anglosphere ex-US,2006,P_A,P_D,94,3579,0.02649191299498048
Anglosphere ex-US,2006,P_A,P_A,3485,3579,0.9721137757947574
Anglosphere ex-US,2006,P_D,D,0,11685,8.552856654122477e-05
Anglosphere ex-US,2006,P_D,A,0,11685,8.552856654122477e-05
Anglosphere ex-US,2006,P_D,H_D,0,11685,8.552856654122477e-05
Anglosphere ex-US,2006,P_D,H_A,0,11685,8.552856654122477e-05
Anglosphere ex-US,2006,P_D,P_D,10589,11685,0.9057475196715703
Anglosphere ex-US,2006,P_D,P_A,309,11685,0.02651385562777968
Anglosphere ex-US,2007,A,D,14,420,0.0351288056206089
Anglosphere ex-US,2007,A,A,311,420,0.7306791569086651
Anglosphere ex-US,2007,A,H_D,6,420,0.01639344262295082
Anglosphere ex-US,2007,A,H_A,39,420,0.0936768149882904
Anglosphere ex-US,2007,A,P_D,3,420,0.00936768149882904
Anglosphere ex-US,2007,A,P_A,47,420,0.11241217798594848
Anglosphere ex-US,2007,D,D,5496,6728,0.8161841128433556
Anglosphere ex-US,2007,D,A,92,6728,0.013808463251670379
Anglosphere ex-US,2007,D,H_D,344,6728,0.051224944320712694
Anglosphere ex-US,2007,D,H_A,40,6728,0.006087602078693393
Anglosphere ex-US,2007,D,P_D,402,6728,0.05983667409057164
Anglosphere ex-US,2007,D,P_A,61,6728,0.009205642167780253
Anglosphere ex-US,2007,H_A,D,0,551,0.0017921146953405018
Anglosphere ex-US,2007,H_A,A,0,551,0.0017921146953405018
Anglosphere ex-US,2007,H_A,H_D,16,551,0.03046594982078853
Anglosphere ex-US,2007,H_A,H_A,461,551,0.8279569892473119
Anglosphere ex-US,2007,H_A,P_D,6,551,0.012544802867383513
Anglosphere ex-US,2007,H_A,P_A,68,551,0.12365591397849462
Anglosphere ex-US,2007,H_D,D,0,3573,0.00027932960893854746
Anglosphere ex-US,2007,H_D,A,0,3573,0.00027932960893854746
Anglosphere ex-US,2007,H_D,H_D,2921,3573,0.8162011173184358
Anglosphere ex-US,2007,H_D,H_A,77,3573,0.021787709497206705
Anglosphere ex-US,2007,H_D,P_D,249,3573,0.06983240223463687
Anglosphere ex-US,2007,H_D,P_A,37,3573,0.010614525139664804
Anglosphere ex-US,2007,P_A,D,0,4077,0.0002448579823702253
Anglosphere ex-US,2007,P_A,A,0,4077,0.0002448579823702253
Anglosphere ex-US,2007,P_A,H_D,0,4077,0.0002448579823702253
Anglosphere ex-US,2007,P_A,H_A,0,4077,0.0002448579823702253
Anglosphere ex-US,2007,P_A,P_D,106,4077,0.026199804113614104
Anglosphere ex-US,2007,P_A,P_A,3971,4077,0.9725759059745348
Anglosphere ex-US,2007,P_D,D,0,12538,7.971303308090873e-05
Anglosphere ex-US,2007,P_D,A,0,12538,7.971303308090873e-05
Anglosphere ex-US,2007,P_D,H_D,0,12538,7.971303308090873e-05
Anglosphere ex-US,2007,P_D,H_A,0,12538,7.971303308090873e-05
Anglosphere ex-US,2007,P_D,P_D,11330,12538,0.9032283778397768
Anglosphere ex-US,2007,P_D,P_A,321,12538,0.02566759665205261
Anglosphere ex-US,2008,A,D,13,465,0.029661016949152543
Anglosphere ex-US,2008,A,A,368,465,0.7817796610169492
Anglosphere ex-US,2008,A,H_D,3,465,0.00847457627118644
Anglosphere ex-US,2008,A,H_A,34,465,0.07415254237288135
Anglosphere ex-US,2008,A,P_D,3,465,0.00847457627118644
Anglosphere ex-US,2008,A,P_A,44,465,0.09533898305084745
Anglosphere ex-US,2008,D,D,5733,6952,0.8239689610576232
Anglosphere ex-US,2008,D,A,95,6952,0.013795085500790344
Anglosphere ex-US,2008,D,H_D,308,6952,0.04440293145566892
Anglosphere ex-US,2008,D,H_A,32,6952,0.0047420606408966805
Anglosphere ex-US,2008,D,P_D,404,6952,0.058198016956459264
Anglosphere ex-US,2008,D,P_A,70,6952,0.010202615318292859
Anglosphere ex-US,2008,H_A,D,0,653,0.0015151515151515152
Anglosphere ex-US,2008,H_A,A,0,653,0.0015151515151515152
Anglosphere ex-US,2008,H_A,H_D,35,653,0.05454545454545454
Anglosphere ex-US,2008,H_A,H_A,519,653,0.7878787878787878
Anglosphere ex-US,2008,H_A,P_D,11,653,0.01818181818181818
Anglosphere ex-US,2008,H_A,P_A,88,653,0.13484848484848486
Anglosphere ex-US,2008,H_D,D,0,4034,0.00024746349913387774
Anglosphere ex-US,2008,H_D,A,0,4034,0.00024746349913387774
Anglosphere ex-US,2008,H_D,H_D,3261,4034,0.8072259341747092
Anglosphere ex-US,2008,H_D,H_A,72,4034,0.018064835436773077
Anglosphere ex-US,2008,H_D,P_D,305,4034,0.0757238307349666
Anglosphere ex-US,2008,H_D,P_A,53,4034,0.013363028953229399
Anglosphere ex-US,2008,P_A,D,0,4551,0.00021939447125932427
Anglosphere ex-US,2008,P_A,A,0,4551,0.00021939447125932427
Anglosphere ex-US,2008,P_A,H_D,0,4551,0.00021939447125932427
Anglosphere ex-US,2008,P_A,H_A,0,4551,0.00021939447125932427
Anglosphere ex-US,2008,P_A,P_D,118,4551,0.026107942079859586
Anglosphere ex-US,2008,P_A,P_A,4433,4551,0.9727950855638438
Anglosphere ex-US,2008,P_D,D,0,13124,7.61556621734826e-05
Anglosphere ex-US,2008,P_D,A,0,13124,7.61556621734826e-05
Anglosphere ex-US,2008,P_D,H_D,0,13124,7.61556621734826e-05
Anglosphere ex-US,2008,P_D,H_A,0,13124,7.61556621734826e-05
Anglosphere ex-US,2008,P_D,P_D,11960,13124,0.9108978752570254
Anglosphere ex-US,2008,P_D,P_A,259,13124,0.019800472165105474
Anglosphere ex-US,2009,A,D,21,511,0.04247104247104247
Anglosphere ex-US,2009,A,A,399,511,0.7722007722007722
Anglosphere ex-US,2009,A,H_D,5,511,0.011583011583011582
Anglosphere ex-US,2009,A,H_A,38,511,0.07528957528957529
Anglosphere ex-US,2009,A,P_D,7,511,0.015444015444015444
Anglosphere ex-US,2009,A,P_A,41,511,0.08108108108108109
Anglosphere ex-US,2009,D,D,6016,7228,0.8316516931582585
Anglosphere ex-US,2009,D,A,80,7228,0.011195577055977885
Anglosphere ex-US,2009,D,H_D,303,7228,0.042017968210089844
Anglosphere ex-US,2009,D,H_A,38,7228,0.005390463026952315
Anglosphere ex-US,2009,D,P_D,402,7228,0.05570145127850726
Anglosphere ex-US,2009,D,P_A,67,7228,0.00939875604699378
Anglosphere ex-US,2009,H_A,D,0,681,0.0014534883720930232
Anglosphere ex-US,2009,H_A,A,0,681,0.0014534883720930232
Anglosphere ex-US,2009,H_A,H_D,35,681,0.05232558139534884
Anglosphere ex-US,2009,H_A,H_A,553,681,0.8052325581395349
Anglosphere ex-US,2009,H_A,P_D,7,681,0.011627906976744186
Anglosphere ex-US,2009,H_A,P_A,86,681,0.12645348837209303
Anglosphere ex-US,2009,H_D,D,0,4240,0.0002354603249352484
Anglosphere ex-US,2009,H_D,A,0,4240,0.0002354603249352484
Anglosphere ex-US,2009,H_D,H_D,3493,4240,0.822698375323758
Anglosphere ex-US,2009,H_D,H_A,98,4240,0.023310572168589592
Anglosphere ex-US,2009,H_D,P_D,304,4240,0.07181539910525077
Anglosphere ex-US,2009,H_D,P_A,36,4240,0.00871203202260419
Anglosphere ex-US,2009,P_A,D,0,5003,0.0001996007984031936
Anglosphere ex-US,2009,P_A,A,0,5003,0.0001996007984031936
Anglosphere ex-US,2009,P_A,H_D,0,5003,0.0001996007984031936
Anglosphere ex-US,2009,P_A,H_A,0,5003,0.0001996007984031936
Anglosphere ex-US,2009,P_A,P_D,124,5003,0.0249500998003992
Anglosphere ex-US,2009,P_A,P_A,4879,5003,0.9740518962075848
Anglosphere ex-US,2009,P_D,D,0,13788,7.249003262051468e-05
Anglosphere ex-US,2009,P_D,A,0,13788,7.249003262051468e-05
Anglosphere ex-US,2009,P_D,H_D,0,13788,7.249003262051468e-05
Anglosphere ex-US,2009,P_D,H_A,0,13788,7.249003262051468e-05
Anglosphere ex-US,2009,P_D,P_D,12592,13788,0.9128669807901414
Anglosphere ex-US,2009,P_D,P_A,269,13788,0.019572308807538963
Anglosphere ex-US,2010,A,D,14,540,0.027422303473491772
Anglosphere ex-US,2010,A,A,440,540,0.8062157221206582
Anglosphere ex-US,2010,A,H_D,2,540,0.005484460694698354
Anglosphere ex-US,2010,A,H_A,39,540,0.07312614259597806
Anglosphere ex-US,2010,A,P_D,3,540,0.007312614259597806
Anglosphere ex-US,2010,A,P_A,42,540,0.07861060329067641
Anglosphere ex-US,2010,D,D,6228,7555,0.8237238825707485
Anglosphere ex-US,2010,D,A,88,7555,0.011769373181697964
Anglosphere ex-US,2010,D,H_D,306,7555,0.04059772546945253
Anglosphere ex-US,2010,D,H_A,36,7555,0.004892885480031738
Anglosphere ex-US,2010,D,P_D,413,7555,0.054747421317111876
Anglosphere ex-US,2010,D,P_A,54,7555,0.007273208145993124
Anglosphere ex-US,2010,H_A,D,0,762,0.0013003901170351106
Anglosphere ex-US,2010,H_A,A,0,762,0.0013003901170351106
Anglosphere ex-US,2010,H_A,H_D,27,762,0.036410923276983094
Anglosphere ex-US,2010,H_A,H_A,647,762,0.8426527958387516
Anglosphere ex-US,2010,H_A,P_D,7,762,0.010403120936280884
Anglosphere ex-US,2010,H_A,P_A,81,762,0.10663198959687907
Anglosphere ex-US,2010,H_D,D,0,4527,0.00022055580061755624
Anglosphere ex-US,2010,H_D,A,0,4527,0.00022055580061755624
Anglosphere ex-US,2010,H_D,H_D,3745,4527,0.8262020291133657
Anglosphere ex-US,2010,H_D,H_A,86,4527,0.019188354653727393
Anglosphere ex-US,2010,H_D,P_D,285,4527,0.06307895897662108
Anglosphere ex-US,2010,H_D,P_A,34,4527,0.007719453021614468
Anglosphere ex-US,2010,P_A,D,0,5428,0.0001839926402943882
Anglosphere ex-US,2010,P_A,A,0,5428,0.0001839926402943882
Anglosphere ex-US,2010,P_A,H_D,0,5428,0.0001839926402943882
Anglosphere ex-US,2010,P_A,H_A,0,5428,0.0001839926402943882
Anglosphere ex-US,2010,P_A,P_D,165,5428,0.030542778288868446
Anglosphere ex-US,2010,P_A,P_A,5263,5428,0.9685372585096597
Anglosphere ex-US,2010,P_D,D,0,14388,6.946856547412296e-05
Anglosphere ex-US,2010,P_D,A,0,14388,6.946856547412296e-05
Anglosphere ex-US,2010,P_D,H_D,0,14388,6.946856547412296e-05
Anglosphere ex-US,2010,P_D,H_A,0,14388,6.946856547412296e-05
Anglosphere ex-US,2010,P_D,P_D,13132,14388,0.9123306703716568
Anglosphere ex-US,2010,P_D,P_A,237,14388,0.016533518582841265
Anglosphere ex-US,2011,A,D,18,568,0.03304347826086956
Anglosphere ex-US,2011,A,A,468,568,0.8156521739130435
Anglosphere ex-US,2011,A,H_D,2,568,0.0052173913043478265
Anglosphere ex-US,2011,A,H_A,44,568,0.0782608695652174
Anglosphere ex-US,2011,A,P_D,7,568,0.01391304347826087
Anglosphere ex-US,2011,A,P_A,29,568,0.05217391304347826
Anglosphere ex-US,2011,D,D,6377,7738,0.8234990316333118
Anglosphere ex-US,2011,D,A,85,7738,0.011103938024531955
Anglosphere ex-US,2011,D,H_D,349,7738,0.045190445448676564
Anglosphere ex-US,2011,D,H_A,25,7738,0.003357004519044545
Anglosphere ex-US,2011,D,P_D,382,7738,0.04945125887669464
Anglosphere ex-US,2011,D,P_A,65,7738,0.008521626856036153
Anglosphere ex-US,2011,H_A,D,0,841,0.0011792452830188679
Anglosphere ex-US,2011,H_A,A,0,841,0.0011792452830188679
Anglosphere ex-US,2011,H_A,H_D,27,841,0.0330188679245283
Anglosphere ex-US,2011,H_A,H_A,710,841,0.8384433962264151
Anglosphere ex-US,2011,H_A,P_D,12,841,0.015330188679245283
Anglosphere ex-US,2011,H_A,P_A,92,841,0.10966981132075472
Anglosphere ex-US,2011,H_D,D,0,4756,0.0002099517111064455
Anglosphere ex-US,2011,H_D,A,0,4756,0.0002099517111064455
Anglosphere ex-US,2011,H_D,H_D,3980,4756,0.8358177619147596
Anglosphere ex-US,2011,H_D,H_A,90,4756,0.019105605710686542
Anglosphere ex-US,2011,H_D,P_D,308,4756,0.06487507873189166
Anglosphere ex-US,2011,H_D,P_A,44,4756,0.009447826999790049
Anglosphere ex-US,2011,P_A,D,0,5747,0.0001737921445950643
Anglosphere ex-US,2011,P_A,A,0,5747,0.0001737921445950643
Anglosphere ex-US,2011,P_A,H_D,0,5747,0.0001737921445950643
Anglosphere ex-US,2011,P_A,H_A,0,5747,0.0001737921445950643
Anglosphere ex-US,2011,P_A,P_D,167,5747,0.029197080291970802
Anglosphere ex-US,2011,P_A,P_A,5580,5747,0.9699339589850539
Anglosphere ex-US,2011,P_D,D,0,14925,6.69702652022502e-05
Anglosphere ex-US,2011,P_D,A,0,14925,6.69702652022502e-05
Anglosphere ex-US,2011,P_D,H_D,0,14925,6.69702652022502e-05
Anglosphere ex-US,2011,P_D,H_A,0,14925,6.69702652022502e-05
Anglosphere ex-US,2011,P_D,P_D,13488,14925,0.9033619073131529
Anglosphere ex-US,2011,P_D,P_A,197,14925,0.01326011251004554
Anglosphere ex-US,2012,A,D,28,618,0.0464
Anglosphere ex-US,2012,A,A,478,618,0.7664
Anglosphere ex-US,2012,A,H_D,4,618,0.008
Anglosphere ex-US,2012,A,H_A,51,618,0.0832
Anglosphere ex-US,2012,A,P_D,6,618,0.0112
Anglosphere ex-US,2012,A,P_A,51,618,0.0832
Anglosphere ex-US,2012,D,D,6520,7922,0.8224240131164081
Anglosphere ex-US,2012,D,A,88,7922,0.01122461848909068
Anglosphere ex-US,2012,D,H_D,365,7922,0.0461596670450246
Anglosphere ex-US,2012,D,H_A,33,7922,0.004288056501450372
Anglosphere ex-US,2012,D,P_D,427,7922,0.05397906419472821
Anglosphere ex-US,2012,D,P_A,44,7922,0.0056753688989784334
Anglosphere ex-US,2012,H_A,D,0,910,0.0010905125408942203
Anglosphere ex-US,2012,H_A,A,0,910,0.0010905125408942203
Anglosphere ex-US,2012,H_A,H_D,36,910,0.04034896401308615
Anglosphere ex-US,2012,H_A,H_A,780,910,0.8516902944383861
Anglosphere ex-US,2012,H_A,P_D,11,910,0.013086150490730643
Anglosphere ex-US,2012,H_A,P_A,83,910,0.0916030534351145
Anglosphere ex-US,2012,H_D,D,0,5051,0.00019770660340055358
Anglosphere ex-US,2012,H_D,A,0,5051,0.00019770660340055358
Anglosphere ex-US,2012,H_D,H_D,4162,5051,0.8230525899565045
Anglosphere ex-US,2012,H_D,H_A,103,5051,0.02056148675365757
Anglosphere ex-US,2012,H_D,P_D,322,5051,0.0638592328983788
Anglosphere ex-US,2012,H_D,P_A,33,5051,0.006722024515618822
Anglosphere ex-US,2012,P_A,D,0,6045,0.00016523463317911433
Anglosphere ex-US,2012,P_A,A,0,6045,0.00016523463317911433
Anglosphere ex-US,2012,P_A,H_D,0,6045,0.00016523463317911433
Anglosphere ex-US,2012,P_A,H_A,0,6045,0.00016523463317911433
Anglosphere ex-US,2012,P_A,P_D,206,6045,0.034203569068076665
Anglosphere ex-US,2012,P_A,P_A,5839,6045,0.9649702577660277
Anglosphere ex-US,2012,P_D,D,0,15278,6.542361792607131e-05
Anglosphere ex-US,2012,P_D,A,0,15278,6.542361792607131e-05
Anglosphere ex-US,2012,P_D,H_D,0,15278,6.542361792607131e-05
Anglosphere ex-US,2012,P_D,H_A,0,15278,6.542361792607131e-05
Anglosphere ex-US,2012,P_D,P_D,13870,15278,0.9074910042525351
Anglosphere ex-US,2012,P_D,P_A,175,15278,0.011514556754988551
Anglosphere ex-US,2013,A,D,29,613,0.04838709677419355
Anglosphere ex-US,2013,A,A,489,613,0.7903225806451613
Anglosphere ex-US,2013,A,H_D,4,613,0.008064516129032258
Anglosphere ex-US,2013,A,H_A,39,613,0.06451612903225806
Anglosphere ex-US,2013,A,P_D,9,613,0.016129032258064516
Anglosphere ex-US,2013,A,P_A,43,613,0.07096774193548387
Anglosphere ex-US,2013,D,D,6674,8079,0.8255008656937918
Anglosphere ex-US,2013,D,A,83,8079,0.010388325500865693
Anglosphere ex-US,2013,D,H_D,326,8079,0.040440267128370025
Anglosphere ex-US,2013,D,H_A,43,8079,0.005441503833786792
Anglosphere ex-US,2013,D,P_D,386,8079,0.047860499628988376
Anglosphere ex-US,2013,D,P_A,49,8079,0.006183527083848627
Anglosphere ex-US,2013,H_A,D,0,1017,0.0009765625
Anglosphere ex-US,2013,H_A,A,0,1017,0.0009765625
Anglosphere ex-US,2013,H_A,H_D,50,1017,0.0498046875
Anglosphere ex-US,2013,H_A,H_A,850,1017,0.8310546875
Anglosphere ex-US,2013,H_A,P_D,9,1017,0.009765625
Anglosphere ex-US,2013,H_A,P_A,108,1017,0.1064453125
Anglosphere ex-US,2013,H_D,D,0,5327,0.00018747656542932134
Anglosphere ex-US,2013,H_D,A,0,5327,0.00018747656542932134
Anglosphere ex-US,2013,H_D,H_D,4372,5327,0.8198350206224222
Anglosphere ex-US,2013,H_D,H_A,124,5327,0.023434570678665168
Anglosphere ex-US,2013,H_D,P_D,319,5327,0.05999250093738283
Anglosphere ex-US,2013,H_D,P_A,48,5327,0.009186351706036745
Anglosphere ex-US,2013,P_A,D,0,6272,0.00015926102882624622
Anglosphere ex-US,2013,P_A,A,0,6272,0.00015926102882624622
Anglosphere ex-US,2013,P_A,H_D,0,6272,0.00015926102882624622
Anglosphere ex-US,2013,P_A,H_A,0,6272,0.00015926102882624622
Anglosphere ex-US,2013,P_A,P_D,227,6272,0.036311514572384136
Anglosphere ex-US,2013,P_A,P_A,6045,6272,0.9628921802834847
Anglosphere ex-US,2013,P_D,D,0,15781,6.333924499619965e-05
Anglosphere ex-US,2013,P_D,A,0,15781,6.333924499619965e-05
Anglosphere ex-US,2013,P_D,H_D,0,15781,6.333924499619965e-05
Anglosphere ex-US,2013,P_D,H_A,0,15781,6.333924499619965e-05
Anglosphere ex-US,2013,P_D,P_D,14219,15781,0.900684063845959
Anglosphere ex-US,2013,P_D,P_A,177,15781,0.011274385609323537
Anglosphere ex-US,2014,A,D,27,637,0.043478260869565216
Anglosphere ex-US,2014,A,A,509,637,0.7919254658385093
Anglosphere ex-US,2014,A,H_D,7,637,0.012422360248447204
Anglosphere ex-US,2014,A,H_A,30,637,0.04813664596273292
Anglosphere ex-US,2014,A,P_D,6,637,0.010869565217391304
Anglosphere ex-US,2014,A,P_A,58,637,0.09161490683229814
Anglosphere ex-US,2014,D,D,6831,8315,0.8209565008411439
Anglosphere ex-US,2014,D,A,79,8315,0.009613073780341264
Anglosphere ex-US,2014,D,H_D,389,8315,0.04686373467916366
Anglosphere ex-US,2014,D,H_A,45,8315,0.0055275174236962266
Anglosphere ex-US,2014,D,P_D,376,8315,0.045301610189858205
Anglosphere ex-US,2014,D,P_A,46,8315,0.005647680845950492
Anglosphere ex-US,2014,H_A,D,0,1107,0.0008976660682226212
Anglosphere ex-US,2014,H_A,A,0,1107,0.0008976660682226212
Anglosphere ex-US,2014,H_A,H_D,49,1107,0.04488330341113106
Anglosphere ex-US,2014,H_A,H_A,933,1107,0.8384201077199281
Anglosphere ex-US,2014,H_A,P_D,13,1107,0.012567324955116697
Anglosphere ex-US,2014,H_A,P_A,112,1107,0.10143626570915619
Anglosphere ex-US,2014,H_D,D,0,5574,0.00017917935853789643
Anglosphere ex-US,2014,H_D,A,0,5574,0.00017917935853789643
Anglosphere ex-US,2014,H_D,H_D,4529,5574,0.8116824941766708
Anglosphere ex-US,2014,H_D,H_A,137,5574,0.024726751478229708
Anglosphere ex-US,2014,H_D,P_D,334,5574,0.0600250851101953
Anglosphere ex-US,2014,H_D,P_A,42,5574,0.007704712417129547
Anglosphere ex-US,2014,P_A,D,0,6503,0.00015360983102918587
Anglosphere ex-US,2014,P_A,A,0,6503,0.00015360983102918587
Anglosphere ex-US,2014,P_A,H_D,0,6503,0.00015360983102918587
Anglosphere ex-US,2014,P_A,H_A,0,6503,0.00015360983102918587
Anglosphere ex-US,2014,P_A,P_D,238,6503,0.03671274961597542
Anglosphere ex-US,2014,P_A,P_A,6265,6503,0.9625192012288787
Anglosphere ex-US,2014,P_D,D,0,16094,6.21079436059872e-05
Anglosphere ex-US,2014,P_D,A,0,16094,6.21079436059872e-05
Anglosphere ex-US,2014,P_D,H_D,0,16094,6.21079436059872e-05
Anglosphere ex-US,2014,P_D,H_A,0,16094,6.21079436059872e-05
Anglosphere ex-US,2014,P_D,P_D,14462,16094,0.8982671883733929
Anglosphere ex-US,2014,P_D,P_A,179,16094,0.011179429849077696
Anglosphere ex-US,2015,A,D,26,644,0.041474654377880185
Anglosphere ex-US,2015,A,A,507,644,0.7803379416282642
Anglosphere ex-US,2015,A,H_D,7,644,0.01228878648233487
Anglosphere ex-US,2015,A,H_A,52,644,0.08141321044546851
Anglosphere ex-US,2015,A,P_D,6,644,0.010752688172043012
Anglosphere ex-US,2015,A,P_A,46,644,0.07219662058371736
Anglosphere ex-US,2015,D,D,6900,8481,0.8130301602262017
Anglosphere ex-US,2015,D,A,83,8481,0.009896324222431668
Anglosphere ex-US,2015,D,H_D,413,8481,0.04877474081055608
Anglosphere ex-US,2015,D,H_A,45,8481,0.005419415645617342
Anglosphere ex-US,2015,D,P_D,404,8481,0.04771442035815269
Anglosphere ex-US,2015,D,P_A,30,8481,0.0036522148916116872
Anglosphere ex-US,2015,H_A,D,0,1199,0.0008291873963515755
Anglosphere ex-US,2015,H_A,A,0,1199,0.0008291873963515755
Anglosphere ex-US,2015,H_A,H_D,64,1199,0.0538971807628524
Anglosphere ex-US,2015,H_A,H_A,1014,1199,0.8416252072968491
Anglosphere ex-US,2015,H_A,P_D,12,1199,0.01077943615257048
Anglosphere ex-US,2015,H_A,P_A,109,1199,0.0912106135986733
Anglosphere ex-US,2015,H_D,D,0,5857,0.00017053206002728513
Anglosphere ex-US,2015,H_D,A,0,5857,0.00017053206002728513
Anglosphere ex-US,2015,H_D,H_D,4806,5857,0.8197476125511596
Anglosphere ex-US,2015,H_D,H_A,117,5857,0.020122783083219645
Anglosphere ex-US,2015,H_D,P_D,320,5857,0.054740791268758526
Anglosphere ex-US,2015,H_D,P_A,40,5857,0.00699181446111869
Anglosphere ex-US,2015,P_A,D,0,6746,0.00014808233377758035
Anglosphere ex-US,2015,P_A,A,0,6746,0.00014808233377758035
Anglosphere ex-US,2015,P_A,H_D,0,6746,0.00014808233377758035
Anglosphere ex-US,2015,P_A,H_A,0,6746,0.00014808233377758035
Anglosphere ex-US,2015,P_A,P_D,258,6746,0.03835332444839331
Anglosphere ex-US,2015,P_A,P_A,6488,6746,0.9609062638827188
Anglosphere ex-US,2015,P_D,D,0,16358,6.110601894286588e-05
Anglosphere ex-US,2015,P_D,A,0,16358,6.110601894286588e-05
Anglosphere ex-US,2015,P_D,H_D,0,16358,6.110601894286588e-05
Anglosphere ex-US,2015,P_D,H_A,0,16358,6.110601894286588e-05
Anglosphere ex-US,2015,P_D,P_D,14650,16358,0.8952642835319279
Anglosphere ex-US,2015,P_D,P_A,155,16358,0.009532538955087076
Anglosphere ex-US,2016,A,D,41,640,0.06491499227202473
Anglosphere ex-US,2016,A,A,497,640,0.7697063369397218
Anglosphere ex-US,2016,A,H_D,7,640,0.012364760432766615
Anglosphere ex-US,2016,A,H_A,39,640,0.061823802163833076
Anglosphere ex-US,2016,A,P_D,10,640,0.017001545595054096
Anglosphere ex-US,2016,A,P_A,46,640,0.07264296754250386
Anglosphere ex-US,2016,D,D,6846,8393,0.8151190476190476
Anglosphere ex-US,2016,D,A,96,8393,0.011547619047619048
Anglosphere ex-US,2016,D,H_D,355,8393,0.04238095238095238
Anglosphere ex-US,2016,D,H_A,46,8393,0.005595238095238095
Anglosphere ex-US,2016,D,P_D,408,8393,0.048690476190476194
Anglosphere ex-US,2016,D,P_A,31,8393,0.0038095238095238095
Anglosphere ex-US,2016,H_A,D,0,1300,0.0007651109410864575
Anglosphere ex-US,2016,H_A,A,0,1300,0.0007651109410864575
Anglosphere ex-US,2016,H_A,H_D,65,1300,0.0504973221117062
Anglosphere ex-US,2016,H_A,H_A,1102,1300,0.8439173680183627
Anglosphere ex-US,2016,H_A,P_D,20,1300,0.016067329762815608
Anglosphere ex-US,2016,H_A,P_A,113,1300,0.08722264728385616
Anglosphere ex-US,2016,H_D,D,0,6248,0.0001598721023181455
Anglosphere ex-US,2016,H_D,A,0,6248,0.0001598721023181455
Anglosphere ex-US,2016,H_D,H_D,5011,6248,0.8012789768185452
Anglosphere ex-US,2016,H_D,H_A,150,6248,0.024140687450039968
Anglosphere ex-US,2016,H_D,P_D,347,6248,0.055635491606714625
Anglosphere ex-US,2016,H_D,P_A,43,6248,0.007034372501998401
Anglosphere ex-US,2016,P_A,D,0,6911,0.00014455044810638914
Anglosphere ex-US,2016,P_A,A,0,6911,0.00014455044810638914
Anglosphere ex-US,2016,P_A,H_D,0,6911,0.00014455044810638914
Anglosphere ex-US,2016,P_A,H_A,0,6911,0.00014455044810638914
Anglosphere ex-US,2016,P_A,P_D,288,6911,0.041775079502746455
Anglosphere ex-US,2016,P_A,P_A,6623,6911,0.9575021682567216
Anglosphere ex-US,2016,P_D,D,0,16464,6.0712767895088334e-05
Anglosphere ex-US,2016,P_D,A,0,16464,6.0712767895088334e-05
Anglosphere ex-US,2016,P_D,H_D,0,16464,6.0712767895088334e-05
Anglosphere ex-US,2016,P_D,H_A,0,16464,6.0712767895088334e-05
Anglosphere ex-US,2016,P_D,P_D,14718,16464,0.8936312306478053
Anglosphere ex-US,2016,P_D,P_A,145,16464,0.008864064112682897
Anglosphere ex-US,2017,A,D,35,593,0.06
Anglosphere ex-US,2017,A,A,449,593,0.75
Anglosphere ex-US,2017,A,H_D,9,593,0.016666666666666666
Anglosphere ex-US,2017,A,H_A,41,593,0.07
Anglosphere ex-US,2017,A,P_D,12,593,0.021666666666666667
Anglosphere ex-US,2017,A,P_A,47,593,0.08
Anglosphere ex-US,2017,D,D,5595,6887,0.811720336524514
Anglosphere ex-US,2017,D,A,85,6887,0.012474615607774877
Anglosphere ex-US,2017,D,H_D,247,6887,0.03597331012474616
Anglosphere ex-US,2017,D,H_A,32,6887,0.004786771105308964
Anglosphere ex-US,2017,D,P_D,357,6887,0.05192921380910937
Anglosphere ex-US,2017,D,P_A,43,6887,0.006382361473745286
Anglosphere ex-US,2017,H_A,D,0,1337,0.000744047619047619
Anglosphere ex-US,2017,H_A,A,0,1337,0.000744047619047619
Anglosphere ex-US,2017,H_A,H_D,75,1337,0.05654761904761905
Anglosphere ex-US,2017,H_A,H_A,1121,1337,0.8348214285714286
Anglosphere ex-US,2017,H_A,P_D,16,1337,0.012648809523809524
Anglosphere ex-US,2017,H_A,P_A,125,1337,0.09375
Anglosphere ex-US,2017,H_D,D,0,5438,0.00018365472910927456
Anglosphere ex-US,2017,H_D,A,0,5438,0.00018365472910927456
Anglosphere ex-US,2017,H_D,H_D,4330,5438,0.7954086317722682
Anglosphere ex-US,2017,H_D,H_A,144,5438,0.02662993572084481
Anglosphere ex-US,2017,H_D,P_D,336,5438,0.06189164370982553
Anglosphere ex-US,2017,H_D,P_A,25,5438,0.004775022956841139
Anglosphere ex-US,2017,P_A,D,0,7001,0.00014269406392694063
Anglosphere ex-US,2017,P_A,A,0,7001,0.00014269406392694063
Anglosphere ex-US,2017,P_A,H_D,0,7001,0.00014269406392694063
Anglosphere ex-US,2017,P_A,H_A,0,7001,0.00014269406392694063
Anglosphere ex-US,2017,P_A,P_D,341,7001,0.0488013698630137
Anglosphere ex-US,2017,P_A,P_A,6660,7001,0.9504851598173516
Anglosphere ex-US,2017,P_D,D,0,15791,6.3299151791366e-05
Anglosphere ex-US,2017,P_D,A,0,15791,6.3299151791366e-05
Anglosphere ex-US,2017,P_D,H_D,0,15791,6.3299151791366e-05
Anglosphere ex-US,2017,P_D,H_A,0,15791,6.3299151791366e-05
Anglosphere ex-US,2017,P_D,P_D,13960,15791,0.8837194581592607
Anglosphere ex-US,2017,P_D,P_A,162,15791,0.010317761741992656
Anglosphere ex-US,2018,A,D,46,534,0.08687615526802218
Anglosphere ex-US,2018,A,A,420,534,0.7781885397412199
Anglosphere ex-US,2018,A,H_D,3,534,0.0073937153419593345
Anglosphere ex-US,2018,A,H_A,8,534,0.0166358595194085
Anglosphere ex-US,2018,A,P_D,15,534,0.029574861367837338
Anglosphere ex-US,2018,A,P_A,42,534,0.07948243992606285
Anglosphere ex-US,2018,D,D,4484,5630,0.795635976583289
Anglosphere ex-US,2018,D,A,72,5630,0.012950150789427
Anglosphere ex-US,2018,D,H_D,149,5630,0.026609898882384245
Anglosphere ex-US,2018,D,H_A,34,5630,0.0062089764058896576
Anglosphere ex-US,2018,D,P_D,372,5630,0.06616994855419549
Anglosphere ex-US,2018,D,P_A,29,5630,0.005321979776476849
Anglosphere ex-US,2018,H_A,D,0,1338,0.0007434944237918215
Anglosphere ex-US,2018,H_A,A,0,1338,0.0007434944237918215
Anglosphere ex-US,2018,H_A,H_D,113,1338,0.08475836431226766
Anglosphere ex-US,2018,H_A,H_A,1049,1338,0.7806691449814126
Anglosphere ex-US,2018,H_A,P_D,24,1338,0.01858736059479554
Anglosphere ex-US,2018,H_A,P_A,152,1338,0.1137546468401487
Anglosphere ex-US,2018,H_D,D,0,4661,0.00021422450728363326
Anglosphere ex-US,2018,H_D,A,0,4661,0.00021422450728363326
Anglosphere ex-US,2018,H_D,H_D,3623,4661,0.7763496143958869
Anglosphere ex-US,2018,H_D,H_A,123,4661,0.026563838903170524
Anglosphere ex-US,2018,H_D,P_D,326,4661,0.07005141388174807
Anglosphere ex-US,2018,H_D,P_A,32,4661,0.007069408740359897
Anglosphere ex-US,2018,P_A,D,0,7062,0.00014146272457207527
Anglosphere ex-US,2018,P_A,A,0,7062,0.00014146272457207527
Anglosphere ex-US,2018,P_A,H_D,0,7062,0.00014146272457207527
Anglosphere ex-US,2018,P_A,H_A,0,7062,0.00014146272457207527
Anglosphere ex-US,2018,P_A,P_D,419,7062,0.05941434432027161
Anglosphere ex-US,2018,P_A,P_A,6643,7062,0.939878342056868
Anglosphere ex-US,2018,P_D,D,0,15022,6.653802648213454e-05
Anglosphere ex-US,2018,P_D,A,0,15022,6.653802648213454e-05
Anglosphere ex-US,2018,P_D,H_D,0,15022,6.653802648213454e-05
Anglosphere ex-US,2018,P_D,H_A,0,15022,6.653802648213454e-05
Anglosphere ex-US,2018,P_D,P_D,13114,15022,0.8726462173131945
Anglosphere ex-US,2018,P_D,P_A,136,15022,0.009115709628052433
Anglosphere ex-US,2019,A,D,0,492,0.002004008016032064
Anglosphere ex-US,2019,A,A,401,492,0.8056112224448898
Anglosphere ex-US,2019,A,H_D,0,492,0.002004008016032064
Anglosphere ex-US,2019,A,H_A,31,492,0.06412825651302605
Anglosphere ex-US,2019,A,P_D,0,492,0.002004008016032064
Anglosphere ex-US,2019,A,P_A,60,492,0.12224448897795591
Anglosphere ex-US,2019,D,D,3444,4530,0.7593123209169055
Anglosphere ex-US,2019,D,A,68,4530,0.01520828741459114
Anglosphere ex-US,2019,D,H_D,106,4530,0.023583865990742782
Anglosphere ex-US,2019,D,H_A,24,4530,0.00551024906325766
Anglosphere ex-US,2019,D,P_D,345,4530,0.07626184703548601
Anglosphere ex-US,2019,D,P_A,38,4530,0.008595988538681949
Anglosphere ex-US,2019,H_A,D,0,1214,0.000819000819000819
Anglosphere ex-US,2019,H_A,A,0,1214,0.000819000819000819
Anglosphere ex-US,2019,H_A,H_D,0,1214,0.000819000819000819
Anglosphere ex-US,2019,H_A,H_A,1023,1214,0.8386568386568387
Anglosphere ex-US,2019,H_A,P_D,0,1214,0.000819000819000819
Anglosphere ex-US,2019,H_A,P_A,191,1214,0.15724815724815724
Anglosphere ex-US,2019,H_D,D,0,3888,0.00025673940949935817
Anglosphere ex-US,2019,H_D,A,0,3888,0.00025673940949935817
Anglosphere ex-US,2019,H_D,H_D,2901,3888,0.7450577663671374
Anglosphere ex-US,2019,H_D,H_A,105,3888,0.027214377406931965
Anglosphere ex-US,2019,H_D,P_D,299,3888,0.07702182284980745
Anglosphere ex-US,2019,H_D,P_A,27,3888,0.007188703465982028
Anglosphere ex-US,2019,P_A,D,0,7034,0.000142025280499929
Anglosphere ex-US,2019,P_A,A,0,7034,0.000142025280499929
Anglosphere ex-US,2019,P_A,H_D,0,7034,0.000142025280499929
Anglosphere ex-US,2019,P_A,H_A,0,7034,0.000142025280499929
Anglosphere ex-US,2019,P_A,P_D,0,7034,0.000142025280499929
Anglosphere ex-US,2019,P_A,P_A,7034,7034,0.9991478483170004
Anglosphere ex-US,2019,P_D,D,0,14270,7.004272606289837e-05
Anglosphere ex-US,2019,P_D,A,0,14270,7.004272606289837e-05
Anglosphere ex-US,2019,P_D,H_D,0,14270,7.004272606289837e-05
Anglosphere ex-US,2019,P_D,H_A,0,14270,7.004272606289837e-05
Anglosphere ex-US,2019,P_D,P_D,11977,14270,0.8389717727813967
Anglosphere ex-US,2019,P_D,P_A,144,14270,0.010156195279120263
Anglosphere ex-US,2020,A,D,144,469,0.30462184873949577
Anglosphere ex-US,2020,A,A,245,469,0.5168067226890757
Anglosphere ex-US,2020,A,H_D,3,469,0.008403361344537815
Anglosphere ex-US,2020,A,H_A,17,469,0.037815126050420166
Anglosphere ex-US,2020,A,P_D,11,469,0.025210084033613446
Anglosphere ex-US,2020,A,P_A,49,469,0.10504201680672269
Anglosphere ex-US,2020,D,D,2953,3444,0.8559837728194726
Anglosphere ex-US,2020,D,A,43,3444,0.012749927557229788
Anglosphere ex-US,2020,D,H_D,71,3444,0.02086351782092147
Anglosphere ex-US,2020,D,H_A,17,3444,0.005215879455230368
Anglosphere ex-US,2020,D,P_D,331,3444,0.09620399884091568
Anglosphere ex-US,2020,D,P_A,29,3444,0.008693132425383946
Anglosphere ex-US,2020,H_A,D,0,1183,0.0008403361344537816
Anglosphere ex-US,2020,H_A,A,0,1183,0.0008403361344537816
Anglosphere ex-US,2020,H_A,H_D,467,1183,0.39327731092436974
Anglosphere ex-US,2020,H_A,H_A,565,1183,0.4756302521008403
Anglosphere ex-US,2020,H_A,P_D,49,1183,0.04201680672268908
Anglosphere ex-US,2020,H_A,P_A,102,1183,0.0865546218487395
Anglosphere ex-US,2020,H_D,D,0,3007,0.00033178500331785003
Anglosphere ex-US,2020,H_D,A,0,3007,0.00033178500331785003
Anglosphere ex-US,2020,H_D,H_D,2662,3007,0.8835434638354346
Anglosphere ex-US,2020,H_D,H_A,70,3007,0.023556735235567353
Anglosphere ex-US,2020,H_D,P_D,260,3007,0.08659588586595886
Anglosphere ex-US,2020,H_D,P_A,15,3007,0.0053085600530856005
Anglosphere ex-US,2020,P_A,D,0,7494,0.0001333155579256099
Anglosphere ex-US,2020,P_A,A,0,7494,0.0001333155579256099
Anglosphere ex-US,2020,P_A,H_D,0,7494,0.0001333155579256099
Anglosphere ex-US,2020,P_A,H_A,0,7494,0.0001333155579256099
Anglosphere ex-US,2020,P_A,P_D,3469,7494,0.4626049860018664
Anglosphere ex-US,2020,P_A,P_A,4025,7494,0.5367284362085055
Anglosphere ex-US,2020,P_D,D,0,12621,7.918910357934748e-05
Anglosphere ex-US,2020,P_D,A,0,12621,7.918910357934748e-05
Anglosphere ex-US,2020,P_D,H_D,0,12621,7.918910357934748e-05
Anglosphere ex-US,2020,P_D,H_A,0,12621,7.918910357934748e-05
Anglosphere ex-US,2020,P_D,P_D,12538,12621,0.9929521697814381
Anglosphere ex-US,2020,P_D,P_A,83,12621,0.0066518847006651885
Anglosphere ex-US,2021,A,D,3,288,0.013559322033898305
Anglosphere ex-US,2021,A,A,244,288,0.8305084745762712
Anglosphere ex-US,2021,A,H_D,0,288,0.003389830508474576
Anglosphere ex-US,2021,A,H_A,7,288,0.02711864406779661
Anglosphere ex-US,2021,A,P_D,0,288,0.003389830508474576
Anglosphere ex-US,2021,A,P_A,34,288,0.11864406779661017
Anglosphere ex-US,2021,D,D,2728,3097,0.8791881443298969
Anglosphere ex-US,2021,D,A,17,3097,0.005798969072164949
Anglosphere ex-US,2021,D,H_D,55,3097,0.01804123711340206
Anglosphere ex-US,2021,D,H_A,8,3097,0.0028994845360824743
Anglosphere ex-US,2021,D,P_D,283,3097,0.09149484536082474
Anglosphere ex-US,2021,D,P_A,6,3097,0.0022551546391752575
Anglosphere ex-US,2021,H_A,D,0,669,0.0014792899408284023
Anglosphere ex-US,2021,H_A,A,0,669,0.0014792899408284023
Anglosphere ex-US,2021,H_A,H_D,15,669,0.023668639053254437
Anglosphere ex-US,2021,H_A,H_A,572,669,0.8476331360946746
Anglosphere ex-US,2021,H_A,P_D,2,669,0.004437869822485207
Anglosphere ex-US,2021,H_A,P_A,80,669,0.11982248520710059
Anglosphere ex-US,2021,H_D,D,0,3203,0.00031152647975077883
Anglosphere ex-US,2021,H_D,A,0,3203,0.00031152647975077883
Anglosphere ex-US,2021,H_D,H_D,2880,3203,0.8975077881619937
Anglosphere ex-US,2021,H_D,H_A,17,3203,0.005607476635514018
Anglosphere ex-US,2021,H_D,P_D,297,3203,0.09283489096573208
Anglosphere ex-US,2021,H_D,P_A,9,3203,0.003115264797507788
Anglosphere ex-US,2021,P_A,D,0,4303,0.0002320185614849188
Anglosphere ex-US,2021,P_A,A,0,4303,0.0002320185614849188
Anglosphere ex-US,2021,P_A,H_D,0,4303,0.0002320185614849188
Anglosphere ex-US,2021,P_A,H_A,0,4303,0.0002320185614849188
Anglosphere ex-US,2021,P_A,P_D,29,4303,0.0069605568445475635
Anglosphere ex-US,2021,P_A,P_A,4274,4303,0.9918793503480279
Anglosphere ex-US,2021,P_D,D,0,16658,6.000600060006001e-05
Anglosphere ex-US,2021,P_D,A,0,16658,6.000600060006001e-05
Anglosphere ex-US,2021,P_D,H_D,0,16658,6.000600060006001e-05
Anglosphere ex-US,2021,P_D,H_A,0,16658,6.000600060006001e-05
Anglosphere ex-US,2021,P_D,P_D,16614,16658,0.996999699969997
Anglosphere ex-US,2021,P_D,P_A,44,16658,0.0027002700270027003
Anglosphere ex-US,2022,A,D,2,261,0.011194029850746268
Anglosphere ex-US,2022,A,A,223,261,0.835820895522388
Anglosphere ex-US,2022,A,H_D,1,261,0.007462686567164179
Anglosphere ex-US,2022,A,H_A,3,261,0.014925373134328358
Anglosphere ex-US,2022,A,P_D,1,261,0.007462686567164179
Anglosphere ex-US,2022,A,P_A,31,261,0.11940298507462686
Anglosphere ex-US,2022,D,D,2400,2731,0.876917457998539
Anglosphere ex-US,2022,D,A,5,2731,0.002191380569758948
Anglosphere ex-US,2022,D,H_D,36,2731,0.013513513513513514
Anglosphere ex-US,2022,D,H_A,0,2731,0.0003652300949598247
Anglosphere ex-US,2022,D,P_D,288,2731,0.10555149744338933
Anglosphere ex-US,2022,D,P_A,2,2731,0.001095690284879474
Anglosphere ex-US,2022,H_A,D,0,604,0.0016366612111292963
Anglosphere ex-US,2022,H_A,A,0,604,0.0016366612111292963
Anglosphere ex-US,2022,H_A,H_D,12,604,0.02127659574468085
Anglosphere ex-US,2022,H_A,H_A,523,604,0.8576104746317512
Anglosphere ex-US,2022,H_A,P_D,0,604,0.0016366612111292963
Anglosphere ex-US,2022,H_A,P_A,69,604,0.11456628477905073
Anglosphere ex-US,2022,H_D,D,0,2950,0.00033818058843422386
Anglosphere ex-US,2022,H_D,A,0,2950,0.00033818058843422386
Anglosphere ex-US,2022,H_D,H_D,2703,2950,0.9144403111261413
Anglosphere ex-US,2022,H_D,H_A,7,2950,0.002705444707473791
Anglosphere ex-US,2022,H_D,P_D,238,2950,0.0808251606357795
Anglosphere ex-US,2022,H_D,P_A,2,2950,0.0010145417653026716
Anglosphere ex-US,2022,P_A,D,0,4447,0.000224517287831163
Anglosphere ex-US,2022,P_A,A,0,4447,0.000224517287831163
Anglosphere ex-US,2022,P_A,H_D,0,4447,0.000224517287831163
Anglosphere ex-US,2022,P_A,H_A,0,4447,0.000224517287831163
Anglosphere ex-US,2022,P_A,P_D,158,4447,0.035698248765154914
Anglosphere ex-US,2022,P_A,P_A,4289,4447,0.9631791647956892
Anglosphere ex-US,2022,P_D,D,0,17225,5.8031569173630455e-05
Anglosphere ex-US,2022,P_D,A,0,17225,5.8031569173630455e-05
Anglosphere ex-US,2022,P_D,H_D,0,17225,5.8031569173630455e-05
Anglosphere ex-US,2022,P_D,H_A,0,17225,5.8031569173630455e-05
Anglosphere ex-US,2022,P_D,P_D,17176,17225,0.9968082636954503
Anglosphere ex-US,2022,P_D,P_A,49,17225,0.0029015784586815226
Anglosphere ex-US,2023,A,D,0,228,0.00425531914893617
Anglosphere ex-US,2023,A,A,0,228,0.00425531914893617
Anglosphere ex-US,2023,A,H_D,0,228,0.00425531914893617
Anglosphere ex-US,2023,A,H_A,0,228,0.00425531914893617
Anglosphere ex-US,2023,A,P_D,0,228,0.00425531914893617
Anglosphere ex-US,2023,A,P_A,0,228,0.00425531914893617
Anglosphere ex-US,2023,D,D,0,2402,0.00041511000415110004
Anglosphere ex-US,2023,D,A,0,2402,0.00041511000415110004
Anglosphere ex-US,2023,D,H_D,0,2402,0.00041511000415110004
Anglosphere ex-US,2023,D,H_A,0,2402,0.00041511000415110004
Anglosphere ex-US,2023,D,P_D,0,2402,0.00041511000415110004
Anglosphere ex-US,2023,D,P_A,0,2402,0.00041511000415110004
Anglosphere ex-US,2023,H_A,D,0,533,0.001851851851851852
Anglosphere ex-US,2023,H_A,A,0,533,0.001851851851851852
Anglosphere ex-US,2023,H_A,H_D,0,533,0.001851851851851852
Anglosphere ex-US,2023,H_A,H_A,0,533,0.001851851851851852
Anglosphere ex-US,2023,H_A,P_D,0,533,0.001851851851851852
Anglosphere ex-US,2023,H_A,P_A,0,533,0.001851851851851852
Anglosphere ex-US,2023,H_D,D,0,2752,0.0003624501631025734
Anglosphere ex-US,2023,H_D,A,0,2752,0.0003624501631025734
Anglosphere ex-US,2023,H_D,H_D,0,2752,0.0003624501631025734
Anglosphere ex-US,2023,H_D,H_A,0,2752,0.0003624501631025734
Anglosphere ex-US,2023,H_D,P_D,0,2752,0.0003624501631025734
Anglosphere ex-US,2023,H_D,P_A,0,2752,0.0003624501631025734
Anglosphere ex-US,2023,P_A,D,0,4442,0.0002247696111485727
Anglosphere ex-US,2023,P_A,A,0,4442,0.0002247696111485727
Anglosphere ex-US,2023,P_A,H_D,0,4442,0.0002247696111485727
Anglosphere ex-US,2023,P_A,H_A,0,4442,0.0002247696111485727
Anglosphere ex-US,2023,P_A,P_D,0,4442,0.0002247696111485727
Anglosphere ex-US,2023,P_A,P_A,0,4442,0.0002247696111485727
Anglosphere ex-US,2023,P_D,D,0,17861,5.596597268860533e-05
Anglosphere ex-US,2023,P_D,A,0,17861,5.596597268860533e-05
Anglosphere ex-US,2023,P_D,H_D,0,17861,5.596597268860533e-05
Anglosphere ex-US,2023,P_D,H_A,0,17861,5.596597268860533e-05
Anglosphere ex-US,2023,P_D,P_D,0,17861,5.596597268860533e-05
Anglosphere ex-US,2023,P_D,P_A,0,17861,5.596597268860533e-05
Continental Europe,2000,A,D,4,162,0.029585798816568046
Continental Europe,2000,A,A,107,162,0.6390532544378699
Continental Europe,2000,A,H_D,1,162,0.011834319526627219
Continental Europe,2000,A,H_A,20,162,0.1242603550295858
Continental Europe,2000,A,P_D,2,162,0.01775147928994083
Continental Europe,2000,A,P_A,28,162,0.17159763313609466
Continental Europe,2000,D,D,3581,4614,0.7751568924475222
Continental Europe,2000,D,A,36,4614,0.008006924908028566
Continental Europe,2000,D,H_D,286,4614,0.06210776888119455
Continental Europe,2000,D,H_A,20,4614,0.004544470893745943
Continental Europe,2000,D,P_D,549,4614,0.11902185674096516
Continental Europe,2000,D,P_A,41,4614,0.009088941787491886
Continental Europe,2000,H_A,D,0,118,0.008
Continental Europe,2000,H_A,A,0,118,0.008
Continental Europe,2000,H_A,H_D,3,118,0.032
Continental Europe,2000,H_A,H_A,91,118,0.736
Continental Europe,2000,H_A,P_D,1,118,0.016
Continental Europe,2000,H_A,P_A,23,118,0.192
Continental Europe,2000,H_D,D,0,2006,0.0004967709885742673
Continental Europe,2000,H_D,A,0,2006,0.0004967709885742673
Continental Europe,2000,H_D,H_D,1569,2006,0.7799304520615996
Continental Europe,2000,H_D,H_A,35,2006,0.01788375558867362
Continental Europe,2000,H_D,P_D,323,2006,0.16095380029806258
Continental Europe,2000,H_D,P_A,25,2006,0.012916045702930949
Continental Europe,2000,P_A,D,0,365,0.002688172043010753
Continental Europe,2000,P_A,A,0,365,0.002688172043010753
Continental Europe,2000,P_A,H_D,0,365,0.002688172043010753
Continental Europe,2000,P_A,H_A,0,365,0.002688172043010753
Continental Europe,2000,P_A,P_D,3,365,0.010752688172043012
Continental Europe,2000,P_A,P_A,362,365,0.9758064516129032
Continental Europe,2000,P_D,D,0,5949,0.000167897918065816
Continental Europe,2000,P_D,A,0,5949,0.000167897918065816
Continental Europe,2000,P_D,H_D,0,5949,0.000167897918065816
Continental Europe,2000,P_D,H_A,0,5949,0.000167897918065816
Continental Europe,2000,P_D,P_D,5613,5949,0.9425789120214909
Continental Europe,2000,P_D,P_A,182,5949,0.030725319006044326
Continental Europe,2001,A,D,6,230,0.029535864978902954
Continental Europe,2001,A,A,150,230,0.6371308016877637
Continental Europe,2001,A,H_D,0,230,0.004219409282700422
Continental Europe,2001,A,H_A,19,230,0.08438818565400844
Continental Europe,2001,A,P_D,4,230,0.02109704641350211
Continental Europe,2001,A,P_A,51,230,0.21940928270042195
Continental Europe,2001,D,D,5344,7110,0.7510186876492905
Continental Europe,2001,D,A,85,7110,0.012083743150203738
Continental Europe,2001,D,H_D,411,7110,0.05788956020795279
Continental Europe,2001,D,H_A,34,7110,0.004917802444850359
Continental Europe,2001,D,P_D,999,7110,0.1405086412814388
Continental Europe,2001,D,P_A,66,7110,0.0094140789658564
Continental Europe,2001,H_A,D,0,217,0.004464285714285714
Continental Europe,2001,H_A,A,0,217,0.004464285714285714
Continental Europe,2001,H_A,H_D,6,217,0.03125
Continental Europe,2001,H_A,H_A,157,217,0.7053571428571429
Continental Europe,2001,H_A,P_D,2,217,0.013392857142857142
Continental Europe,2001,H_A,P_A,52,217,0.23660714285714285
Continental Europe,2001,H_D,D,0,3105,0.00032133676092544985
Continental Europe,2001,H_D,A,0,3105,0.00032133676092544985
Continental Europe,2001,H_D,H_D,2299,3105,0.7390745501285347
Continental Europe,2001,H_D,H_A,66,3105,0.021529562982005142
Continental Europe,2001,H_D,P_D,569,3105,0.18316195372750643
Continental Europe,2001,H_D,P_A,58,3105,0.018958868894601542
Continental Europe,2001,P_A,D,0,817,0.0012135922330097086
Continental Europe,2001,P_A,A,0,817,0.0012135922330097086
Continental Europe,2001,P_A,H_D,0,817,0.0012135922330097086
Continental Europe,2001,P_A,H_A,0,817,0.0012135922330097086
Continental Europe,2001,P_A,P_D,13,817,0.01699029126213592
Continental Europe,2001,P_A,P_A,804,817,0.9769417475728155
Continental Europe,2001,P_D,D,0,10172,9.824147755182238e-05
Continental Europe,2001,P_D,A,0,10172,9.824147755182238e-05
Continental Europe,2001,P_D,H_D,0,10172,9.824147755182238e-05
Continental Europe,2001,P_D,H_A,0,10172,9.824147755182238e-05
Continental Europe,2001,P_D,P_D,9473,10172,0.9307397583259652
Continental Europe,2001,P_D,P_A,428,10172,0.0421455938697318
Continental Europe,2002,A,D,13,364,0.03773584905660377
Continental Europe,2002,A,A,268,364,0.7250673854447439
Continental Europe,2002,A,H_D,4,364,0.013477088948787063
Continental Europe,2002,A,H_A,34,364,0.09433962264150944
Continental Europe,2002,A,P_D,6,364,0.018867924528301886
Continental Europe,2002,A,P_A,39,364,0.1078167115902965
Continental Europe,2002,D,D,8357,10619,0.7865612648221344
Continental Europe,2002,D,A,75,10619,0.007152268021833239
Continental Europe,2002,D,H_D,513,10619,0.04837191793713533
Continental Europe,2002,D,H_A,23,10619,0.002258610954263128
Continental Europe,2002,D,P_D,951,10619,0.08959156785243742
Continental Europe,2002,D,P_A,52,10619,0.004987765857331075
Continental Europe,2002,H_A,D,0,337,0.0029069767441860465
Continental Europe,2002,H_A,A,0,337,0.0029069767441860465
Continental Europe,2002,H_A,H_D,9,337,0.029069767441860465
Continental Europe,2002,H_A,H_A,273,337,0.7965116279069767
Continental Europe,2002,H_A,P_D,0,337,0.0029069767441860465
Continental Europe,2002,H_A,P_A,55,337,0.16279069767441862
Continental Europe,2002,H_D,D,0,4085,0.00024437927663734115
Continental Europe,2002,H_D,A,0,4085,0.00024437927663734115
Continental Europe,2002,H_D,H_D,3210,4085,0.7847018572825024
Continental Europe,2002,H_D,H_A,71,4085,0.017595307917888565
Continental Europe,2002,H_D,P_D,505,4085,0.12365591397849462
Continental Europe,2002,H_D,P_A,39,4085,0.009775171065493646
Continental Europe,2002,P_A,D,0,1671,0.0005959475566150178
Continental Europe,2002,P_A,A,0,1671,0.0005959475566150178
Continental Europe,2002,P_A,H_D,0,1671,0.0005959475566150178
Continental Europe,2002,P_A,H_A,0,1671,0.0005959475566150178
Continental Europe,2002,P_A,P_D,44,1671,0.026817640047675805
Continental Europe,2002,P_A,P_A,1627,1671,0.9702026221692491
Continental Europe,2002,P_D,D,0,16096,6.210022977085015e-05
Continental Europe,2002,P_D,A,0,16096,6.210022977085015e-05
Continental Europe,2002,P_D,H_D,0,16096,6.210022977085015e-05
Continental Europe,2002,P_D,H_A,0,16096,6.210022977085015e-05
Continental Europe,2002,P_D,P_D,14660,16096,0.910451468670434
Continental Europe,2002,P_D,P_A,431,16096,0.026827299261007267
Continental Europe,2003,A,D,12,431,0.02968036529680365
Continental Europe,2003,A,A,342,431,0.7831050228310502
Continental Europe,2003,A,H_D,0,431,0.00228310502283105
Continental Europe,2003,A,H_A,29,431,0.0684931506849315
Continental Europe,2003,A,P_D,4,431,0.01141552511415525
Continental Europe,2003,A,P_A,44,431,0.10273972602739725
Continental Europe,2003,D,D,10018,12257,0.8169439008480104
Continental Europe,2003,D,A,92,12257,0.007583170254403131
Continental Europe,2003,D,H_D,591,12257,0.04827136333985649
Continental Europe,2003,D,H_A,25,12257,0.0021200260926288322
Continental Europe,2003,D,P_D,947,12257,0.07729941291585127
Continental Europe,2003,D,P_A,53,12257,0.004403131115459882
Continental Europe,2003,H_A,D,0,451,0.002183406113537118
Continental Europe,2003,H_A,A,0,451,0.002183406113537118
Continental Europe,2003,H_A,H_D,19,451,0.043668122270742356
Continental Europe,2003,H_A,H_A,360,451,0.7882096069868996
Continental Europe,2003,H_A,P_D,2,451,0.006550218340611353
Continental Europe,2003,H_A,P_A,70,451,0.15502183406113537
Continental Europe,2003,H_D,D,0,4943,0.00020202020202020202
Continental Europe,2003,H_D,A,0,4943,0.00020202020202020202
Continental Europe,2003,H_D,H_D,3978,4943,0.8038383838383838
Continental Europe,2003,H_D,H_A,84,4943,0.01717171717171717
Continental Europe,2003,H_D,P_D,528,4943,0.10686868686868686
Continental Europe,2003,H_D,P_A,43,4943,0.008888888888888889
Continental Europe,2003,P_A,D,0,2335,0.0004269854824935952
Continental Europe,2003,P_A,A,0,2335,0.0004269854824935952
Continental Europe,2003,P_A,H_D,0,2335,0.0004269854824935952
Continental Europe,2003,P_A,H_A,0,2335,0.0004269854824935952
Continental Europe,2003,P_A,P_D,38,2335,0.016652433817250213
Continental Europe,2003,P_A,P_A,2297,2335,0.9812126387702819
Continental Europe,2003,P_D,D,0,19376,5.159160088737554e-05
Continental Europe,2003,P_D,A,0,19376,5.159160088737554e-05
Continental Europe,2003,P_D,H_D,0,19376,5.159160088737554e-05
Continental Europe,2003,P_D,H_A,0,19376,5.159160088737554e-05
Continental Europe,2003,P_D,P_D,17900,19376,0.9235412474849095
Continental Europe,2003,P_D,P_A,412,19376,0.021307331166486095
Continental Europe,2004,A,D,16,516,0.032504780114722756
Continental Europe,2004,A,A,397,516,0.7609942638623327
Continental Europe,2004,A,H_D,5,516,0.011472275334608031
Continental Europe,2004,A,H_A,38,516,0.0745697896749522
Continental Europe,2004,A,P_D,8,516,0.017208413001912046
Continental Europe,2004,A,P_A,52,516,0.10133843212237094
Continental Europe,2004,D,D,11374,13778,0.8251722887196228
Continental Europe,2004,D,A,101,13778,0.007399347116430903
Continental Europe,2004,D,H_D,654,13778,0.047515415306492566
Continental Europe,2004,D,H_A,58,13778,0.004280014508523757
Continental Europe,2004,D,P_D,1017,13778,0.07384838592673196
Continental Europe,2004,D,P_A,60,13778,0.004425099746100834
Continental Europe,2004,H_A,D,0,546,0.0018083182640144665
Continental Europe,2004,H_A,A,0,546,0.0018083182640144665
Continental Europe,2004,H_A,H_D,9,546,0.018083182640144666
Continental Europe,2004,H_A,H_A,432,546,0.783001808318264
Continental Europe,2004,H_A,P_D,4,546,0.009041591320072333
Continental Europe,2004,H_A,P_A,101,546,0.1844484629294756
Continental Europe,2004,H_D,D,0,5855,0.000170590242238144
Continental Europe,2004,H_D,A,0,5855,0.000170590242238144
Continental Europe,2004,H_D,H_D,4741,5855,0.8089389286932788
Continental Europe,2004,H_D,H_A,80,5855,0.013817809621289662
Continental Europe,2004,H_D,P_D,635,5855,0.10849539406345957
Continental Europe,2004,H_D,P_A,61,5855,0.010576595018764927
Continental Europe,2004,P_A,D,0,2989,0.0003337783711615487
Continental Europe,2004,P_A,A,0,2989,0.0003337783711615487
Continental Europe,2004,P_A,H_D,0,2989,0.0003337783711615487
Continental Europe,2004,P_A,H_A,0,2989,0.0003337783711615487
Continental Europe,2004,P_A,P_D,85,2989,0.02870493991989319
Continental Europe,2004,P_A,P_A,2904,2989,0.969626168224299
Continental Europe,2004,P_D,D,0,22413,4.4603033006244425e-05
Continental Europe,2004,P_D,A,0,22413,4.4603033006244425e-05
Continental Europe,2004,P_D,H_D,0,22413,4.4603033006244425e-05
Continental Europe,2004,P_D,H_A,0,22413,4.4603033006244425e-05
Continental Europe,2004,P_D,P_D,20893,22413,0.931935771632471
Continental Europe,2004,P_D,P_A,557,22413,0.02488849241748439
Continental Europe,2005,A,D,20,600,0.03459637561779242
Continental Europe,2005,A,A,454,600,0.7495881383855024
Continental Europe,2005,A,H_D,5,600,0.009884678747940691
Continental Europe,2005,A,H_A,48,600,0.08072487644151564
Continental Europe,2005,A,P_D,8,600,0.014827018121911038
Continental Europe,2005,A,P_A,65,600,0.10873146622734761
Continental Europe,2005,D,D,12389,15264,0.8113417588893982
Continental Europe,2005,D,A,108,15264,0.007137712003143212
Continental Europe,2005,D,H_D,752,15264,0.04930914805841137
Continental Europe,2005,D,H_A,52,15264,0.0034706306070329384
Continental Europe,2005,D,P_D,1160,15264,0.07602645537292908
Continental Europe,2005,D,P_A,88,15264,0.0058280400759609715
Continental Europe,2005,H_A,D,0,668,0.0014814814814814814
Continental Europe,2005,H_A,A,0,668,0.0014814814814814814
Continental Europe,2005,H_A,H_D,19,668,0.02962962962962963
Continental Europe,2005,H_A,H_A,535,668,0.794074074074074
Continental Europe,2005,H_A,P_D,7,668,0.011851851851851851
Continental Europe,2005,H_A,P_A,107,668,0.16
Continental Europe,2005,H_D,D,0,6850,0.00014583637159107482
Continental Europe,2005,H_D,A,0,6850,0.00014583637159107482
Continental Europe,2005,H_D,H_D,5530,6850,0.8066209712702348
Continental Europe,2005,H_D,H_A,126,6850,0.0185212191920665
Continental Europe,2005,H_D,P_D,703,6850,0.10266880560011667
Continental Europe,2005,H_D,P_A,71,6850,0.010500218754557387
Continental Europe,2005,P_A,D,0,3849,0.00025933609958506224
Continental Europe,2005,P_A,A,0,3849,0.00025933609958506224
Continental Europe,2005,P_A,H_D,0,3849,0.00025933609958506224
Continental Europe,2005,P_A,H_A,0,3849,0.00025933609958506224
Continental Europe,2005,P_A,P_D,94,3849,0.024636929460580912
Continental Europe,2005,P_A,P_A,3755,3849,0.9740663900414938
Continental Europe,2005,P_D,D,0,25788,3.876720294630743e-05
Continental Europe,2005,P_D,A,0,25788,3.876720294630743e-05
Continental Europe,2005,P_D,H_D,0,25788,3.876720294630743e-05
Continental Europe,2005,P_D,H_A,0,25788,3.876720294630743e-05
Continental Europe,2005,P_D,P_D,23597,25788,0.9148284551269625
Continental Europe,2005,P_D,P_A,652,25788,0.02531498352393875
Continental Europe,2006,A,D,17,708,0.025174825174825177
Continental Europe,2006,A,A,555,708,0.7776223776223776
Continental Europe,2006,A,H_D,10,708,0.015384615384615385
Continental Europe,2006,A,H_A,53,708,0.07552447552447553
Continental Europe,2006,A,P_D,8,708,0.012587412587412588
Continental Europe,2006,A,P_A,65,708,0.09230769230769231
Continental Europe,2006,D,D,13894,16967,0.8186049251796865
Continental Europe,2006,D,A,135,16967,0.008012254035583834
Continental Europe,2006,D,H_D,844,16967,0.04978201955932603
Continental Europe,2006,D,H_A,54,16967,0.003240249793802286
Continental Europe,2006,D,P_D,1130,16967,0.06663131848709791
Continental Europe,2006,D,P_A,70,16967,0.004182867915635678
Continental Europe,2006,H_A,D,0,846,0.0011723329425556857
Continental Europe,2006,H_A,A,0,846,0.0011723329425556857
Continental Europe,2006,H_A,H_D,34,846,0.041031652989449004
Continental Europe,2006,H_A,H_A,664,846,0.779601406799531
Continental Europe,2006,H_A,P_D,10,846,0.012895662368112544
Continental Europe,2006,H_A,P_A,138,846,0.16295427901524032
Continental Europe,2006,H_D,D,0,7835,0.00012751849018107625
Continental Europe,2006,H_D,A,0,7835,0.00012751849018107625
Continental Europe,2006,H_D,H_D,6441,7835,0.8214741137464933
Continental Europe,2006,H_D,H_A,126,7835,0.016194848252996684
Continental Europe,2006,H_D,P_D,687,7835,0.08773272124458047
Continental Europe,2006,H_D,P_A,42,7835,0.005483295077786279
Continental Europe,2006,P_A,D,0,4862,0.00020538098172109262
Continental Europe,2006,P_A,A,0,4862,0.00020538098172109262
Continental Europe,2006,P_A,H_D,0,4862,0.00020538098172109262
Continental Europe,2006,P_A,H_A,0,4862,0.00020538098172109262
Continental Europe,2006,P_A,P_D,137,4862,0.028342575477510783
Continental Europe,2006,P_A,P_A,4725,4862,0.9706305196138838
Continental Europe,2006,P_D,D,0,28782,3.4735489249366076e-05
Continental Europe,2006,P_D,A,0,28782,3.4735489249366076e-05
Continental Europe,2006,P_D,H_D,0,28782,3.4735489249366076e-05
Continental Europe,2006,P_D,H_A,0,28782,3.4735489249366076e-05
Continental Europe,2006,P_D,P_D,26629,28782,0.9250060787106187
Continental Europe,2006,P_D,P_A,490,28782,0.017055125221438743
Continental Europe,2007,A,D,25,799,0.03225806451612903
Continental Europe,2007,A,A,618,799,0.7679900744416873
Continental Europe,2007,A,H_D,14,799,0.018610421836228287
Continental Europe,2007,A,H_A,62,799,0.07816377171215881
Continental Europe,2007,A,P_D,10,799,0.013647642679900745
Continental Europe,2007,A,P_A,70,799,0.0880893300248139
Continental Europe,2007,D,D,14742,18136,0.8125999007881828
Continental Europe,2007,D,A,113,18136,0.0062834150912197545
Continental Europe,2007,D,H_D,1056,18136,0.05825938378437965
Continental Europe,2007,D,H_A,70,18136,0.003913355012952654
Continental Europe,2007,D,P_D,1259,18136,0.06944827206084991
Continental Europe,2007,D,P_A,82,18136,0.004574767127817891
Continental Europe,2007,H_A,D,0,961,0.0010330578512396695
Continental Europe,2007,H_A,A,0,961,0.0010330578512396695
Continental Europe,2007,H_A,H_D,38,961,0.040289256198347105
Continental Europe,2007,H_A,H_A,790,961,0.8171487603305785
Continental Europe,2007,H_A,P_D,10,961,0.011363636363636364
Continental Europe,2007,H_A,P_A,123,961,0.128099173553719
Continental Europe,2007,H_D,D,0,8920,0.0001120197154699227
Continental Europe,2007,H_D,A,0,8920,0.0001120197154699227
Continental Europe,2007,H_D,H_D,7327,8920,0.8208804749635936
Continental Europe,2007,H_D,H_A,140,8920,0.015794779881259102
Continental Europe,2007,H_D,P_D,774,8920,0.0868152794891901
Continental Europe,2007,H_D,P_A,47,8920,0.00537694634255629
Continental Europe,2007,P_A,D,0,5613,0.00017793594306049823
Continental Europe,2007,P_A,A,0,5613,0.00017793594306049823
Continental Europe,2007,P_A,H_D,0,5613,0.00017793594306049823
Continental Europe,2007,P_A,H_A,0,5613,0.00017793594306049823
Continental Europe,2007,P_A,P_D,154,5613,0.027580071174377226
Continental Europe,2007,P_A,P_A,5459,5613,0.9715302491103203
Continental Europe,2007,P_D,D,0,31628,3.16105579263474e-05
Continental Europe,2007,P_D,A,0,31628,3.16105579263474e-05
Continental Europe,2007,P_D,H_D,0,31628,3.16105579263474e-05
Continental Europe,2007,P_D,H_A,0,31628,3.16105579263474e-05
Continental Europe,2007,P_D,P_D,29255,31628,0.9247984826932195
Continental Europe,2007,P_D,P_A,478,31628,0.015141457246720405
Continental Europe,2008,A,D,33,874,0.03859250851305335
Continental Europe,2008,A,A,697,874,0.7922814982973894
Continental Europe,2008,A,H_D,4,874,0.0056753688989784334
Continental Europe,2008,A,H_A,56,874,0.06469920544835414
Continental Europe,2008,A,P_D,13,874,0.015891032917139614
Continental Europe,2008,A,P_A,71,874,0.08172531214528944
Continental Europe,2008,D,D,16034,19442,0.8244639827240475
Continental Europe,2008,D,A,126,19442,0.006529898709445215
Continental Europe,2008,D,H_D,928,19442,0.0477659519769654
Continental Europe,2008,D,H_A,49,19442,0.0025708262635611087
Continental Europe,2008,D,P_D,1340,19442,0.06894956038870893
Continental Europe,2008,D,P_A,66,19442,0.0034449071931718853
Continental Europe,2008,H_A,D,0,1154,0.0008613264427217916
Continental Europe,2008,H_A,A,0,1154,0.0008613264427217916
Continental Europe,2008,H_A,H_D,50,1154,0.04392764857881137
Continental Europe,2008,H_A,H_A,958,1154,0.8260120585701981
Continental Europe,2008,H_A,P_D,3,1154,0.0034453057708871662
Continental Europe,2008,H_A,P_A,143,1154,0.12403100775193798
Continental Europe,2008,H_D,D,0,10262,9.738046547862498e-05
Continental Europe,2008,H_D,A,0,10262,9.738046547862498e-05
Continental Europe,2008,H_D,H_D,8445,10262,0.8224754114324666
Continental Europe,2008,H_D,H_A,123,10262,0.012075177719349498
Continental Europe,2008,H_D,P_D,863,10262,0.08413672217353199
Continental Europe,2008,H_D,P_A,63,10262,0.006232349790631999
Continental Europe,2008,P_A,D,0,6376,0.00015666614444618518
Continental Europe,2008,P_A,A,0,6376,0.00015666614444618518
Continental Europe,2008,P_A,H_D,0,6376,0.00015666614444618518
Continental Europe,2008,P_A,H_A,0,6376,0.00015666614444618518
Continental Europe,2008,P_A,P_D,171,6376,0.02694657684474385
Continental Europe,2008,P_A,P_A,6205,6376,0.9722700924330252
Continental Europe,2008,P_D,D,0,34546,2.894104708708361e-05
Continental Europe,2008,P_D,A,0,34546,2.894104708708361e-05
Continental Europe,2008,P_D,H_D,0,34546,2.894104708708361e-05
Continental Europe,2008,P_D,H_A,0,34546,2.894104708708361e-05
Continental Europe,2008,P_D,P_D,32134,34546,0.9300205481434318
Continental Europe,2008,P_D,P_A,419,34546,0.012155239776575117
Continental Europe,2009,A,D,37,941,0.04008438818565401
Continental Europe,2009,A,A,730,941,0.7710970464135021
Continental Europe,2009,A,H_D,6,941,0.007383966244725738
Continental Europe,2009,A,H_A,70,941,0.07489451476793249
Continental Europe,2009,A,P_D,20,941,0.022151898734177215
Continental Europe,2009,A,P_A,78,941,0.08333333333333333
Continental Europe,2009,D,D,17074,20779,0.8214663715962667
Continental Europe,2009,D,A,137,20779,0.006639083998845377
Continental Europe,2009,D,H_D,1023,20779,0.04926392764360627
Continental Europe,2009,D,H_A,60,20779,0.0029346675647070144
Continental Europe,2009,D,P_D,1320,20779,0.06355239103242567
Continental Europe,2009,D,P_A,66,20779,0.00322332339074377
Continental Europe,2009,H_A,D,0,1260,0.0007892659826361484
Continental Europe,2009,H_A,A,0,1260,0.0007892659826361484
Continental Europe,2009,H_A,H_D,46,1260,0.037095501183898975
Continental Europe,2009,H_A,H_A,1031,1260,0.8145224940805051
Continental Europe,2009,H_A,P_D,9,1260,0.007892659826361484
Continental Europe,2009,H_A,P_A,174,1260,0.13812154696132597
Continental Europe,2009,H_D,D,0,11206,8.918219923303308e-05
Continental Europe,2009,H_D,A,0,11206,8.918219923303308e-05
Continental Europe,2009,H_D,H_D,9266,11206,0.8264514402925176
Continental Europe,2009,H_D,H_A,155,11206,0.013912423080353162
Continental Europe,2009,H_D,P_D,879,11206,0.07848033532506912
Continental Europe,2009,H_D,P_A,51,11206,0.00463747436011772
Continental Europe,2009,P_A,D,0,7056,0.00014158289678606824
Continental Europe,2009,P_A,A,0,7056,0.00014158289678606824
Continental Europe,2009,P_A,H_D,0,7056,0.00014158289678606824
Continental Europe,2009,P_A,H_A,0,7056,0.00014158289678606824
Continental Europe,2009,P_A,P_D,197,7056,0.028033413563641512
Continental Europe,2009,P_A,P_A,6859,7056,0.9712586719524281
Continental Europe,2009,P_D,D,0,37474,2.6680184626877617e-05
Continental Europe,2009,P_D,A,0,37474,2.6680184626877617e-05
Continental Europe,2009,P_D,H_D,0,37474,2.6680184626877617e-05
Continental Europe,2009,P_D,H_A,0,37474,2.6680184626877617e-05
Continental Europe,2009,P_D,P_D,34845,37474,0.9296977135081774
Continental Europe,2009,P_D,P_A,409,37474,0.010938875697019823
Continental Europe,2010,A,D,37,999,0.03777335984095427
Continental Europe,2010,A,A,803,999,0.7992047713717694
Continental Europe,2010,A,H_D,8,999,0.008946322067594433
Continental Europe,2010,A,H_A,71,999,0.07157057654075547
Continental Europe,2010,A,P_D,15,999,0.015904572564612324
Continental Europe,2010,A,P_A,65,999,0.06560636182902585
Continental Europe,2010,D,D,18152,21967,0.8261126786201874
Continental Europe,2010,D,A,126,21967,0.005779557659051606
Continental Europe,2010,D,H_D,1124,21967,0.051196869027031945
Continental Europe,2010,D,H_A,49,21967,0.00227541640120142
Continental Europe,2010,D,P_D,1296,21967,0.059024301447164834
Continental Europe,2010,D,P_A,56,21967,0.002593974697369619
Continental Europe,2010,H_A,D,0,1383,0.0007194244604316547
Continental Europe,2010,H_A,A,0,1383,0.0007194244604316547
Continental Europe,2010,H_A,H_D,56,1383,0.04100719424460432
Continental Europe,2010,H_A,H_A,1156,1383,0.8323741007194244
Continental Europe,2010,H_A,P_D,12,1383,0.00935251798561151
Continental Europe,2010,H_A,P_A,159,1383,0.11510791366906475
Continental Europe,2010,H_D,D,0,12317,8.114248620577734e-05
Continental Europe,2010,H_D,A,0,12317,8.114248620577734e-05
Continental Europe,2010,H_D,H_D,10316,12317,0.8371470301850049
Continental Europe,2010,H_D,H_A,141,12317,0.011522233041220383
Continental Europe,2010,H_D,P_D,910,12317,0.07392080493346316
Continental Europe,2010,H_D,P_A,52,12317,0.0043005517689062
Continental Europe,2010,P_A,D,0,7729,0.00012926577042399174
Continental Europe,2010,P_A,A,0,7729,0.00012926577042399174
Continental Europe,2010,P_A,H_D,0,7729,0.00012926577042399174
Continental Europe,2010,P_A,H_A,0,7729,0.00012926577042399174
Continental Europe,2010,P_A,P_D,245,7729,0.031799379524301966
Continental Europe,2010,P_A,P_A,7484,7729,0.9675542916235781
Continental Europe,2010,P_D,D,0,40352,2.477762085284571e-05
Continental Europe,2010,P_D,A,0,40352,2.477762085284571e-05
Continental Europe,2010,P_D,H_D,0,40352,2.477762085284571e-05
Continental Europe,2010,P_D,H_A,0,40352,2.477762085284571e-05
Continental Europe,2010,P_D,P_D,37473,40352,0.9285165638395402
Continental Europe,2010,P_D,P_A,343,40352,0.008523501573378924
Continental Europe,2011,A,D,43,1078,0.04055299539170507
Continental Europe,2011,A,A,858,1078,0.791705069124424
Continental Europe,2011,A,H_D,5,1078,0.005529953917050691
Continental Europe,2011,A,H_A,65,1078,0.060829493087557605
Continental Europe,2011,A,P_D,21,1078,0.020276497695852536
Continental Europe,2011,A,P_A,86,1078,0.08018433179723503
Continental Europe,2011,D,D,19017,22992,0.8269055176312013
Continental Europe,2011,D,A,132,22992,0.0057828601243532325
Continental Europe,2011,D,H_D,1113,22992,0.04843688856037219
Continental Europe,2011,D,H_A,67,22992,0.0029566502891430063
Continental Europe,2011,D,P_D,1343,22992,0.0584373233618853
Continental Europe,2011,D,P_A,65,22992,0.002869689986521153
Continental Europe,2011,H_A,D,0,1491,0.0006675567423230974
Continental Europe,2011,H_A,A,0,1491,0.0006675567423230974
Continental Europe,2011,H_A,H_D,63,1491,0.042723631508678236
Continental Europe,2011,H_A,H_A,1259,1491,0.8411214953271028
Continental Europe,2011,H_A,P_D,16,1491,0.011348464619492658
Continental Europe,2011,H_A,P_A,153,1491,0.102803738317757
Continental Europe,2011,H_D,D,0,13507,7.399733609590054e-05
Continental Europe,2011,H_D,A,0,13507,7.399733609590054e-05
Continental Europe,2011,H_D,H_D,11151,13507,0.8252182921414829
Continental Europe,2011,H_D,H_A,190,13507,0.014133491194317005
Continental Europe,2011,H_D,P_D,986,13507,0.07303537072665384
Continental Europe,2011,H_D,P_A,57,13507,0.004291845493562232
Continental Europe,2011,P_A,D,0,8251,0.0001210946960523129
Continental Europe,2011,P_A,A,0,8251,0.0001210946960523129
Continental Europe,2011,P_A,H_D,0,8251,0.0001210946960523129
Continental Europe,2011,P_A,H_A,0,8251,0.0001210946960523129
Continental Europe,2011,P_A,P_D,252,8251,0.030636958101235165
Continental Europe,2011,P_A,P_A,7999,8251,0.9687575684185032
Continental Europe,2011,P_D,D,0,42768,2.33781414377557e-05
Continental Europe,2011,P_D,A,0,42768,2.33781414377557e-05
Continental Europe,2011,P_D,H_D,0,42768,2.33781414377557e-05
Continental Europe,2011,P_D,H_A,0,42768,2.33781414377557e-05
Continental Europe,2011,P_D,P_D,39262,42768,0.917895967270602
Continental Europe,2011,P_D,P_A,393,42768,0.009210987726475744
Continental Europe,2012,A,D,41,1147,0.036395147313691506
Continental Europe,2012,A,A,903,1147,0.7833622183708839
Continental Europe,2012,A,H_D,12,1147,0.011265164644714038
Continental Europe,2012,A,H_A,71,1147,0.06239168110918544
Continental Europe,2012,A,P_D,21,1147,0.019064124783362217
Continental Europe,2012,A,P_A,99,1147,0.08665511265164645
Continental Europe,2012,D,D,19644,23887,0.8221729304427889
Continental Europe,2012,D,A,122,23887,0.005147735833263581
Continental Europe,2012,D,H_D,1234,23887,0.051686615886833515
Continental Europe,2012,D,H_A,50,23887,0.0021344270528166065
Continental Europe,2012,D,P_D,1322,23887,0.05536954884071315
Continental Europe,2012,D,P_A,68,23887,0.0028877542479283503
Continental Europe,2012,H_A,D,0,1654,0.0006020469596628537
Continental Europe,2012,H_A,A,0,1654,0.0006020469596628537
Continental Europe,2012,H_A,H_D,90,1654,0.054786273329319686
Continental Europe,2012,H_A,H_A,1378,1654,0.8302227573750752
Continental Europe,2012,H_A,P_D,11,1654,0.007224563515954244
Continental Europe,2012,H_A,P_A,175,1654,0.10596026490066225
Continental Europe,2012,H_D,D,0,14469,6.907985631389887e-05
Continental Europe,2012,H_D,A,0,14469,6.907985631389887e-05
Continental Europe,2012,H_D,H_D,12025,14469,0.8307543520309478
Continental Europe,2012,H_D,H_A,183,14469,0.012710693561757391
Continental Europe,2012,H_D,P_D,1002,14469,0.06928709588284056
Continental Europe,2012,H_D,P_A,60,14469,0.004213871235147831
Continental Europe,2012,P_A,D,0,8845,0.00011296882060551288
Continental Europe,2012,P_A,A,0,8845,0.00011296882060551288
Continental Europe,2012,P_A,H_D,0,8845,0.00011296882060551288
Continental Europe,2012,P_A,H_A,0,8845,0.00011296882060551288
Continental Europe,2012,P_A,P_D,340,8845,0.03852236782647989
Continental Europe,2012,P_A,P_A,8505,8845,0.9609127880704925
Continental Europe,2012,P_D,D,0,44863,2.2286605749944284e-05
Continental Europe,2012,P_D,A,0,44863,2.2286605749944284e-05
Continental Europe,2012,P_D,H_D,0,44863,2.2286605749944284e-05
Continental Europe,2012,P_D,H_A,0,44863,2.2286605749944284e-05
Continental Europe,2012,P_D,P_D,41230,44863,0.9188990416759527
Continental Europe,2012,P_D,P_A,347,44863,0.007755738800980611
Continental Europe,2013,A,D,47,1174,0.04064352243861134
Continental Europe,2013,A,A,952,1174,0.8069432684165961
Continental Europe,2013,A,H_D,6,1174,0.0059271803556308214
Continental Europe,2013,A,H_A,70,1174,0.060118543607112614
Continental Europe,2013,A,P_D,24,1174,0.021168501270110076
Continental Europe,2013,A,P_A,75,1174,0.06435224386113463
Continental Europe,2013,D,D,19941,24386,0.8175296191530357
Continental Europe,2013,D,A,145,24386,0.005985323658426598
Continental Europe,2013,D,H_D,1151,24386,0.047226663387037265
Continental Europe,2013,D,H_A,67,24386,0.00278768499159595
Continental Europe,2013,D,P_D,1434,24386,0.05882835239617923
Continental Europe,2013,D,P_A,83,24386,0.0034436108719714674
Continental Europe,2013,H_A,D,0,1761,0.0005656108597285068
Continental Europe,2013,H_A,A,0,1761,0.0005656108597285068
Continental Europe,2013,H_A,H_D,80,1761,0.04581447963800905
Continental Europe,2013,H_A,H_A,1489,1761,0.8427601809954751
Continental Europe,2013,H_A,P_D,16,1761,0.009615384615384616
Continental Europe,2013,H_A,P_A,176,1761,0.1001131221719457
Continental Europe,2013,H_D,D,0,15462,6.464541987200206e-05
Continental Europe,2013,H_D,A,0,15462,6.464541987200206e-05
Continental Europe,2013,H_D,H_D,12628,15462,0.8164070075635141
Continental Europe,2013,H_D,H_A,205,15462,0.013316956493632426
Continental Europe,2013,H_D,P_D,1095,15462,0.07085138017971426
Continental Europe,2013,H_D,P_A,72,15462,0.004719115650656151
Continental Europe,2013,P_A,D,0,9340,0.00010698619878035734
Continental Europe,2013,P_A,A,0,9340,0.00010698619878035734
Continental Europe,2013,P_A,H_D,0,9340,0.00010698619878035734
Continental Europe,2013,P_A,H_A,0,9340,0.00010698619878035734
Continental Europe,2013,P_A,P_D,360,9340,0.038622017759709
Continental Europe,2013,P_A,P_A,8980,9340,0.9608430512463892
Continental Europe,2013,P_D,D,0,46908,2.1315144410103377e-05
Continental Europe,2013,P_D,A,0,46908,2.1315144410103377e-05
Continental Europe,2013,P_D,H_D,0,46908,2.1315144410103377e-05
Continental Europe,2013,P_D,H_A,0,46908,2.1315144410103377e-05
Continental Europe,2013,P_D,P_D,42895,46908,0.9143344346157946
Continental Europe,2013,P_D,P_A,368,46908,0.007865288287328147
Continental Europe,2014,A,D,44,1226,0.0364963503649635
Continental Europe,2014,A,A,997,1226,0.8094079480940795
Continental Europe,2014,A,H_D,5,1226,0.004866180048661801
Continental Europe,2014,A,H_A,83,1226,0.0681265206812652
Continental Europe,2014,A,P_D,20,1226,0.0170316301703163
Continental Europe,2014,A,P_A,77,1226,0.06326034063260341
Continental Europe,2014,D,D,20341,25106,0.8100187154063633
Continental Europe,2014,D,A,135,25106,0.005415521841277426
Continental Europe,2014,D,H_D,1337,25106,0.053279178114920556
Continental Europe,2014,D,H_A,73,25106,0.0029466810018715407
Continental Europe,2014,D,P_D,1467,25106,0.058455779874965155
Continental Europe,2014,D,P_A,71,25106,0.0028670409747939313
Continental Europe,2014,H_A,D,0,1925,0.0005175983436853002
Continental Europe,2014,H_A,A,0,1925,0.0005175983436853002
Continental Europe,2014,H_A,H_D,109,1925,0.056935817805383024
Continental Europe,2014,H_A,H_A,1597,1925,0.8271221532091098
Continental Europe,2014,H_A,P_D,22,1925,0.011904761904761904
Continental Europe,2014,H_A,P_A,197,1925,0.10248447204968944
Continental Europe,2014,H_D,D,0,15918,6.279434850863422e-05
Continental Europe,2014,H_D,A,0,15918,6.279434850863422e-05
Continental Europe,2014,H_D,H_D,13000,15918,0.8163893249607536
Continental Europe,2014,H_D,H_A,235,15918,0.014819466248037677
Continental Europe,2014,H_D,P_D,1080,15918,0.0678806907378336
Continental Europe,2014,H_D,P_A,57,15918,0.003642072213500785
Continental Europe,2014,P_A,D,0,9851,0.00010144045445323595
Continental Europe,2014,P_A,A,0,9851,0.00010144045445323595
Continental Europe,2014,P_A,H_D,0,9851,0.00010144045445323595
Continental Europe,2014,P_A,H_A,0,9851,0.00010144045445323595
Continental Europe,2014,P_A,P_D,391,9851,0.03976465814566849
Continental Europe,2014,P_A,P_A,9460,9851,0.9597281395820654
Continental Europe,2014,P_D,D,0,48613,2.0567667626491154e-05
Continental Europe,2014,P_D,A,0,48613,2.0567667626491154e-05
Continental Europe,2014,P_D,H_D,0,48613,2.0567667626491154e-05
Continental Europe,2014,P_D,H_A,0,48613,2.0567667626491154e-05
Continental Europe,2014,P_D,P_D,44166,48613,0.9084121760592349
Continental Europe,2014,P_D,P_A,334,48613,0.006890168654874537
Continental Europe,2015,A,D,72,1268,0.05725490196078432
Continental Europe,2015,A,A,994,1268,0.7803921568627451
Continental Europe,2015,A,H_D,5,1268,0.004705882352941176
Continental Europe,2015,A,H_A,92,1268,0.07294117647058823
Continental Europe,2015,A,P_D,26,1268,0.021176470588235293
Continental Europe,2015,A,P_A,79,1268,0.06274509803921569
Continental Europe,2015,D,D,20516,25296,0.8108524680867881
Continental Europe,2015,D,A,97,25296,0.0038730585306090185
Continental Europe,2015,D,H_D,1331,25296,0.05264197921195115
Continental Europe,2015,D,H_A,77,25296,0.0030826384223214638
Continental Europe,2015,D,P_D,1429,25296,0.05651503774256017
Continental Europe,2015,D,P_A,69,25296,0.0027664703790064417
Continental Europe,2015,H_A,D,0,2084,0.00047824007651841227
Continental Europe,2015,H_A,A,0,2084,0.00047824007651841227
Continental Europe,2015,H_A,H_D,121,2084,0.05834528933524629
Continental Europe,2015,H_A,H_A,1757,2084,0.8407460545193687
Continental Europe,2015,H_A,P_D,24,2084,0.011956001912960305
Continental Europe,2015,H_A,P_A,182,2084,0.08751793400286945
Continental Europe,2015,H_D,D,0,16672,5.995563283170454e-05
Continental Europe,2015,H_D,A,0,16672,5.995563283170454e-05
Continental Europe,2015,H_D,H_D,13642,16672,0.817974698722945
Continental Europe,2015,H_D,H_A,218,16672,0.013130283590143293
Continental Europe,2015,H_D,P_D,1020,16672,0.061214701121170334
Continental Europe,2015,H_D,P_A,72,16672,0.004376761196714431
Continental Europe,2015,P_A,D,0,10297,9.704968944099378e-05
Continental Europe,2015,P_A,A,0,10297,9.704968944099378e-05
Continental Europe,2015,P_A,H_D,0,10297,9.704968944099378e-05
Continental Europe,2015,P_A,H_A,0,10297,9.704968944099378e-05
Continental Europe,2015,P_A,P_D,426,10297,0.041440217391304345
Continental Europe,2015,P_A,P_A,9871,10297,0.9580745341614907
Continental Europe,2015,P_D,D,0,49783,2.008435428800964e-05
Continental Europe,2015,P_D,A,0,49783,2.008435428800964e-05
Continental Europe,2015,P_D,H_D,0,49783,2.008435428800964e-05
Continental Europe,2015,P_D,H_A,0,49783,2.008435428800964e-05
Continental Europe,2015,P_D,P_D,45043,49783,0.9046796545491063
Continental Europe,2015,P_D,P_A,351,49783,0.007069692709379394
Continental Europe,2016,A,D,71,1261,0.056782334384858045
Continental Europe,2016,A,A,1011,1261,0.7981072555205048
Continental Europe,2016,A,H_D,11,1261,0.00946372239747634
Continental Europe,2016,A,H_A,55,1261,0.04416403785488959
Continental Europe,2016,A,P_D,28,1261,0.022870662460567823
Continental Europe,2016,A,P_A,85,1261,0.06782334384858044
Continental Europe,2016,D,D,20568,25392,0.80983503287531
Continental Europe,2016,D,A,155,25392,0.006141974093468247
Continental Europe,2016,D,H_D,1092,25392,0.04303319028308201
Continental Europe,2016,D,H_A,62,25392,0.002480412614669869
Continental Europe,2016,D,P_D,1409,25392,0.055513996614039926
Continental Europe,2016,D,P_A,85,25392,0.0033859600771683923
Continental Europe,2016,H_A,D,0,2256,0.0004418912947414936
Continental Europe,2016,H_A,A,0,2256,0.0004418912947414936
Continental Europe,2016,H_A,H_D,126,2256,0.05612019443216969
Continental Europe,2016,H_A,H_A,1900,2256,0.8400353513035793
Continental Europe,2016,H_A,P_D,26,2256,0.011931064958020326
Continental Europe,2016,H_A,P_A,204,2256,0.0905877154220062
Continental Europe,2016,H_D,D,0,17397,5.745805561939784e-05
Continental Europe,2016,H_D,A,0,17397,5.745805561939784e-05
Continental Europe,2016,H_D,H_D,14161,17397,0.8137209836819123
Continental Europe,2016,H_D,H_A,221,17397,0.01275568834750632
Continental Europe,2016,H_D,P_D,1090,17397,0.06268673868076305
Continental Europe,2016,H_D,P_A,67,17397,0.003907147782119053
Continental Europe,2016,P_A,D,0,10715,9.326618168252192e-05
Continental Europe,2016,P_A,A,0,10715,9.326618168252192e-05
Continental Europe,2016,P_A,H_D,0,10715,9.326618168252192e-05
Continental Europe,2016,P_A,H_A,0,10715,9.326618168252192e-05
Continental Europe,2016,P_A,P_D,460,10715,0.042995709755642604
Continental Europe,2016,P_A,P_A,10255,10715,0.9565379593359448
Continental Europe,2016,P_D,D,0,50582,1.9767143054814287e-05
Continental Europe,2016,P_D,A,0,50582,1.9767143054814287e-05
Continental Europe,2016,P_D,H_D,0,50582,1.9767143054814287e-05
Continental Europe,2016,P_D,H_A,0,50582,1.9767143054814287e-05
Continental Europe,2016,P_D,P_D,45637,50582,0.9021328747356144
Continental Europe,2016,P_D,P_A,336,50582,0.006661527209472415
Continental Europe,2017,A,D,81,1166,0.06990622335890878
Continental Europe,2017,A,A,900,1166,0.7681159420289855
Continental Europe,2017,A,H_D,13,1166,0.011935208866155157
Continental Europe,2017,A,H_A,66,1166,0.05711849957374254
Continental Europe,2017,A,P_D,18,1166,0.01619778346121057
Continental Europe,2017,A,P_A,88,1166,0.07587382779198636
Continental Europe,2017,D,D,16719,20639,0.8098421001646808
Continental Europe,2017,D,A,136,20639,0.006635667925990507
Continental Europe,2017,D,H_D,715,20639,0.03467984113145404
Continental Europe,2017,D,H_A,54,20639,0.0026639542768575027
Continental Europe,2017,D,P_D,1234,20639,0.05981788239852756
Continental Europe,2017,D,P_A,48,20639,0.0023733410830185024
Continental Europe,2017,H_A,D,0,2238,0.00044543429844097997
Continental Europe,2017,H_A,A,0,2238,0.00044543429844097997
Continental Europe,2017,H_A,H_D,139,2238,0.062360801781737196
Continental Europe,2017,H_A,H_A,1837,2238,0.8187082405345212
Continental Europe,2017,H_A,P_D,35,2238,0.016035634743875277
Continental Europe,2017,H_A,P_A,227,2238,0.10155902004454342
Continental Europe,2017,H_D,D,0,15390,6.494771708774437e-05
Continental Europe,2017,H_D,A,0,15390,6.494771708774437e-05
Continental Europe,2017,H_D,H_D,12427,15390,0.807170227966487
Continental Europe,2017,H_D,H_A,230,15390,0.015002922647268949
Continental Europe,2017,H_D,P_D,982,15390,0.06384360589725271
Continental Europe,2017,H_D,P_A,54,15390,0.0035721244398259403
Continental Europe,2017,P_A,D,0,11032,9.058791557206268e-05
Continental Europe,2017,P_A,A,0,11032,9.058791557206268e-05
Continental Europe,2017,P_A,H_D,0,11032,9.058791557206268e-05
Continental Europe,2017,P_A,H_A,0,11032,9.058791557206268e-05
Continental Europe,2017,P_A,P_D,657,11032,0.05960684844641725
Continental Europe,2017,P_A,P_A,10375,11032,0.9399402119757224
Continental Europe,2017,P_D,D,0,48650,2.0552027457508685e-05
Continental Europe,2017,P_D,A,0,48650,2.0552027457508685e-05
Continental Europe,2017,P_D,H_D,0,48650,2.0552027457508685e-05
Continental Europe,2017,P_D,H_A,0,48650,2.0552027457508685e-05
Continental Europe,2017,P_D,P_D,43642,48650,0.8969521343280514
Continental Europe,2017,P_D,P_A,300,48650,0.006186160264710114
Continental Europe,2018,A,D,61,1036,0.059443911792905084
Continental Europe,2018,A,A,834,1036,0.800575263662512
Continental Europe,2018,A,H_D,11,1036,0.011505273250239693
Continental Europe,2018,A,H_A,39,1036,0.038350910834132314
Continental Europe,2018,A,P_D,26,1036,0.02588686481303931
Continental Europe,2018,A,P_A,65,1036,0.06327900287631831
Continental Europe,2018,D,D,13335,16800,0.7934789075980246
Continental Europe,2018,D,A,113,16800,0.006782888082346642
Continental Europe,2018,D,H_D,528,16800,0.03147498066281906
Continental Europe,2018,D,H_A,35,16800,0.00214196465758315
Continental Europe,2018,D,P_D,1151,16800,0.0685428690426608
Continental Europe,2018,D,P_A,49,16800,0.0029749509133099304
Continental Europe,2018,H_A,D,0,2187,0.00045578851412944393
Continental Europe,2018,H_A,A,0,2187,0.00045578851412944393
Continental Europe,2018,H_A,H_D,166,2187,0.07611668185961713
Continental Europe,2018,H_A,H_A,1763,2187,0.8040109389243391
Continental Europe,2018,H_A,P_D,30,2187,0.014129443938012761
Continental Europe,2018,H_A,P_A,228,2187,0.10437556973564266
Continental Europe,2018,H_D,D,0,13294,7.518231711901361e-05
Continental Europe,2018,H_D,A,0,13294,7.518231711901361e-05
Continental Europe,2018,H_D,H_D,10540,13294,0.7924968047515224
Continental Europe,2018,H_D,H_A,156,13294,0.011803623787685137
Continental Europe,2018,H_D,P_D,971,13294,0.07307721223968122
Continental Europe,2018,H_D,P_A,51,13294,0.003909480490188707
Continental Europe,2018,P_A,D,0,11092,9.009820704567979e-05
Continental Europe,2018,P_A,A,0,11092,9.009820704567979e-05
Continental Europe,2018,P_A,H_D,0,11092,9.009820704567979e-05
Continental Europe,2018,P_A,H_A,0,11092,9.009820704567979e-05
Continental Europe,2018,P_A,P_D,720,11092,0.06496080727993513
Continental Europe,2018,P_A,P_A,10372,11092,0.9345887016848364
Continental Europe,2018,P_D,D,0,46568,2.1470746108427268e-05
Continental Europe,2018,P_D,A,0,46568,2.1470746108427268e-05
Continental Europe,2018,P_D,H_D,0,46568,2.1470746108427268e-05
Continental Europe,2018,P_D,H_A,0,46568,2.1470746108427268e-05
Continental Europe,2018,P_D,P_D,41056,46568,0.8815244229736984
Continental Europe,2018,P_D,P_A,251,46568,0.005410628019323672
Continental Europe,2019,A,D,0,947,0.0010482180293501049
Continental Europe,2019,A,A,822,947,0.8626834381551363
Continental Europe,2019,A,H_D,0,947,0.0010482180293501049
Continental Europe,2019,A,H_A,40,947,0.0429769392033543
Continental Europe,2019,A,P_D,0,947,0.0010482180293501049
Continental Europe,2019,A,P_A,85,947,0.09014675052410902
Continental Europe,2019,D,D,10387,13396,0.7750503618592852
Continental Europe,2019,D,A,116,13396,0.008729388942774006
Continental Europe,2019,D,H_D,323,13396,0.024173692456912633
Continental Europe,2019,D,H_A,30,13396,0.0023129150190255915
Continental Europe,2019,D,P_D,979,13396,0.0731179586659703
Continental Europe,2019,D,P_A,46,13396,0.0035066776094904127
Continental Europe,2019,H_A,D,0,1993,0.0005
Continental Europe,2019,H_A,A,0,1993,0.0005
Continental Europe,2019,H_A,H_D,0,1993,0.0005
Continental Europe,2019,H_A,H_A,1744,1993,0.8725
Continental Europe,2019,H_A,P_D,0,1993,0.0005
Continental Europe,2019,H_A,P_A,249,1993,0.125
Continental Europe,2019,H_D,D,0,11245,8.887308922858158e-05
Continental Europe,2019,H_D,A,0,11245,8.887308922858158e-05
Continental Europe,2019,H_D,H_D,8733,11245,0.7762175613224316
Continental Europe,2019,H_D,H_A,133,11245,0.011908993956629933
Continental Europe,2019,H_D,P_D,846,11245,0.0752755065766086
Continental Europe,2019,H_D,P_A,37,11245,0.0033771773906861
Continental Europe,2019,P_A,D,0,11016,9.071940488070398e-05
Continental Europe,2019,P_A,A,0,11016,9.071940488070398e-05
Continental Europe,2019,P_A,H_D,0,11016,9.071940488070398e-05
Continental Europe,2019,P_A,H_A,0,11016,9.071940488070398e-05
Continental Europe,2019,P_A,P_D,0,11016,9.071940488070398e-05
Continental Europe,2019,P_A,P_A,11016,11016,0.9994556835707158
Continental Europe,2019,P_D,D,0,43954,2.274743522667819e-05
Continental Europe,2019,P_D,A,0,43954,2.274743522667819e-05
Continental Europe,2019,P_D,H_D,0,43954,2.274743522667819e-05
Continental Europe,2019,P_D,H_A,0,43954,2.274743522667819e-05
Continental Europe,2019,P_D,P_D,38160,43954,0.8680648756852665
Continental Europe,2019,P_D,P_A,258,43954,0.005891585723709652
Continental Europe,2020,A,D,459,938,0.48677248677248675
Continental Europe,2020,A,A,331,938,0.3513227513227513
Continental Europe,2020,A,H_D,17,938,0.01904761904761905
Continental Europe,2020,A,H_A,28,938,0.030687830687830688
Continental Europe,2020,A,P_D,42,938,0.0455026455026455
Continental Europe,2020,A,P_A,61,938,0.0656084656084656
Continental Europe,2020,D,D,9102,10387,0.875793727150279
Continental Europe,2020,D,A,68,10387,0.006638445256878968
Continental Europe,2020,D,H_D,276,10387,0.026649990379064844
Continental Europe,2020,D,H_A,22,10387,0.002212815085626323
Continental Europe,2020,D,P_D,893,10387,0.08601116028477968
Continental Europe,2020,D,P_A,26,10387,0.002597652491822205
Continental Europe,2020,H_A,D,0,1947,0.0005117707267144319
Continental Europe,2020,H_A,A,0,1947,0.0005117707267144319
Continental Europe,2020,H_A,H_D,1056,1947,0.5409416581371546
Continental Europe,2020,H_A,H_A,687,1947,0.35209825997952915
Continental Europe,2020,H_A,P_D,111,1947,0.057318321392016376
Continental Europe,2020,H_A,P_A,93,1947,0.048106448311156604
Continental Europe,2020,H_D,D,0,9056,0.00011033873993158998
Continental Europe,2020,H_D,A,0,9056,0.00011033873993158998
Continental Europe,2020,H_D,H_D,8082,9056,0.8918680348670418
Continental Europe,2020,H_D,H_A,87,9056,0.009709809113979919
Continental Europe,2020,H_D,P_D,855,9056,0.09444996138144103
Continental Europe,2020,H_D,P_A,32,9056,0.003641178417742469
Continental Europe,2020,P_A,D,0,11691,8.548469823901521e-05
Continental Europe,2020,P_A,A,0,11691,8.548469823901521e-05
Continental Europe,2020,P_A,H_D,0,11691,8.548469823901521e-05
Continental Europe,2020,P_A,H_A,0,11691,8.548469823901521e-05
Continental Europe,2020,P_A,P_D,7595,11691,0.6493417678235596
Continental Europe,2020,P_A,P_A,4096,11691,0.35023080868524537
Continental Europe,2020,P_D,D,0,39985,2.500500100020004e-05
Continental Europe,2020,P_D,A,0,39985,2.500500100020004e-05
Continental Europe,2020,P_D,H_D,0,39985,2.500500100020004e-05
Continental Europe,2020,P_D,H_A,0,39985,2.500500100020004e-05
Continental Europe,2020,P_D,P_D,39848,39985,0.9964242848569714
Continental Europe,2020,P_D,P_A,137,39985,0.0034506901380276056
Continental Europe,2021,A,D,13,399,0.034482758620689655
Continental Europe,2021,A,A,320,399,0.7906403940886699
Continental Europe,2021,A,H_D,4,399,0.012315270935960592
Continental Europe,2021,A,H_A,15,399,0.03940886699507389
Continental Europe,2021,A,P_D,1,399,0.0049261083743842365
Continental Europe,2021,A,P_A,46,399,0.11576354679802955
Continental Europe,2021,D,D,8422,9561,0.8803302675585284
Continental Europe,2021,D,A,30,9561,0.0032399665551839465
Continental Europe,2021,D,H_D,205,9561,0.02153010033444816
Continental Europe,2021,D,H_A,9,9561,0.0010451505016722408
Continental Europe,2021,D,P_D,884,9561,0.09249581939799331
Continental Europe,2021,D,P_A,11,9561,0.001254180602006689
Continental Europe,2021,H_A,D,0,824,0.0012033694344163659
Continental Europe,2021,H_A,A,0,824,0.0012033694344163659
Continental Europe,2021,H_A,H_D,26,824,0.032490974729241874
Continental Europe,2021,H_A,H_A,701,824,0.8447653429602888
Continental Europe,2021,H_A,P_D,4,824,0.006016847172081829
Continental Europe,2021,H_A,P_A,93,824,0.11311672683513839
Continental Europe,2021,H_D,D,0,9431,0.00010595465140919687
Continental Europe,2021,H_D,A,0,9431,0.00010595465140919687
Continental Europe,2021,H_D,H_D,8575,9431,0.9086670904852723
Continental Europe,2021,H_D,H_A,37,9431,0.004026276753549481
Continental Europe,2021,H_D,P_D,807,9431,0.08561135833863107
Continental Europe,2021,H_D,P_A,12,9431,0.0013774104683195593
Continental Europe,2021,P_A,D,0,4445,0.00022461814914645105
Continental Europe,2021,P_A,A,0,4445,0.00022461814914645105
Continental Europe,2021,P_A,H_D,0,4445,0.00022461814914645105
Continental Europe,2021,P_A,H_A,0,4445,0.00022461814914645105
Continental Europe,2021,P_A,P_D,75,4445,0.017070979335130278
Continental Europe,2021,P_A,P_A,4370,4445,0.9818059299191375
Continental Europe,2021,P_D,D,0,49344,2.0263013920690564e-05
Continental Europe,2021,P_D,A,0,49344,2.0263013920690564e-05
Continental Europe,2021,P_D,H_D,0,49344,2.0263013920690564e-05
Continental Europe,2021,P_D,H_A,0,49344,2.0263013920690564e-05
Continental Europe,2021,P_D,P_D,49265,49344,0.9982776438167413
Continental Europe,2021,P_D,P_A,79,49344,0.001621041113655245
Continental Europe,2022,A,D,13,350,0.0392156862745098
Continental Europe,2022,A,A,284,350,0.7983193277310925
Continental Europe,2022,A,H_D,0,350,0.0028011204481792717
Continental Europe,2022,A,H_A,8,350,0.025210084033613446
Continental Europe,2022,A,P_D,0,350,0.0028011204481792717
Continental Europe,2022,A,P_A,45,350,0.12885154061624648
Continental Europe,2022,D,D,7438,8435,0.8811892916370528
Continental Europe,2022,D,A,7,8435,0.0009476427386875149
Continental Europe,2022,D,H_D,134,8435,0.015991471215351813
Continental Europe,2022,D,H_A,0,8435,0.00011845534233593936
Continental Europe,2022,D,P_D,854,8435,0.10127931769722814
Continental Europe,2022,D,P_A,2,8435,0.00035536602700781805
Continental Europe,2022,H_A,D,0,762,0.0013003901170351106
Continental Europe,2022,H_A,A,0,762,0.0013003901170351106
Continental Europe,2022,H_A,H_D,29,762,0.03901170351105332
Continental Europe,2022,H_A,H_A,622,762,0.8101430429128739
Continental Europe,2022,H_A,P_D,5,762,0.007802340702210663
Continental Europe,2022,H_A,P_A,106,762,0.13914174252275682
Continental Europe,2022,H_D,D,0,8810,0.00011341726210729273
Continental Europe,2022,H_D,A,0,8810,0.00011341726210729273
Continental Europe,2022,H_D,H_D,7961,8810,0.9030282408982647
Continental Europe,2022,H_D,H_A,5,8810,0.0006805035726437564
Continental Europe,2022,H_D,P_D,842,8810,0.09561075195644778
Continental Europe,2022,H_D,P_A,2,8810,0.0003402517863218782
Continental Europe,2022,P_A,D,0,4611,0.00021654395842355997
Continental Europe,2022,P_A,A,0,4611,0.00021654395842355997
Continental Europe,2022,P_A,H_D,0,4611,0.00021654395842355997
Continental Europe,2022,P_A,H_A,0,4611,0.00021654395842355997
Continental Europe,2022,P_A,P_D,233,4611,0.05067128627111304
Continental Europe,2022,P_A,P_A,4378,4611,0.9482459939367691
Continental Europe,2022,P_D,D,0,51036,1.9591324961307133e-05
Continental Europe,2022,P_D,A,0,51036,1.9591324961307133e-05
Continental Europe,2022,P_D,H_D,0,51036,1.9591324961307133e-05
Continental Europe,2022,P_D,H_A,0,51036,1.9591324961307133e-05
Continental Europe,2022,P_D,P_D,50977,51036,0.998726563877515
Continental Europe,2022,P_D,P_A,59,51036,0.001175479497678428
Continental Europe,2023,A,D,0,291,0.003355704697986577
Continental Europe,2023,A,A,0,291,0.003355704697986577
Continental Europe,2023,A,H_D,0,291,0.003355704697986577
Continental Europe,2023,A,H_A,0,291,0.003355704697986577
Continental Europe,2023,A,P_D,0,291,0.003355704697986577
Continental Europe,2023,A,P_A,0,291,0.003355704697986577
Continental Europe,2023,D,D,0,7451,0.00013408420488066506
Continental Europe,2023,D,A,0,7451,0.00013408420488066506
Continental Europe,2023,D,H_D,0,7451,0.00013408420488066506
Continental Europe,2023,D,H_A,0,7451,0.00013408420488066506
Continental Europe,2023,D,P_D,0,7451,0.00013408420488066506
Continental Europe,2023,D,P_A,0,7451,0.00013408420488066506
Continental Europe,2023,H_A,D,0,635,0.001557632398753894
Continental Europe,2023,H_A,A,0,635,0.001557632398753894
Continental Europe,2023,H_A,H_D,0,635,0.001557632398753894
Continental Europe,2023,H_A,H_A,0,635,0.001557632398753894
Continental Europe,2023,H_A,P_D,0,635,0.001557632398753894
Continental Europe,2023,H_A,P_A,0,635,0.001557632398753894
Continental Europe,2023,H_D,D,0,8124,0.00012298610257040955
Continental Europe,2023,H_D,A,0,8124,0.00012298610257040955
Continental Europe,2023,H_D,H_D,0,8124,0.00012298610257040955
Continental Europe,2023,H_D,H_A,0,8124,0.00012298610257040955
Continental Europe,2023,H_D,P_D,0,8124,0.00012298610257040955
Continental Europe,2023,H_D,P_A,0,8124,0.00012298610257040955
Continental Europe,2023,P_A,D,0,4592,0.00021743857360295715
Continental Europe,2023,P_A,A,0,4592,0.00021743857360295715
Continental Europe,2023,P_A,H_D,0,4592,0.00021743857360295715
Continental Europe,2023,P_A,H_A,0,4592,0.00021743857360295715
Continental Europe,2023,P_A,P_D,0,4592,0.00021743857360295715
Continental Europe,2023,P_A,P_A,0,4592,0.00021743857360295715
Continental Europe,2023,P_D,D,0,52911,1.8897161646320724e-05
Continental Europe,2023,P_D,A,0,52911,1.8897161646320724e-05
Continental Europe,2023,P_D,H_D,0,52911,1.8897161646320724e-05
Continental Europe,2023,P_D,H_A,0,52911,1.8897161646320724e-05
Continental Europe,2023,P_D,P_D,0,52911,1.8897161646320724e-05
Continental Europe,2023,P_D,P_A,0,52911,1.8897161646320724e-05
Hindu,2000,A,D,0,6,0.07692307692307693
Hindu,2000,A,A,4,6,0.38461538461538464
Hindu,2000,A,H_D,0,6,0.07692307692307693
Hindu,2000,A,H_A,0,6,0.07692307692307693
Hindu,2000,A,P_D,0,6,0.07692307692307693
Hindu,2000,A,P_A,2,6,0.23076923076923078
Hindu,2000,D,D,182,210,0.8433179723502304
Hindu,2000,D,A,1,210,0.009216589861751152
Hindu,2000,D,H_D,4,210,0.02304147465437788
Hindu,2000,D,H_A,0,210,0.004608294930875576
Hindu,2000,D,P_D,13,210,0.06451612903225806
Hindu,2000,D,P_A,3,210,0.018433179723502304
Hindu,2000,H_A,D,0,2,0.1111111111111111
Hindu,2000,H_A,A,0,2,0.1111111111111111
Hindu,2000,H_A,H_D,0,2,0.1111111111111111
Hindu,2000,H_A,H_A,1,2,0.2222222222222222
Hindu,2000,H_A,P_D,0,2,0.1111111111111111
Hindu,2000,H_A,P_A,1,2,0.2222222222222222
Hindu,2000,H_D,D,0,47,0.018518518518518517
Hindu,2000,H_D,A,0,47,0.018518518518518517
Hindu,2000,H_D,H_D,39,47,0.7407407407407407
Hindu,2000,H_D,H_A,1,47,0.037037037037037035
Hindu,2000,H_D,P_D,6,47,0.12962962962962962
Hindu,2000,H_D,P_A,1,47,0.037037037037037035
Hindu,2000,P_A,D,0,15,0.045454545454545456
Hindu,2000,P_A,A,0,15,0.045454545454545456
Hindu,2000,P_A,H_D,0,15,0.045454545454545456
Hindu,2000,P_A,H_A,0,15,0.045454545454545456
Hindu,2000,P_A,P_D,0,15,0.045454545454545456
Hindu,2000,P_A,P_A,15,15,0.7272727272727273
Hindu,2000,P_D,D,0,236,0.00411522633744856
Hindu,2000,P_D,A,0,236,0.00411522633744856
Hindu,2000,P_D,H_D,0,236,0.00411522633744856
Hindu,2000,P_D,H_A,0,236,0.00411522633744856
Hindu,2000,P_D,P_D,228,236,0.9423868312757202
Hindu,2000,P_D,P_A,2,236,0.012345679012345678
Hindu,2001,A,D,0,8,0.06666666666666667
Hindu,2001,A,A,7,8,0.5333333333333333
Hindu,2001,A,H_D,0,8,0.06666666666666667
Hindu,2001,A,H_A,0,8,0.06666666666666667
Hindu,2001,A,P_D,0,8,0.06666666666666667
Hindu,2001,A,P_A,1,8,0.13333333333333333
Hindu,2001,D,D,335,404,0.8175182481751825
Hindu,2001,D,A,7,404,0.019464720194647202
Hindu,2001,D,H_D,14,404,0.0364963503649635
Hindu,2001,D,H_A,1,404,0.004866180048661801
Hindu,2001,D,P_D,32,404,0.08029197080291971
Hindu,2001,D,P_A,4,404,0.012165450121654502
Hindu,2001,H_A,D,0,3,0.1
Hindu,2001,H_A,A,0,3,0.1
Hindu,2001,H_A,H_D,0,3,0.1
Hindu,2001,H_A,H_A,2,3,0.3
Hindu,2001,H_A,P_D,0,3,0.1
Hindu,2001,H_A,P_A,1,3,0.2
Hindu,2001,H_D,D,0,78,0.011764705882352941
Hindu,2001,H_D,A,0,78,0.011764705882352941
Hindu,2001,H_D,H_D,57,78,0.6823529411764706
Hindu,2001,H_D,H_A,5,78,0.07058823529411765
Hindu,2001,H_D,P_D,8,78,0.10588235294117647
Hindu,2001,H_D,P_A,6,78,0.08235294117647059
Hindu,2001,P_A,D,0,29,0.027777777777777776
Hindu,2001,P_A,A,0,29,0.027777777777777776
Hindu,2001,P_A,H_D,0,29,0.027777777777777776
Hindu,2001,P_A,H_A,0,29,0.027777777777777776
Hindu,2001,P_A,P_D,1,29,0.05555555555555555
Hindu,2001,P_A,P_A,28,29,0.8055555555555556
Hindu,2001,P_D,D,0,450,0.002188183807439825
Hindu,2001,P_D,A,0,450,0.002188183807439825
Hindu,2001,P_D,H_D,0,450,0.002188183807439825
Hindu,2001,P_D,H_A,0,450,0.002188183807439825
Hindu,2001,P_D,P_D,421,450,0.9234135667396062
Hindu,2001,P_D,P_A,21,450,0.04814004376367615
Hindu,2002,A,D,1,22,0.06896551724137931
Hindu,2002,A,A,16,22,0.5862068965517241
Hindu,2002,A,H_D,0,22,0.034482758620689655
Hindu,2002,A,H_A,1,22,0.06896551724137931
Hindu,2002,A,P_D,0,22,0.034482758620689655
Hindu,2002,A,P_A,4,22,0.1724137931034483
Hindu,2002,D,D,607,696,0.8648648648648649
Hindu,2002,D,A,3,696,0.005689900426742532
Hindu,2002,D,H_D,14,696,0.021337126600284494
Hindu,2002,D,H_A,3,696,0.005689900426742532
Hindu,2002,D,P_D,41,696,0.059743954480796585
Hindu,2002,D,P_A,3,696,0.005689900426742532
Hindu,2002,H_A,D,0,9,0.0625
Hindu,2002,H_A,A,0,9,0.0625
Hindu,2002,H_A,H_D,1,9,0.125
Hindu,2002,H_A,H_A,5,9,0.375
Hindu,2002,H_A,P_D,0,9,0.0625
Hindu,2002,H_A,P_A,3,9,0.25
Hindu,2002,H_D,D,0,99,0.009433962264150943
Hindu,2002,H_D,A,0,99,0.009433962264150943
Hindu,2002,H_D,H_D,80,99,0.7641509433962265
Hindu,2002,H_D,H_A,3,99,0.03773584905660377
Hindu,2002,H_D,P_D,6,99,0.0660377358490566
Hindu,2002,H_D,P_A,3,99,0.03773584905660377
Hindu,2002,P_A,D,0,71,0.01282051282051282
Hindu,2002,P_A,A,0,71,0.01282051282051282
Hindu,2002,P_A,H_D,0,71,0.01282051282051282
Hindu,2002,P_A,H_A,0,71,0.01282051282051282
Hindu,2002,P_A,P_D,0,71,0.01282051282051282
Hindu,2002,P_A,P_A,71,71,0.9230769230769231
Hindu,2002,P_D,D,0,774,0.0012804097311139564
Hindu,2002,P_D,A,0,774,0.0012804097311139564
Hindu,2002,P_D,H_D,0,774,0.0012804097311139564
Hindu,2002,P_D,H_A,0,774,0.0012804097311139564
Hindu,2002,P_D,P_D,712,774,0.912932138284251
Hindu,2002,P_D,P_A,26,774,0.034571062740076826
Hindu,2003,A,D,1,31,0.05263157894736842
Hindu,2003,A,A,25,31,0.6842105263157895
Hindu,2003,A,H_D,0,31,0.02631578947368421
Hindu,2003,A,H_A,0,31,0.02631578947368421
Hindu,2003,A,P_D,1,31,0.05263157894736842
Hindu,2003,A,P_A,4,31,0.13157894736842105
Hindu,2003,D,D,748,866,0.8579610538373424
Hindu,2003,D,A,5,866,0.006872852233676976
Hindu,2003,D,H_D,16,866,0.019473081328751432
Hindu,2003,D,H_A,3,866,0.004581901489117984
Hindu,2003,D,P_D,61,866,0.07101947308132875
Hindu,2003,D,P_A,8,866,0.010309278350515464
Hindu,2003,H_A,D,0,13,0.05
Hindu,2003,H_A,A,0,13,0.05
Hindu,2003,H_A,H_D,0,13,0.05
Hindu,2003,H_A,H_A,11,13,0.6
Hindu,2003,H_A,P_D,0,13,0.05
Hindu,2003,H_A,P_A,2,13,0.15
Hindu,2003,H_D,D,0,149,0.00641025641025641
Hindu,2003,H_D,A,0,149,0.00641025641025641
Hindu,2003,H_D,H_D,124,149,0.8012820512820513
Hindu,2003,H_D,H_A,5,149,0.038461538461538464
Hindu,2003,H_D,P_D,15,149,0.10256410256410256
Hindu,2003,H_D,P_A,1,149,0.01282051282051282
Hindu,2003,P_A,D,0,117,0.008064516129032258
Hindu,2003,P_A,A,0,117,0.008064516129032258
Hindu,2003,P_A,H_D,0,117,0.008064516129032258
Hindu,2003,P_A,H_A,0,117,0.008064516129032258
Hindu,2003,P_A,P_D,1,117,0.016129032258064516
Hindu,2003,P_A,P_A,116,117,0.9435483870967742
Hindu,2003,P_D,D,0,980,0.0010131712259371835
Hindu,2003,P_D,A,0,980,0.0010131712259371835
Hindu,2003,P_D,H_D,0,980,0.0010131712259371835
Hindu,2003,P_D,H_A,0,980,0.0010131712259371835
Hindu,2003,P_D,P_D,922,980,0.9351570415400202
Hindu,2003,P_D,P_A,21,980,0.022289766970618033
Hindu,2004,A,D,2,35,0.07142857142857142
Hindu,2004,A,A,26,35,0.6428571428571429
Hindu,2004,A,H_D,0,35,0.023809523809523808
Hindu,2004,A,H_A,2,35,0.07142857142857142
Hindu,2004,A,P_D,1,35,0.047619047619047616
Hindu,2004,A,P_A,4,35,0.11904761904761904
Hindu,2004,D,D,924,1050,0.8751182592242195
Hindu,2004,D,A,12,1050,0.01229895931882687
Hindu,2004,D,H_D,19,1050,0.01892147587511826
Hindu,2004,D,H_A,9,1050,0.00946073793755913
Hindu,2004,D,P_D,64,1050,0.06149479659413434
Hindu,2004,D,P_A,6,1050,0.006622516556291391
Hindu,2004,H_A,D,0,21,0.03571428571428571
Hindu,2004,H_A,A,0,21,0.03571428571428571
Hindu,2004,H_A,H_D,0,21,0.03571428571428571
Hindu,2004,H_A,H_A,13,21,0.5
Hindu,2004,H_A,P_D,0,21,0.03571428571428571
Hindu,2004,H_A,P_A,8,21,0.32142857142857145
Hindu,2004,H_D,D,0,187,0.005154639175257732
Hindu,2004,H_D,A,0,187,0.005154639175257732
Hindu,2004,H_D,H_D,153,187,0.7938144329896907
Hindu,2004,H_D,H_A,7,187,0.041237113402061855
Hindu,2004,H_D,P_D,12,187,0.06701030927835051
Hindu,2004,H_D,P_A,2,187,0.015463917525773196
Hindu,2004,P_A,D,0,155,0.006172839506172839
Hindu,2004,P_A,A,0,155,0.006172839506172839
Hindu,2004,P_A,H_D,0,155,0.006172839506172839
Hindu,2004,P_A,H_A,0,155,0.006172839506172839
Hindu,2004,P_A,P_D,4,155,0.030864197530864196
Hindu,2004,P_A,P_A,151,155,0.9382716049382716
Hindu,2004,P_D,D,0,1216,0.0008176614881439084
Hindu,2004,P_D,A,0,1216,0.0008176614881439084
Hindu,2004,P_D,H_D,0,1216,0.0008176614881439084
Hindu,2004,P_D,H_A,0,1216,0.0008176614881439084
Hindu,2004,P_D,P_D,1134,1216,0.928045789043336
Hindu,2004,P_D,P_A,38,1216,0.03188879803761243
Hindu,2005,A,D,0,47,0.018518518518518517
Hindu,2005,A,A,41,47,0.7777777777777778
Hindu,2005,A,H_D,0,47,0.018518518518518517
Hindu,2005,A,H_A,3,47,0.07407407407407407
Hindu,2005,A,P_D,0,47,0.018518518518518517
Hindu,2005,A,P_A,3,47,0.07407407407407407
Hindu,2005,D,D,1076,1253,0.8547619047619047
Hindu,2005,D,A,12,1253,0.010317460317460317
Hindu,2005,D,H_D,28,1253,0.023015873015873017
Hindu,2005,D,H_A,6,1253,0.005555555555555556
Hindu,2005,D,P_D,75,1253,0.06031746031746032
Hindu,2005,D,P_A,11,1253,0.009523809523809525
Hindu,2005,H_A,D,0,35,0.023809523809523808
Hindu,2005,H_A,A,0,35,0.023809523809523808
Hindu,2005,H_A,H_D,2,35,0.07142857142857142
Hindu,2005,H_A,H_A,32,35,0.7857142857142857
Hindu,2005,H_A,P_D,0,35,0.023809523809523808
Hindu,2005,H_A,P_A,1,35,0.047619047619047616
Hindu,2005,H_D,D,0,224,0.004329004329004329
Hindu,2005,H_D,A,0,224,0.004329004329004329
Hindu,2005,H_D,H_D,185,224,0.8051948051948052
Hindu,2005,H_D,H_A,9,224,0.04329004329004329
Hindu,2005,H_D,P_D,20,224,0.09090909090909091
Hindu,2005,H_D,P_A,2,224,0.012987012987012988
Hindu,2005,P_A,D,0,218,0.0044444444444444444
Hindu,2005,P_A,A,0,218,0.0044444444444444444
Hindu,2005,P_A,H_D,0,218,0.0044444444444444444
Hindu,2005,P_A,H_A,0,218,0.0044444444444444444
Hindu,2005,P_A,P_D,6,218,0.03111111111111111
Hindu,2005,P_A,P_A,212,218,0.9466666666666667
Hindu,2005,P_D,D,0,1455,0.0006839945280437756
Hindu,2005,P_D,A,0,1455,0.0006839945280437756
Hindu,2005,P_D,H_D,0,1455,0.0006839945280437756
Hindu,2005,P_D,H_A,0,1455,0.0006839945280437756
Hindu,2005,P_D,P_D,1334,1455,0.9131326949384405
Hindu,2005,P_D,P_A,43,1455,0.030095759233926128
Hindu,2006,A,D,4,73,0.0625
Hindu,2006,A,A,55,73,0.7
Hindu,2006,A,H_D,0,73,0.0125
Hindu,2006,A,H_A,9,73,0.125
Hindu,2006,A,P_D,0,73,0.0125
Hindu,2006,A,P_A,5,73,0.075
Hindu,2006,D,D,1404,1586,0.8819836785938481
Hindu,2006,D,A,13,1586,0.008788449466415568
Hindu,2006,D,H_D,43,1586,0.027620841180163214
Hindu,2006,D,H_A,7,1586,0.005021971123666039
Hindu,2006,D,P_D,77,1586,0.04896421845574388
Hindu,2006,D,P_A,10,1586,0.006905210295040804
Hindu,2006,H_A,D,0,54,0.01639344262295082
Hindu,2006,H_A,A,0,54,0.01639344262295082
Hindu,2006,H_A,H_D,0,54,0.01639344262295082
Hindu,2006,H_A,H_A,48,54,0.8032786885245902
Hindu,2006,H_A,P_D,0,54,0.01639344262295082
Hindu,2006,H_A,P_A,6,54,0.11475409836065574
Hindu,2006,H_D,D,0,282,0.0034602076124567475
Hindu,2006,H_D,A,0,282,0.0034602076124567475
Hindu,2006,H_D,H_D,233,282,0.8096885813148789
Hindu,2006,H_D,H_A,6,282,0.02422145328719723
Hindu,2006,H_D,P_D,21,282,0.07612456747404844
Hindu,2006,H_D,P_A,5,282,0.020761245674740483
Hindu,2006,P_A,D,0,284,0.003436426116838488
Hindu,2006,P_A,A,0,284,0.003436426116838488
Hindu,2006,P_A,H_D,0,284,0.003436426116838488
Hindu,2006,P_A,H_A,0,284,0.003436426116838488
Hindu,2006,P_A,P_D,6,284,0.024054982817869417
Hindu,2006,P_A,P_A,278,284,0.9587628865979382
Hindu,2006,P_D,D,0,1741,0.0005720823798627002
Hindu,2006,P_D,A,0,1741,0.0005720823798627002
Hindu,2006,P_D,H_D,0,1741,0.0005720823798627002
Hindu,2006,P_D,H_A,0,1741,0.0005720823798627002
Hindu,2006,P_D,P_D,1636,1741,0.9364988558352403
Hindu,2006,P_D,P_A,30,1741,0.017734553775743706
Hindu,2007,A,D,5,83,0.06666666666666667
Hindu,2007,A,A,68,83,0.7666666666666667
Hindu,2007,A,H_D,0,83,0.011111111111111112
Hindu,2007,A,H_A,6,83,0.07777777777777778
Hindu,2007,A,P_D,0,83,0.011111111111111112
Hindu,2007,A,P_A,4,83,0.05555555555555555
Hindu,2007,D,D,1632,1845,0.8817494600431965
Hindu,2007,D,A,14,1845,0.008099352051835854
Hindu,2007,D,H_D,47,1845,0.02591792656587473
Hindu,2007,D,H_A,6,1845,0.003779697624190065
Hindu,2007,D,P_D,76,1845,0.041576673866090715
Hindu,2007,D,P_A,8,1845,0.004859611231101512
Hindu,2007,H_A,D,0,77,0.011904761904761904
Hindu,2007,H_A,A,0,77,0.011904761904761904
Hindu,2007,H_A,H_D,1,77,0.023809523809523808
Hindu,2007,H_A,H_A,67,77,0.8095238095238095
Hindu,2007,H_A,P_D,1,77,0.023809523809523808
Hindu,2007,H_A,P_A,8,77,0.10714285714285714
Hindu,2007,H_D,D,0,369,0.0026595744680851063
Hindu,2007,H_D,A,0,369,0.0026595744680851063
Hindu,2007,H_D,H_D,315,369,0.8404255319148937
Hindu,2007,H_D,H_A,6,369,0.018617021276595744
Hindu,2007,H_D,P_D,22,369,0.061170212765957445
Hindu,2007,H_D,P_A,2,369,0.007978723404255319
Hindu,2007,P_A,D,0,344,0.002849002849002849
Hindu,2007,P_A,A,0,344,0.002849002849002849
Hindu,2007,P_A,H_D,0,344,0.002849002849002849
Hindu,2007,P_A,H_A,0,344,0.002849002849002849
Hindu,2007,P_A,P_D,6,344,0.019943019943019943
Hindu,2007,P_A,P_A,338,344,0.9658119658119658
Hindu,2007,P_D,D,0,2055,0.00048496605237633366
Hindu,2007,P_D,A,0,2055,0.00048496605237633366
Hindu,2007,P_D,H_D,0,2055,0.00048496605237633366
Hindu,2007,P_D,H_A,0,2055,0.00048496605237633366
Hindu,2007,P_D,P_D,1912,2055,0.9277400581959263
Hindu,2007,P_D,P_A,33,2055,0.016488845780795344
Hindu,2008,A,D,3,94,0.039603960396039604
Hindu,2008,A,A,76,94,0.7623762376237624
Hindu,2008,A,H_D,0,94,0.009900990099009901
Hindu,2008,A,H_A,5,94,0.0594059405940594
Hindu,2008,A,P_D,0,94,0.009900990099009901
Hindu,2008,A,P_A,10,94,0.10891089108910891
Hindu,2008,D,D,1909,2198,0.8662131519274376
Hindu,2008,D,A,18,2198,0.008616780045351474
Hindu,2008,D,H_D,52,2198,0.024036281179138322
Hindu,2008,D,H_A,12,2198,0.0058956916099773245
Hindu,2008,D,P_D,126,2198,0.05759637188208617
Hindu,2008,D,P_A,10,2198,0.004988662131519274
Hindu,2008,H_A,D,0,95,0.00980392156862745
Hindu,2008,H_A,A,0,95,0.00980392156862745
Hindu,2008,H_A,H_D,3,95,0.0392156862745098
Hindu,2008,H_A,H_A,80,95,0.7941176470588235
Hindu,2008,H_A,P_D,0,95,0.00980392156862745
Hindu,2008,H_A,P_A,12,95,0.12745098039215685
Hindu,2008,H_D,D,0,507,0.0019455252918287938
Hindu,2008,H_D,A,0,507,0.0019455252918287938
Hindu,2008,H_D,H_D,428,507,0.8346303501945526
Hindu,2008,H_D,H_A,14,507,0.029182879377431907
Hindu,2008,H_D,P_D,31,507,0.0622568093385214
Hindu,2008,H_D,P_A,8,507,0.017509727626459144
Hindu,2008,P_A,D,0,403,0.0024390243902439024
Hindu,2008,P_A,A,0,403,0.0024390243902439024
Hindu,2008,P_A,H_D,0,403,0.0024390243902439024
Hindu,2008,P_A,H_A,0,403,0.0024390243902439024
Hindu,2008,P_A,P_D,8,403,0.02195121951219512
Hindu,2008,P_A,P_A,395,403,0.9658536585365853
Hindu,2008,P_D,D,0,2381,0.0004187604690117253
Hindu,2008,P_D,A,0,2381,0.0004187604690117253
Hindu,2008,P_D,H_D,0,2381,0.0004187604690117253
Hindu,2008,P_D,H_A,0,2381,0.0004187604690117253
Hindu,2008,P_D,P_D,2246,2381,0.9409547738693468
Hindu,2008,P_D,P_A,47,2381,0.020100502512562814
Hindu,2009,A,D,1,105,0.017857142857142856
Hindu,2009,A,A,89,105,0.8035714285714286
Hindu,2009,A,H_D,0,105,0.008928571428571428
Hindu,2009,A,H_A,5,105,0.05357142857142857
Hindu,2009,A,P_D,2,105,0.026785714285714284
Hindu,2009,A,P_A,8,105,0.08035714285714286
Hindu,2009,D,D,2305,2670,0.8614120283899888
Hindu,2009,D,A,18,2670,0.007097497198356369
Hindu,2009,D,H_D,81,2670,0.030631303698169594
Hindu,2009,D,H_A,15,2670,0.005976839745984311
Hindu,2009,D,P_D,147,2670,0.055285767650354874
Hindu,2009,D,P_A,18,2670,0.007097497198356369
Hindu,2009,H_A,D,0,116,0.008130081300813009
Hindu,2009,H_A,A,0,116,0.008130081300813009
Hindu,2009,H_A,H_D,2,116,0.024390243902439025
Hindu,2009,H_A,H_A,98,116,0.8048780487804879
Hindu,2009,H_A,P_D,2,116,0.024390243902439025
Hindu,2009,H_A,P_A,14,116,0.12195121951219512
Hindu,2009,H_D,D,0,631,0.001567398119122257
Hindu,2009,H_D,A,0,631,0.001567398119122257
Hindu,2009,H_D,H_D,547,631,0.8589341692789969
Hindu,2009,H_D,H_A,9,631,0.01567398119122257
Hindu,2009,H_D,P_D,41,631,0.06583072100313479
Hindu,2009,H_D,P_A,4,631,0.007836990595611285
Hindu,2009,P_A,D,0,496,0.0019880715705765406
Hindu,2009,P_A,A,0,496,0.0019880715705765406
Hindu,2009,P_A,H_D,0,496,0.0019880715705765406
Hindu,2009,P_A,H_A,0,496,0.0019880715705765406
Hindu,2009,P_A,P_D,4,496,0.009940357852882704
Hindu,2009,P_A,P_A,492,496,0.9801192842942346
Hindu,2009,P_D,D,0,2849,0.00035014005602240897
Hindu,2009,P_D,A,0,2849,0.00035014005602240897
Hindu,2009,P_D,H_D,0,2849,0.00035014005602240897
Hindu,2009,P_D,H_A,0,2849,0.00035014005602240897
Hindu,2009,P_D,P_D,2673,2849,0.9362745098039216
Hindu,2009,P_D,P_A,47,2849,0.01680672268907563
Hindu,2010,A,D,5,135,0.04225352112676056
Hindu,2010,A,A,113,135,0.8028169014084507
Hindu,2010,A,H_D,0,135,0.007042253521126761
Hindu,2010,A,H_A,7,135,0.056338028169014086
Hindu,2010,A,P_D,0,135,0.007042253521126761
Hindu,2010,A,P_A,10,135,0.07746478873239436
Hindu,2010,D,D,2905,3299,0.8790078644888082
Hindu,2010,D,A,13,3299,0.004234724742891712
Hindu,2010,D,H_D,85,3299,0.02601330913490623
Hindu,2010,D,H_A,9,3299,0.0030248033877797943
Hindu,2010,D,P_D,184,3299,0.0559588626739262
Hindu,2010,D,P_A,6,3299,0.002117362371445856
Hindu,2010,H_A,D,0,133,0.007142857142857143
Hindu,2010,H_A,A,0,133,0.007142857142857143
Hindu,2010,H_A,H_D,7,133,0.05714285714285714
Hindu,2010,H_A,H_A,113,133,0.8142857142857143
Hindu,2010,H_A,P_D,0,133,0.007142857142857143
Hindu,2010,H_A,P_A,13,133,0.1
Hindu,2010,H_D,D,0,851,0.0011655011655011655
Hindu,2010,H_D,A,0,851,0.0011655011655011655
Hindu,2010,H_D,H_D,698,851,0.8146853146853147
Hindu,2010,H_D,H_A,23,851,0.027972027972027972
Hindu,2010,H_D,P_D,61,851,0.07226107226107226
Hindu,2010,H_D,P_A,3,851,0.004662004662004662
Hindu,2010,P_A,D,0,604,0.0016366612111292963
Hindu,2010,P_A,A,0,604,0.0016366612111292963
Hindu,2010,P_A,H_D,0,604,0.0016366612111292963
Hindu,2010,P_A,H_A,0,604,0.0016366612111292963
Hindu,2010,P_A,P_D,14,604,0.024549918166939442
Hindu,2010,P_A,P_A,590,604,0.967266775777414
Hindu,2010,P_D,D,0,3453,0.00028901734104046245
Hindu,2010,P_D,A,0,3453,0.00028901734104046245
Hindu,2010,P_D,H_D,0,3453,0.00028901734104046245
Hindu,2010,P_D,H_A,0,3453,0.00028901734104046245
Hindu,2010,P_D,P_D,3248,3453,0.9390173410404624
Hindu,2010,P_D,P_A,36,3453,0.01069364161849711
Hindu,2011,A,D,6,146,0.0457516339869281
Hindu,2011,A,A,113,146,0.7450980392156863
Hindu,2011,A,H_D,0,146,0.006535947712418301
Hindu,2011,A,H_A,8,146,0.058823529411764705
Hindu,2011,A,P_D,4,146,0.032679738562091505
Hindu,2011,A,P_A,15,146,0.10457516339869281
Hindu,2011,D,D,3510,4121,0.8505329457364341
Hindu,2011,D,A,26,4121,0.006540697674418605
Hindu,2011,D,H_D,106,4121,0.025920542635658916
Hindu,2011,D,H_A,11,4121,0.0029069767441860465
Hindu,2011,D,P_D,293,4121,0.07122093023255814
Hindu,2011,D,P_A,27,4121,0.006782945736434108
Hindu,2011,H_A,D,0,154,0.006211180124223602
Hindu,2011,H_A,A,0,154,0.006211180124223602
Hindu,2011,H_A,H_D,4,154,0.031055900621118012
Hindu,2011,H_A,H_A,132,154,0.8260869565217391
Hindu,2011,H_A,P_D,0,154,0.006211180124223602
Hindu,2011,H_A,P_A,18,154,0.11801242236024845
Hindu,2011,H_D,D,0,1029,0.0009652509652509653
Hindu,2011,H_D,A,0,1029,0.0009652509652509653
Hindu,2011,H_D,H_D,835,1029,0.806949806949807
Hindu,2011,H_D,H_A,22,1029,0.0222007722007722
Hindu,2011,H_D,P_D,102,1029,0.09942084942084942
Hindu,2011,H_D,P_A,7,1029,0.007722007722007722
Hindu,2011,P_A,D,0,672,0.0014727540500736377
Hindu,2011,P_A,A,0,672,0.0014727540500736377
Hindu,2011,P_A,H_D,0,672,0.0014727540500736377
Hindu,2011,P_A,H_A,0,672,0.0014727540500736377
Hindu,2011,P_A,P_D,22,672,0.033873343151693665
Hindu,2011,P_A,P_A,650,672,0.9587628865979382
Hindu,2011,P_D,D,0,4211,0.0002370791844476055
Hindu,2011,P_D,A,0,4211,0.0002370791844476055
Hindu,2011,P_D,H_D,0,4211,0.0002370791844476055
Hindu,2011,P_D,H_A,0,4211,0.0002370791844476055
Hindu,2011,P_D,P_D,3925,4211,0.9307728781412992
Hindu,2011,P_D,P_A,51,4211,0.012328117591275486
Hindu,2012,A,D,2,160,0.017964071856287425
Hindu,2012,A,A,142,160,0.8562874251497006
Hindu,2012,A,H_D,1,160,0.011976047904191617
Hindu,2012,A,H_A,6,160,0.041916167664670656
Hindu,2012,A,P_D,2,160,0.017964071856287425
Hindu,2012,A,P_A,7,160,0.04790419161676647
Hindu,2012,D,D,4203,4951,0.8479225494150867
Hindu,2012,D,A,46,4951,0.009479628882613958
Hindu,2012,D,H_D,149,4951,0.030254134731746672
Hindu,2012,D,H_A,18,4951,0.0038321903993545786
Hindu,2012,D,P_D,280,4951,0.05667607906413877
Hindu,2012,D,P_A,14,4951,0.0030254134731746672
Hindu,2012,H_A,D,0,181,0.005319148936170213
Hindu,2012,H_A,A,0,181,0.005319148936170213
Hindu,2012,H_A,H_D,5,181,0.031914893617021274
Hindu,2012,H_A,H_A,160,181,0.8563829787234043
Hindu,2012,H_A,P_D,0,181,0.005319148936170213
Hindu,2012,H_A,P_A,16,181,0.09042553191489362
Hindu,2012,H_D,D,0,1235,0.0008051529790660225
Hindu,2012,H_D,A,0,1235,0.0008051529790660225
Hindu,2012,H_D,H_D,1032,1235,0.8317230273752013
Hindu,2012,H_D,H_A,23,1235,0.01932367149758454
Hindu,2012,H_D,P_D,86,1235,0.07004830917874397
Hindu,2012,H_D,P_A,8,1235,0.007246376811594203
Hindu,2012,P_A,D,0,796,0.0012453300124533001
Hindu,2012,P_A,A,0,796,0.0012453300124533001
Hindu,2012,P_A,H_D,0,796,0.0012453300124533001
Hindu,2012,P_A,H_A,0,796,0.0012453300124533001
Hindu,2012,P_A,P_D,20,796,0.026151930261519303
Hindu,2012,P_A,P_A,776,796,0.9676214196762142
Hindu,2012,P_D,D,0,5329,0.0001874062968515742
Hindu,2012,P_D,A,0,5329,0.0001874062968515742
Hindu,2012,P_D,H_D,0,5329,0.0001874062968515742
Hindu,2012,P_D,H_A,0,5329,0.0001874062968515742
Hindu,2012,P_D,P_D,4942,5329,0.9263493253373314
Hindu,2012,P_D,P_A,70,5329,0.013305847076461768
Hindu,2013,A,D,4,212,0.0228310502283105
Hindu,2013,A,A,173,212,0.7945205479452054
Hindu,2013,A,H_D,1,212,0.0091324200913242
Hindu,2013,A,H_A,9,212,0.045662100456621
Hindu,2013,A,P_D,2,212,0.0136986301369863
Hindu,2013,A,P_A,23,212,0.1095890410958904
Hindu,2013,D,D,4832,5624,0.8582844965370272
Hindu,2013,D,A,35,5624,0.006393180607352157
Hindu,2013,D,H_D,137,5624,0.024507192328183273
Hindu,2013,D,H_A,14,5624,0.002663825253063399
Hindu,2013,D,P_D,359,5624,0.06393180607352157
Hindu,2013,D,P_A,13,5624,0.0024862369028591726
Hindu,2013,H_A,D,0,219,0.004424778761061947
Hindu,2013,H_A,A,0,219,0.004424778761061947
Hindu,2013,H_A,H_D,6,219,0.030973451327433628
Hindu,2013,H_A,H_A,187,219,0.831858407079646
Hindu,2013,H_A,P_D,2,219,0.01327433628318584
Hindu,2013,H_A,P_A,24,219,0.11061946902654868
Hindu,2013,H_D,D,0,1497,0.0006648936170212766
Hindu,2013,H_D,A,0,1497,0.0006648936170212766
Hindu,2013,H_D,H_D,1240,1497,0.8251329787234043
Hindu,2013,H_D,H_A,24,1497,0.016622340425531915
Hindu,2013,H_D,P_D,121,1497,0.08111702127659574
Hindu,2013,H_D,P_A,8,1497,0.005984042553191489
Hindu,2013,P_A,D,0,915,0.0010845986984815619
Hindu,2013,P_A,A,0,915,0.0010845986984815619
Hindu,2013,P_A,H_D,0,915,0.0010845986984815619
Hindu,2013,P_A,H_A,0,915,0.0010845986984815619
Hindu,2013,P_A,P_D,28,915,0.031453362255965296
Hindu,2013,P_A,P_A,887,915,0.9631236442516269
Hindu,2013,P_D,D,0,6231,0.0001603077909586406
Hindu,2013,P_D,A,0,6231,0.0001603077909586406
Hindu,2013,P_D,H_D,0,6231,0.0001603077909586406
Hindu,2013,P_D,H_A,0,6231,0.0001603077909586406
Hindu,2013,P_D,P_D,5797,6231,0.9294645719781981
Hindu,2013,P_D,P_A,71,6231,0.011542160949022122
Hindu,2014,A,D,11,221,0.05263157894736842
Hindu,2014,A,A,177,221,0.7807017543859649
Hindu,2014,A,H_D,0,221,0.0043859649122807015
Hindu,2014,A,H_A,14,221,0.06578947368421052
Hindu,2014,A,P_D,1,221,0.008771929824561403
Hindu,2014,A,P_A,18,221,0.08333333333333333
Hindu,2014,D,D,5515,6595,0.8355043926083006
Hindu,2014,D,A,59,6595,0.009088155104513784
Hindu,2014,D,H_D,219,6595,0.03332323538321721
Hindu,2014,D,H_A,19,6595,0.003029385034837928
Hindu,2014,D,P_D,436,6595,0.06619206301120872
Hindu,2014,D,P_A,23,6595,0.0036352620418055137
Hindu,2014,H_A,D,0,240,0.004048582995951417
Hindu,2014,H_A,A,0,240,0.004048582995951417
Hindu,2014,H_A,H_D,6,240,0.02834008097165992
Hindu,2014,H_A,H_A,208,240,0.8461538461538461
Hindu,2014,H_A,P_D,2,240,0.012145748987854251
Hindu,2014,H_A,P_A,24,240,0.10121457489878542
Hindu,2014,H_D,D,0,1747,0.0005701254275940707
Hindu,2014,H_D,A,0,1747,0.0005701254275940707
Hindu,2014,H_D,H_D,1431,1747,0.8164196123147093
Hindu,2014,H_D,H_A,30,1747,0.01767388825541619
Hindu,2014,H_D,P_D,164,1747,0.09407069555302167
Hindu,2014,H_D,P_A,5,1747,0.0034207525655644243
Hindu,2014,P_A,D,0,1044,0.0009514747859181732
Hindu,2014,P_A,A,0,1044,0.0009514747859181732
Hindu,2014,P_A,H_D,0,1044,0.0009514747859181732
Hindu,2014,P_A,H_A,0,1044,0.0009514747859181732
Hindu,2014,P_A,P_D,31,1044,0.030447193149381543
Hindu,2014,P_A,P_A,1013,1044,0.9647954329210275
Hindu,2014,P_D,D,0,7426,0.0001345351809498184
Hindu,2014,P_D,A,0,7426,0.0001345351809498184
Hindu,2014,P_D,H_D,0,7426,0.0001345351809498184
Hindu,2014,P_D,H_A,0,7426,0.0001345351809498184
Hindu,2014,P_D,P_D,6849,7426,0.9215659895062559
Hindu,2014,P_D,P_A,65,7426,0.008879321942688014
Hindu,2015,A,D,12,260,0.04868913857677903
Hindu,2015,A,A,208,260,0.7827715355805244
Hindu,2015,A,H_D,3,260,0.0149812734082397
Hindu,2015,A,H_A,18,260,0.07116104868913857
Hindu,2015,A,P_D,2,260,0.011235955056179775
Hindu,2015,A,P_A,17,260,0.06741573033707865
Hindu,2015,D,D,6206,7408,0.8370869858395145
Hindu,2015,D,A,45,7408,0.006203641267700607
Hindu,2015,D,H_D,270,7408,0.036547538772757925
Hindu,2015,D,H_A,32,7408,0.00445043830074174
Hindu,2015,D,P_D,482,7408,0.06513823331085637
Hindu,2015,D,P_A,27,7408,0.003776129467296022
Hindu,2015,H_A,D,0,279,0.0034965034965034965
Hindu,2015,H_A,A,0,279,0.0034965034965034965
Hindu,2015,H_A,H_D,7,279,0.027972027972027972
Hindu,2015,H_A,H_A,241,279,0.8461538461538461
Hindu,2015,H_A,P_D,1,279,0.006993006993006993
Hindu,2015,H_A,P_A,30,279,0.10839160839160839
Hindu,2015,H_D,D,0,2147,0.00046425255338904364
Hindu,2015,H_D,A,0,2147,0.00046425255338904364
Hindu,2015,H_D,H_D,1775,2147,0.8245125348189415
Hindu,2015,H_D,H_A,38,2147,0.018105849582172703
Hindu,2015,H_D,P_D,168,2147,0.07845868152274837
Hindu,2015,H_D,P_A,7,2147,0.003714020427112349
Hindu,2015,P_A,D,0,1167,0.0008517887563884157
Hindu,2015,P_A,A,0,1167,0.0008517887563884157
Hindu,2015,P_A,H_D,0,1167,0.0008517887563884157
Hindu,2015,P_A,H_A,0,1167,0.0008517887563884157
Hindu,2015,P_A,P_D,48,1167,0.041737649063032366
Hindu,2015,P_A,P_A,1119,1167,0.9540034071550255
Hindu,2015,P_D,D,0,8614,0.00011599582415033058
Hindu,2015,P_D,A,0,8614,0.00011599582415033058
Hindu,2015,P_D,H_D,0,8614,0.00011599582415033058
Hindu,2015,P_D,H_A,0,8614,0.00011599582415033058
Hindu,2015,P_D,P_D,7903,8614,0.916830994084213
Hindu,2015,P_D,P_A,84,8614,0.0098596450527781
Hindu,2016,A,D,17,278,0.06315789473684211
Hindu,2016,A,A,228,278,0.8035087719298246
Hindu,2016,A,H_D,0,278,0.0035087719298245615
Hindu,2016,A,H_A,9,278,0.03508771929824561
Hindu,2016,A,P_D,5,278,0.021052631578947368
Hindu,2016,A,P_A,19,278,0.07017543859649122
Hindu,2016,D,D,6922,8292,0.8341968911917098
Hindu,2016,D,A,68,8292,0.00831425472948548
Hindu,2016,D,H_D,252,8292,0.030485600674780094
Hindu,2016,D,H_A,25,8292,0.003132907579226413
Hindu,2016,D,P_D,508,8292,0.061332690685624774
Hindu,2016,D,P_A,24,8292,0.003012411133871551
Hindu,2016,H_A,D,0,344,0.002849002849002849
Hindu,2016,H_A,A,0,344,0.002849002849002849
Hindu,2016,H_A,H_D,21,344,0.06267806267806268
Hindu,2016,H_A,H_A,291,344,0.8319088319088319
Hindu,2016,H_A,P_D,1,344,0.005698005698005698
Hindu,2016,H_A,P_A,31,344,0.09116809116809117
Hindu,2016,H_D,D,0,2663,0.0003745318352059925
Hindu,2016,H_D,A,0,2663,0.0003745318352059925
Hindu,2016,H_D,H_D,2190,2663,0.8205992509363296
Hindu,2016,H_D,H_A,46,2663,0.017602996254681647
Hindu,2016,H_D,P_D,208,2663,0.07827715355805244
Hindu,2016,H_D,P_A,12,2663,0.0048689138576779025
Hindu,2016,P_A,D,0,1305,0.0007621951219512195
Hindu,2016,P_A,A,0,1305,0.0007621951219512195
Hindu,2016,P_A,H_D,0,1305,0.0007621951219512195
Hindu,2016,P_A,H_A,0,1305,0.0007621951219512195
Hindu,2016,P_A,P_D,51,1305,0.039634146341463415
Hindu,2016,P_A,P_A,1254,1305,0.9565548780487805
Hindu,2016,P_D,D,0,9857,0.00010137875101378751
Hindu,2016,P_D,A,0,9857,0.00010137875101378751
Hindu,2016,P_D,H_D,0,9857,0.00010137875101378751
Hindu,2016,P_D,H_A,0,9857,0.00010137875101378751
Hindu,2016,P_D,P_D,8968,9857,0.9092660178426601
Hindu,2016,P_D,P_A,103,9857,0.010543390105433901
Hindu,2017,A,D,17,296,0.0594059405940594
Hindu,2017,A,A,222,296,0.735973597359736
Hindu,2017,A,H_D,4,296,0.0165016501650165
Hindu,2017,A,H_A,28,296,0.09570957095709572
Hindu,2017,A,P_D,4,296,0.0165016501650165
Hindu,2017,A,P_A,21,296,0.07260726072607261
Hindu,2017,D,D,5693,6939,0.8197523754678951
Hindu,2017,D,A,65,6939,0.009501871580765908
Hindu,2017,D,H_D,207,6939,0.029945292254534985
Hindu,2017,D,H_A,31,6939,0.004606968039159228
Hindu,2017,D,P_D,502,6939,0.07241577886553412
Hindu,2017,D,P_A,31,6939,0.004606968039159228
Hindu,2017,H_A,D,0,371,0.0026455026455026454
Hindu,2017,H_A,A,0,371,0.0026455026455026454
Hindu,2017,H_A,H_D,21,371,0.0582010582010582
Hindu,2017,H_A,H_A,317,371,0.8412698412698413
Hindu,2017,H_A,P_D,1,371,0.005291005291005291
Hindu,2017,H_A,P_A,32,371,0.0873015873015873
Hindu,2017,H_D,D,0,2463,0.0004048582995951417
Hindu,2017,H_D,A,0,2463,0.0004048582995951417
Hindu,2017,H_D,H_D,1952,2463,0.7906882591093117
Hindu,2017,H_D,H_A,50,2463,0.020647773279352227
Hindu,2017,H_D,P_D,216,2463,0.08785425101214575
Hindu,2017,H_D,P_A,14,2463,0.006072874493927126
Hindu,2017,P_A,D,0,1443,0.000689655172413793
Hindu,2017,P_A,A,0,1443,0.000689655172413793
Hindu,2017,P_A,H_D,0,1443,0.000689655172413793
Hindu,2017,P_A,H_A,0,1443,0.000689655172413793
Hindu,2017,P_A,P_D,68,1443,0.04758620689655172
Hindu,2017,P_A,P_A,1375,1443,0.9489655172413793
Hindu,2017,P_D,D,0,9741,0.00010258514567090685
Hindu,2017,P_D,A,0,9741,0.00010258514567090685
Hindu,2017,P_D,H_D,0,9741,0.00010258514567090685
Hindu,2017,P_D,H_A,0,9741,0.00010258514567090685
Hindu,2017,P_D,P_D,8897,9741,0.9128026261797292
Hindu,2017,P_D,P_A,106,9741,0.010976610586787033
Hindu,2018,A,D,14,287,0.05102040816326531
Hindu,2018,A,A,228,287,0.7789115646258503
Hindu,2018,A,H_D,1,287,0.006802721088435374
Hindu,2018,A,H_A,16,287,0.05782312925170068
Hindu,2018,A,P_D,3,287,0.013605442176870748
Hindu,2018,A,P_A,25,287,0.08843537414965986
Hindu,2018,D,D,4710,5710,0.8240335840475774
Hindu,2018,D,A,59,5710,0.010495014867937729
Hindu,2018,D,H_D,146,5710,0.025712786426447438
Hindu,2018,D,H_A,19,5710,0.0034983382893125766
Hindu,2018,D,P_D,416,5710,0.07294035333216722
Hindu,2018,D,P_A,24,5710,0.004372922861640721
Hindu,2018,H_A,D,0,426,0.0023094688221709007
Hindu,2018,H_A,A,0,426,0.0023094688221709007
Hindu,2018,H_A,H_D,18,426,0.04387990762124711
Hindu,2018,H_A,H_A,366,426,0.8475750577367206
Hindu,2018,H_A,P_D,5,426,0.013856812933025405
Hindu,2018,H_A,P_A,37,426,0.08775981524249422
Hindu,2018,H_D,D,0,2184,0.00045641259698767686
Hindu,2018,H_D,A,0,2184,0.00045641259698767686
Hindu,2018,H_D,H_D,1724,2184,0.7873117298037425
Hindu,2018,H_D,H_A,50,2184,0.02327704244637152
Hindu,2018,H_D,P_D,184,2184,0.08443633044272023
Hindu,2018,H_D,P_A,16,2184,0.007759014148790507
Hindu,2018,P_A,D,0,1579,0.0006305170239596469
Hindu,2018,P_A,A,0,1579,0.0006305170239596469
Hindu,2018,P_A,H_D,0,1579,0.0006305170239596469
Hindu,2018,P_A,H_A,0,1579,0.0006305170239596469
Hindu,2018,P_A,P_D,93,1579,0.05926860025220681
Hindu,2018,P_A,P_A,1486,1579,0.937578814627995
Hindu,2018,P_D,D,0,9688,0.00010314595152140278
Hindu,2018,P_D,A,0,9688,0.00010314595152140278
Hindu,2018,P_D,H_D,0,9688,0.00010314595152140278
Hindu,2018,P_D,H_A,0,9688,0.00010314595152140278
Hindu,2018,P_D,P_D,8734,9688,0.9009798865394534
Hindu,2018,P_D,P_A,104,9688,0.010830324909747292
Hindu,2019,A,D,0,287,0.003401360544217687
Hindu,2019,A,A,233,287,0.7959183673469388
Hindu,2019,A,H_D,0,287,0.003401360544217687
Hindu,2019,A,H_A,18,287,0.06462585034013606
Hindu,2019,A,P_D,0,287,0.003401360544217687
Hindu,2019,A,P_A,36,287,0.12585034013605442
Hindu,2019,D,D,3739,4724,0.7905305432255337
Hindu,2019,D,A,67,4724,0.014373282604100613
Hindu,2019,D,H_D,111,4724,0.023673641936165717
Hindu,2019,D,H_A,20,4724,0.004438807863031071
Hindu,2019,D,P_D,415,4724,0.08793067004861552
Hindu,2019,D,P_A,27,4724,0.005918410484041429
Hindu,2019,H_A,D,0,451,0.002183406113537118
Hindu,2019,H_A,A,0,451,0.002183406113537118
Hindu,2019,H_A,H_D,0,451,0.002183406113537118
Hindu,2019,H_A,H_A,394,451,0.8624454148471615
Hindu,2019,H_A,P_D,0,451,0.002183406113537118
Hindu,2019,H_A,P_A,57,451,0.12663755458515283
Hindu,2019,H_D,D,0,1889,0.0005274261603375527
Hindu,2019,H_D,A,0,1889,0.0005274261603375527
Hindu,2019,H_D,H_D,1413,1889,0.7457805907172996
Hindu,2019,H_D,H_A,53,1889,0.028481012658227847
Hindu,2019,H_D,P_D,205,1889,0.10864978902953587
Hindu,2019,H_D,P_A,11,1889,0.006329113924050633
Hindu,2019,P_A,D,0,1692,0.0005885815185403178
Hindu,2019,P_A,A,0,1692,0.0005885815185403178
Hindu,2019,P_A,H_D,0,1692,0.0005885815185403178
Hindu,2019,P_A,H_A,0,1692,0.0005885815185403178
Hindu,2019,P_A,P_D,0,1692,0.0005885815185403178
Hindu,2019,P_A,P_A,1692,1692,0.9964685108887581
Hindu,2019,P_D,D,0,9435,0.00010590976488032197
Hindu,2019,P_D,A,0,9435,0.00010590976488032197
Hindu,2019,P_D,H_D,0,9435,0.00010590976488032197
Hindu,2019,P_D,H_A,0,9435,0.00010590976488032197
Hindu,2019,P_D,P_D,8449,9435,0.8949375132387206
Hindu,2019,P_D,P_A,107,9435,0.011438254607074773
Hindu,2020,A,D,147,300,0.4820846905537459
Hindu,2020,A,A,100,300,0.3289902280130293
Hindu,2020,A,H_D,6,300,0.02280130293159609
Hindu,2020,A,H_A,11,300,0.03908794788273615
Hindu,2020,A,P_D,21,300,0.07166123778501629
Hindu,2020,A,P_A,15,300,0.05211726384364821
Hindu,2020,D,D,3125,3739,0.8344901227976508
Hindu,2020,D,A,44,3739,0.01201281366791244
Hindu,2020,D,H_D,115,3739,0.030966364121729845
Hindu,2020,D,H_A,12,3739,0.0034703683929524828
Hindu,2020,D,P_D,431,3739,0.11532301121195943
Hindu,2020,D,P_A,12,3739,0.0034703683929524828
Hindu,2020,H_A,D,0,485,0.0020325203252032522
Hindu,2020,H_A,A,0,485,0.0020325203252032522
Hindu,2020,H_A,H_D,196,485,0.40040650406504064
Hindu,2020,H_A,H_A,236,485,0.4817073170731707
Hindu,2020,H_A,P_D,21,485,0.044715447154471545
Hindu,2020,H_A,P_A,32,485,0.06707317073170732
Hindu,2020,H_D,D,0,1524,0.0006531678641410843
Hindu,2020,H_D,A,0,1524,0.0006531678641410843
Hindu,2020,H_D,H_D,1270,1524,0.8301763553233181
Hindu,2020,H_D,H_A,34,1524,0.022860875244937948
Hindu,2020,H_D,P_D,214,1524,0.1404310907903331
Hindu,2020,H_D,P_A,6,1524,0.0045721750489875895
Hindu,2020,P_A,D,0,1930,0.0005162622612287042
Hindu,2020,P_A,A,0,1930,0.0005162622612287042
Hindu,2020,P_A,H_D,0,1930,0.0005162622612287042
Hindu,2020,P_A,H_A,0,1930,0.0005162622612287042
Hindu,2020,P_A,P_D,1253,1930,0.6473928755807951
Hindu,2020,P_A,P_A,677,1930,0.3500258131130614
Hindu,2020,P_D,D,0,9069,0.00011018069634200089
Hindu,2020,P_D,A,0,9069,0.00011018069634200089
Hindu,2020,P_D,H_D,0,9069,0.00011018069634200089
Hindu,2020,P_D,H_A,0,9069,0.00011018069634200089
Hindu,2020,P_D,P_D,8990,9069,0.9906346408109299
Hindu,2020,P_D,P_A,79,9069,0.00881445570736007
Hindu,2021,A,D,1,144,0.013245033112582781
Hindu,2021,A,A,121,144,0.8079470198675497
Hindu,2021,A,H_D,2,144,0.019867549668874173
Hindu,2021,A,H_A,7,144,0.052980132450331126
Hindu,2021,A,P_D,1,144,0.013245033112582781
Hindu,2021,A,P_A,12,144,0.08609271523178808
Hindu,2021,D,D,2810,3272,0.8572735590118938
Hindu,2021,D,A,12,3272,0.003964623360780726
Hindu,2021,D,H_D,77,3272,0.023787740164684355
Hindu,2021,D,H_A,3,3272,0.001219884111009454
Hindu,2021,D,P_D,366,3272,0.11192436718511742
Hindu,2021,D,P_A,4,3272,0.0015248551387618177
Hindu,2021,H_A,D,0,293,0.0033333333333333335
Hindu,2021,H_A,A,0,293,0.0033333333333333335
Hindu,2021,H_A,H_D,3,293,0.013333333333333334
Hindu,2021,H_A,H_A,256,293,0.8566666666666667
Hindu,2021,H_A,P_D,0,293,0.0033333333333333335
Hindu,2021,H_A,P_A,34,293,0.11666666666666667
Hindu,2021,H_D,D,0,1587,0.0006273525721455458
Hindu,2021,H_D,A,0,1587,0.0006273525721455458
Hindu,2021,H_D,H_D,1360,1587,0.8538268506900878
Hindu,2021,H_D,H_A,16,1587,0.01066499372647428
Hindu,2021,H_D,P_D,203,1587,0.12797992471769135
Hindu,2021,H_D,P_A,8,1587,0.0056461731493099125
Hindu,2021,P_A,D,0,821,0.0012077294685990338
Hindu,2021,P_A,A,0,821,0.0012077294685990338
Hindu,2021,P_A,H_D,0,821,0.0012077294685990338
Hindu,2021,P_A,H_A,0,821,0.0012077294685990338
Hindu,2021,P_A,P_D,39,821,0.04830917874396135
Hindu,2021,P_A,P_A,782,821,0.9456521739130435
Hindu,2021,P_D,D,0,10930,9.143275121148396e-05
Hindu,2021,P_D,A,0,10930,9.143275121148396e-05
Hindu,2021,P_D,H_D,0,10930,9.143275121148396e-05
Hindu,2021,P_D,H_A,0,10930,9.143275121148396e-05
Hindu,2021,P_D,P_D,10880,10930,0.9948797659321569
Hindu,2021,P_D,P_A,50,10930,0.0046630703117856815
Hindu,2022,A,D,1,133,0.014285714285714285
Hindu,2022,A,A,107,133,0.7714285714285715
Hindu,2022,A,H_D,0,133,0.007142857142857143
Hindu,2022,A,H_A,9,133,0.07142857142857142
Hindu,2022,A,P_D,0,133,0.007142857142857143
Hindu,2022,A,P_A,16,133,0.12142857142857143
Hindu,2022,D,D,2283,2811,0.8105039034776437
Hindu,2022,D,A,4,2811,0.0017743080198722497
Hindu,2022,D,H_D,69,2811,0.0248403122782115
Hindu,2022,D,H_A,0,2811,0.00035486160397445
Hindu,2022,D,P_D,451,2811,0.1603974449964514
Hindu,2022,D,P_A,4,2811,0.0017743080198722497
Hindu,2022,H_A,D,0,282,0.0034602076124567475
Hindu,2022,H_A,A,0,282,0.0034602076124567475
Hindu,2022,H_A,H_D,6,282,0.02422145328719723
Hindu,2022,H_A,H_A,243,282,0.8442906574394463
Hindu,2022,H_A,P_D,4,282,0.01730103806228374
Hindu,2022,H_A,P_A,29,282,0.10380622837370242
Hindu,2022,H_D,D,0,1442,0.0006901311249137336
Hindu,2022,H_D,A,0,1442,0.0006901311249137336
Hindu,2022,H_D,H_D,1223,1442,0.84472049689441
Hindu,2022,H_D,H_A,4,1442,0.003450655624568668
Hindu,2022,H_D,P_D,215,1442,0.14906832298136646
Hindu,2022,H_D,P_A,0,1442,0.0006901311249137336
Hindu,2022,P_A,D,0,890,0.0011148272017837235
Hindu,2022,P_A,A,0,890,0.0011148272017837235
Hindu,2022,P_A,H_D,0,890,0.0011148272017837235
Hindu,2022,P_A,H_A,0,890,0.0011148272017837235
Hindu,2022,P_A,P_D,79,890,0.08918617614269789
Hindu,2022,P_A,P_A,811,890,0.9052396878483835
Hindu,2022,P_D,D,0,11489,8.698677800974252e-05
Hindu,2022,P_D,A,0,11489,8.698677800974252e-05
Hindu,2022,P_D,H_D,0,11489,8.698677800974252e-05
Hindu,2022,P_D,H_A,0,11489,8.698677800974252e-05
Hindu,2022,P_D,P_D,11464,11489,0.997303409881698
Hindu,2022,P_D,P_A,25,11489,0.0022616562282533055
Hindu,2023,A,D,0,111,0.00847457627118644
Hindu,2023,A,A,0,111,0.00847457627118644
Hindu,2023,A,H_D,0,111,0.00847457627118644
Hindu,2023,A,H_A,0,111,0.00847457627118644
Hindu,2023,A,P_D,0,111,0.00847457627118644
Hindu,2023,A,P_A,0,111,0.00847457627118644
Hindu,2023,D,D,0,2284,0.00043649061545176777
Hindu,2023,D,A,0,2284,0.00043649061545176777
Hindu,2023,D,H_D,0,2284,0.00043649061545176777
Hindu,2023,D,H_A,0,2284,0.00043649061545176777
Hindu,2023,D,P_D,0,2284,0.00043649061545176777
Hindu,2023,D,P_A,0,2284,0.00043649061545176777
Hindu,2023,H_A,D,0,256,0.0038022813688212928
Hindu,2023,H_A,A,0,256,0.0038022813688212928
Hindu,2023,H_A,H_D,0,256,0.0038022813688212928
Hindu,2023,H_A,H_A,0,256,0.0038022813688212928
Hindu,2023,H_A,P_D,0,256,0.0038022813688212928
Hindu,2023,H_A,P_A,0,256,0.0038022813688212928
Hindu,2023,H_D,D,0,1298,0.0007662835249042146
Hindu,2023,H_D,A,0,1298,0.0007662835249042146
Hindu,2023,H_D,H_D,0,1298,0.0007662835249042146
Hindu,2023,H_D,H_A,0,1298,0.0007662835249042146
Hindu,2023,H_D,P_D,0,1298,0.0007662835249042146
Hindu,2023,H_D,P_A,0,1298,0.0007662835249042146
Hindu,2023,P_A,D,0,885,0.0011210762331838565
Hindu,2023,P_A,A,0,885,0.0011210762331838565
Hindu,2023,P_A,H_D,0,885,0.0011210762331838565
Hindu,2023,P_A,H_A,0,885,0.0011210762331838565
Hindu,2023,P_A,P_D,0,885,0.0011210762331838565
Hindu,2023,P_A,P_A,0,885,0.0011210762331838565
Hindu,2023,P_D,D,0,12213,8.183306055646482e-05
Hindu,2023,P_D,A,0,12213,8.183306055646482e-05
Hindu,2023,P_D,H_D,0,12213,8.183306055646482e-05
Hindu,2023,P_D,H_A,0,12213,8.183306055646482e-05
Hindu,2023,P_D,P_D,0,12213,8.183306055646482e-05
Hindu,2023,P_D,P_A,0,12213,8.183306055646482e-05
Islamic,2000,A,D,0,16,0.043478260869565216
Islamic,2000,A,A,13,16,0.6086956521739131
Islamic,2000,A,H_D,0,16,0.043478260869565216
Islamic,2000,A,H_A,1,16,0.08695652173913043
Islamic,2000,A,P_D,0,16,0.043478260869565216
Islamic,2000,A,P_A,2,16,0.13043478260869565
Islamic,2000,D,D,248,286,0.8498293515358362
Islamic,2000,D,A,1,286,0.006825938566552901
Islamic,2000,D,H_D,7,286,0.027303754266211604
Islamic,2000,D,H_A,0,286,0.0034129692832764505
Islamic,2000,D,P_D,19,286,0.06825938566552901
Islamic,2000,D,P_A,1,286,0.006825938566552901
Islamic,2000,H_A,D,0,5,0.08333333333333333
Islamic,2000,H_A,A,0,5,0.08333333333333333
Islamic,2000,H_A,H_D,1,5,0.16666666666666666
Islamic,2000,H_A,H_A,2,5,0.25
Islamic,2000,H_A,P_D,0,5,0.08333333333333333
Islamic,2000,H_A,P_A,2,5,0.25
Islamic,2000,H_D,D,0,45,0.019230769230769232
Islamic,2000,H_D,A,0,45,0.019230769230769232
Islamic,2000,H_D,H_D,40,45,0.7884615384615384
Islamic,2000,H_D,H_A,0,45,0.019230769230769232
Islamic,2000,H_D,P_D,3,45,0.07692307692307693
Islamic,2000,H_D,P_A,0,45,0.019230769230769232
Islamic,2000,P_A,D,0,16,0.043478260869565216
Islamic,2000,P_A,A,0,16,0.043478260869565216
Islamic,2000,P_A,H_D,0,16,0.043478260869565216
Islamic,2000,P_A,H_A,0,16,0.043478260869565216
Islamic,2000,P_A,P_D,0,16,0.043478260869565216
Islamic,2000,P_A,P_A,16,16,0.7391304347826086
Islamic,2000,P_D,D,0,288,0.003389830508474576
Islamic,2000,P_D,A,0,288,0.003389830508474576
Islamic,2000,P_D,H_D,0,288,0.003389830508474576
Islamic,2000,P_D,H_A,0,288,0.003389830508474576
Islamic,2000,P_D,P_D,274,288,0.9322033898305084
Islamic,2000,P_D,P_A,7,288,0.02711864406779661
Islamic,2001,A,D,0,23,0.03333333333333333
Islamic,2001,A,A,18,23,0.6333333333333333
Islamic,2001,A,H_D,0,23,0.03333333333333333
Islamic,2001,A,H_A,1,23,0.06666666666666667
Islamic,2001,A,P_D,0,23,0.03333333333333333
Islamic,2001,A,P_A,4,23,0.16666666666666666
Islamic,2001,D,D,396,488,0.802020202020202
Islamic,2001,D,A,12,488,0.026262626262626262
Islamic,2001,D,H_D,11,488,0.024242424242424242
Islamic,2001,D,H_A,0,488,0.00202020202020202
Islamic,2001,D,P_D,51,488,0.10505050505050505
Islamic,2001,D,P_A,10,488,0.022222222222222223
Islamic,2001,H_A,D,0,5,0.08333333333333333
Islamic,2001,H_A,A,0,5,0.08333333333333333
Islamic,2001,H_A,H_D,0,5,0.08333333333333333
Islamic,2001,H_A,H_A,3,5,0.3333333333333333
Islamic,2001,H_A,P_D,0,5,0.08333333333333333
Islamic,2001,H_A,P_A,2,5,0.25
Islamic,2001,H_D,D,0,86,0.010752688172043012
Islamic,2001,H_D,A,0,86,0.010752688172043012
Islamic,2001,H_D,H_D,67,86,0.7311827956989247
Islamic,2001,H_D,H_A,2,86,0.03225806451612903
Islamic,2001,H_D,P_D,12,86,0.13978494623655913
Islamic,2001,H_D,P_A,3,86,0.043010752688172046
Islamic,2001,P_A,D,0,49,0.017857142857142856
Islamic,2001,P_A,A,0,49,0.017857142857142856
Islamic,2001,P_A,H_D,0,49,0.017857142857142856
Islamic,2001,P_A,H_A,0,49,0.017857142857142856
Islamic,2001,P_A,P_D,2,49,0.05357142857142857
Islamic,2001,P_A,P_A,47,49,0.8571428571428571
Islamic,2001,P_D,D,0,516,0.0019120458891013384
Islamic,2001,P_D,A,0,516,0.0019120458891013384
Islamic,2001,P_D,H_D,0,516,0.0019120458891013384
Islamic,2001,P_D,H_A,0,516,0.0019120458891013384
Islamic,2001,P_D,P_D,468,516,0.8967495219885278
Islamic,2001,P_D,P_A,32,516,0.06309751434034416
Islamic,2002,A,D,0,60,0.014925373134328358
Islamic,2002,A,A,51,60,0.7761194029850746
Islamic,2002,A,H_D,0,60,0.014925373134328358
Islamic,2002,A,H_A,2,60,0.04477611940298507
Islamic,2002,A,P_D,1,60,0.029850746268656716
Islamic,2002,A,P_A,6,60,0.1044776119402985
Islamic,2002,D,D,770,916,0.8353196099674973
Islamic,2002,D,A,21,916,0.023835319609967497
Islamic,2002,D,H_D,8,916,0.009750812567713976
Islamic,2002,D,H_A,6,916,0.007583965330444204
Islamic,2002,D,P_D,63,916,0.06933911159263272
Islamic,2002,D,P_A,7,916,0.00866738894907909
Islamic,2002,H_A,D,0,16,0.043478260869565216
Islamic,2002,H_A,A,0,16,0.043478260869565216
Islamic,2002,H_A,H_D,0,16,0.043478260869565216
Islamic,2002,H_A,H_A,14,16,0.6521739130434783
Islamic,2002,H_A,P_D,0,16,0.043478260869565216
Islamic,2002,H_A,P_A,2,16,0.13043478260869565
Islamic,2002,H_D,D,0,131,0.007246376811594203
Islamic,2002,H_D,A,0,131,0.007246376811594203
Islamic,2002,H_D,H_D,90,131,0.6594202898550725
Islamic,2002,H_D,H_A,3,131,0.028985507246376812
Islamic,2002,H_D,P_D,21,131,0.15942028985507245
Islamic,2002,H_D,P_A,3,131,0.028985507246376812
Islamic,2002,P_A,D,0,133,0.007142857142857143
Islamic,2002,P_A,A,0,133,0.007142857142857143
Islamic,2002,P_A,H_D,0,133,0.007142857142857143
Islamic,2002,P_A,H_A,0,133,0.007142857142857143
Islamic,2002,P_A,P_D,1,133,0.014285714285714285
Islamic,2002,P_A,P_A,132,133,0.95
Islamic,2002,P_D,D,0,968,0.0010256410256410256
Islamic,2002,P_D,A,0,968,0.0010256410256410256
Islamic,2002,P_D,H_D,0,968,0.0010256410256410256
Islamic,2002,P_D,H_A,0,968,0.0010256410256410256
Islamic,2002,P_D,P_D,869,968,0.8923076923076924
Islamic,2002,P_D,P_A,31,968,0.03282051282051282
Islamic,2003,A,D,1,98,0.01904761904761905
Islamic,2003,A,A,79,98,0.7619047619047619
Islamic,2003,A,H_D,0,98,0.009523809523809525
Islamic,2003,A,H_A,4,98,0.047619047619047616
Islamic,2003,A,P_D,0,98,0.009523809523809525
Islamic,2003,A,P_A,14,98,0.14285714285714285
Islamic,2003,D,D,1026,1169,0.8732993197278912
Islamic,2003,D,A,16,1169,0.01445578231292517
Islamic,2003,D,H_D,16,1169,0.01445578231292517
Islamic,2003,D,H_A,4,1169,0.004251700680272109
Islamic,2003,D,P_D,73,1169,0.06292517006802721
Islamic,2003,D,P_A,6,1169,0.005952380952380952
Islamic,2003,H_A,D,0,31,0.02631578947368421
Islamic,2003,H_A,A,0,31,0.02631578947368421
Islamic,2003,H_A,H_D,2,31,0.07894736842105263
Islamic,2003,H_A,H_A,24,31,0.6578947368421053
Islamic,2003,H_A,P_D,0,31,0.02631578947368421
Islamic,2003,H_A,P_A,5,31,0.15789473684210525
Islamic,2003,H_D,D,0,152,0.006289308176100629
Islamic,2003,H_D,A,0,152,0.006289308176100629
Islamic,2003,H_D,H_D,125,152,0.7924528301886793
Islamic,2003,H_D,H_A,3,152,0.025157232704402517
Islamic,2003,H_D,P_D,19,152,0.12578616352201258
Islamic,2003,H_D,P_A,2,152,0.018867924528301886
Islamic,2003,P_A,D,0,200,0.004830917874396135
Islamic,2003,P_A,A,0,200,0.004830917874396135
Islamic,2003,P_A,H_D,0,200,0.004830917874396135
Islamic,2003,P_A,H_A,0,200,0.004830917874396135
Islamic,2003,P_A,P_D,2,200,0.014492753623188406
Islamic,2003,P_A,P_A,198,200,0.961352657004831
Islamic,2003,P_D,D,0,1307,0.00076103500761035
Islamic,2003,P_D,A,0,1307,0.00076103500761035
Islamic,2003,P_D,H_D,0,1307,0.00076103500761035
Islamic,2003,P_D,H_A,0,1307,0.00076103500761035
Islamic,2003,P_D,P_D,1218,1307,0.9277016742770168
Islamic,2003,P_D,P_A,21,1307,0.0167427701674277
Islamic,2004,A,D,6,113,0.058333333333333334
Islamic,2004,A,A,100,113,0.8416666666666667
Islamic,2004,A,H_D,0,113,0.008333333333333333
Islamic,2004,A,H_A,1,113,0.016666666666666666
Islamic,2004,A,P_D,2,113,0.025
Islamic,2004,A,P_A,4,113,0.041666666666666664
Islamic,2004,D,D,1390,1577,0.8781565656565656
Islamic,2004,D,A,19,1577,0.012626262626262626
Islamic,2004,D,H_D,27,1577,0.017676767676767676
Islamic,2004,D,H_A,3,1577,0.0025252525252525255
Islamic,2004,D,P_D,83,1577,0.05303030303030303
Islamic,2004,D,P_A,9,1577,0.006313131313131313
Islamic,2004,H_A,D,0,41,0.020833333333333332
Islamic,2004,H_A,A,0,41,0.020833333333333332
Islamic,2004,H_A,H_D,1,41,0.041666666666666664
Islamic,2004,H_A,H_A,36,41,0.7708333333333334
Islamic,2004,H_A,P_D,0,41,0.020833333333333332
Islamic,2004,H_A,P_A,4,41,0.10416666666666667
Islamic,2004,H_D,D,0,214,0.004524886877828055
Islamic,2004,H_D,A,0,214,0.004524886877828055
Islamic,2004,H_D,H_D,178,214,0.8099547511312217
Islamic,2004,H_D,H_A,4,214,0.02262443438914027
Islamic,2004,H_D,P_D,19,214,0.09049773755656108
Islamic,2004,H_D,P_A,3,214,0.01809954751131222
Islamic,2004,P_A,D,0,260,0.003745318352059925
Islamic,2004,P_A,A,0,260,0.003745318352059925
Islamic,2004,P_A,H_D,0,260,0.003745318352059925
Islamic,2004,P_A,H_A,0,260,0.003745318352059925
Islamic,2004,P_A,P_D,7,260,0.0299625468164794
Islamic,2004,P_A,P_A,253,260,0.951310861423221
Islamic,2004,P_D,D,0,1724,0.0005777007510109763
Islamic,2004,P_D,A,0,1724,0.0005777007510109763
Islamic,2004,P_D,H_D,0,1724,0.0005777007510109763
Islamic,2004,P_D,H_A,0,1724,0.0005777007510109763
Islamic,2004,P_D,P_D,1618,1724,0.9352975158867707
Islamic,2004,P_D,P_A,36,1724,0.021374927787406125
Islamic,2005,A,D,3,150,0.025477707006369428
Islamic,2005,A,A,129,150,0.8280254777070064
Islamic,2005,A,H_D,0,150,0.006369426751592357
Islamic,2005,A,H_A,4,150,0.03184713375796178
Islamic,2005,A,P_D,4,150,0.03184713375796178
Islamic,2005,A,P_A,10,150,0.07006369426751592
Islamic,2005,D,D,1706,2007,0.8475670307845085
Islamic,2005,D,A,29,2007,0.014895729890764648
Islamic,2005,D,H_D,44,2007,0.022343594836146972
Islamic,2005,D,H_A,8,2007,0.004468718967229395
Islamic,2005,D,P_D,143,2007,0.07149950347567031
Islamic,2005,D,P_A,15,2007,0.007944389275074478
Islamic,2005,H_A,D,0,49,0.017857142857142856
Islamic,2005,H_A,A,0,49,0.017857142857142856
Islamic,2005,H_A,H_D,3,49,0.07142857142857142
Islamic,2005,H_A,H_A,35,49,0.6428571428571429
Islamic,2005,H_A,P_D,0,49,0.017857142857142856
Islamic,2005,H_A,P_A,11,49,0.21428571428571427
Islamic,2005,H_D,D,0,293,0.0033333333333333335
Islamic,2005,H_D,A,0,293,0.0033333333333333335
Islamic,2005,H_D,H_D,243,293,0.8133333333333334
Islamic,2005,H_D,H_A,2,293,0.01
Islamic,2005,H_D,P_D,31,293,0.10666666666666667
Islamic,2005,H_D,P_A,0,293,0.0033333333333333335
Islamic,2005,P_A,D,0,338,0.002898550724637681
Islamic,2005,P_A,A,0,338,0.002898550724637681
Islamic,2005,P_A,H_D,0,338,0.002898550724637681
Islamic,2005,P_A,H_A,0,338,0.002898550724637681
Islamic,2005,P_A,P_D,15,338,0.0463768115942029
Islamic,2005,P_A,P_A,323,338,0.9391304347826087
Islamic,2005,P_D,D,0,2222,0.00044863167339614175
Islamic,2005,P_D,A,0,2222,0.00044863167339614175
Islamic,2005,P_D,H_D,0,2222,0.00044863167339614175
Islamic,2005,P_D,H_A,0,2222,0.00044863167339614175
Islamic,2005,P_D,P_D,2061,2222,0.9250785105428443
Islamic,2005,P_D,P_A,57,2222,0.02602063705697622
Islamic,2006,A,D,2,206,0.014084507042253521
Islamic,2006,A,A,176,206,0.8309859154929577
Islamic,2006,A,H_D,1,206,0.009389671361502348
Islamic,2006,A,H_A,9,206,0.046948356807511735
Islamic,2006,A,P_D,1,206,0.009389671361502348
Islamic,2006,A,P_A,17,206,0.08450704225352113
Islamic,2006,D,D,2226,2605,0.8526033690658499
Islamic,2006,D,A,36,2605,0.014165390505359877
Islamic,2006,D,H_D,57,2605,0.0222052067381317
Islamic,2006,D,H_A,4,2605,0.0019142419601837673
Islamic,2006,D,P_D,160,2605,0.06163859111791731
Islamic,2006,D,P_A,10,2605,0.004211332312404288
Islamic,2006,H_A,D,0,54,0.01639344262295082
Islamic,2006,H_A,A,0,54,0.01639344262295082
Islamic,2006,H_A,H_D,5,54,0.09836065573770492
Islamic,2006,H_A,H_A,39,54,0.6557377049180327
Islamic,2006,H_A,P_D,0,54,0.01639344262295082
Islamic,2006,H_A,P_A,10,54,0.18032786885245902
Islamic,2006,H_D,D,0,406,0.002421307506053269
Islamic,2006,H_D,A,0,406,0.002421307506053269
Islamic,2006,H_D,H_D,337,406,0.8184019370460048
Islamic,2006,H_D,H_A,11,406,0.029055690072639227
Islamic,2006,H_D,P_D,37,406,0.09200968523002422
Islamic,2006,H_D,P_A,4,406,0.012106537530266344
Islamic,2006,P_A,D,0,436,0.002257336343115124
Islamic,2006,P_A,A,0,436,0.002257336343115124
Islamic,2006,P_A,H_D,0,436,0.002257336343115124
Islamic,2006,P_A,H_A,0,436,0.002257336343115124
Islamic,2006,P_A,P_D,12,436,0.029345372460496615
Islamic,2006,P_A,P_A,424,436,0.9593679458239278
Islamic,2006,P_D,D,0,2884,0.0003459010722933241
Islamic,2006,P_D,A,0,2884,0.0003459010722933241
Islamic,2006,P_D,H_D,0,2884,0.0003459010722933241
Islamic,2006,P_D,H_A,0,2884,0.0003459010722933241
Islamic,2006,P_D,P_D,2649,2884,0.9166378415773089
Islamic,2006,P_D,P_A,59,2884,0.020754064337599448
Islamic,2007,A,D,6,269,0.025362318840579712
Islamic,2007,A,A,222,269,0.8079710144927537
Islamic,2007,A,H_D,1,269,0.007246376811594203
Islamic,2007,A,H_A,11,269,0.043478260869565216
Islamic,2007,A,P_D,5,269,0.021739130434782608
Islamic,2007,A,P_A,24,269,0.09057971014492754
Islamic,2007,D,D,2706,3176,0.8504555450832548
Islamic,2007,D,A,41,3176,0.013195098963242224
Islamic,2007,D,H_D,91,3176,0.028903550109959156
Islamic,2007,D,H_A,17,3176,0.005655042412818096
Islamic,2007,D,P_D,192,3176,0.06063462142632736
Islamic,2007,D,P_A,15,3176,0.005026704366949419
Islamic,2007,H_A,D,0,80,0.011494252873563218
Islamic,2007,H_A,A,0,80,0.011494252873563218
Islamic,2007,H_A,H_D,0,80,0.011494252873563218
Islamic,2007,H_A,H_A,71,80,0.8275862068965517
Islamic,2007,H_A,P_D,0,80,0.011494252873563218
Islamic,2007,H_A,P_A,9,80,0.11494252873563218
Islamic,2007,H_D,D,0,563,0.0017543859649122807
Islamic,2007,H_D,A,0,563,0.0017543859649122807
Islamic,2007,H_D,H_D,455,563,0.8
Islamic,2007,H_D,H_A,25,563,0.0456140350877193
Islamic,2007,H_D,P_D,45,563,0.08070175438596491
Islamic,2007,H_D,P_A,7,563,0.014035087719298246
Islamic,2007,P_A,D,0,555,0.0017793594306049821
Islamic,2007,P_A,A,0,555,0.0017793594306049821
Islamic,2007,P_A,H_D,0,555,0.0017793594306049821
Islamic,2007,P_A,H_A,0,555,0.0017793594306049821
Islamic,2007,P_A,P_D,16,555,0.030249110320284697
Islamic,2007,P_A,P_A,539,555,0.9608540925266904
Islamic,2007,P_D,D,0,3521,0.0002834467120181406
Islamic,2007,P_D,A,0,3521,0.0002834467120181406
Islamic,2007,P_D,H_D,0,3521,0.0002834467120181406
Islamic,2007,P_D,H_A,0,3521,0.0002834467120181406
Islamic,2007,P_D,P_D,3286,3521,0.9316893424036281
Islamic,2007,P_D,P_A,67,3521,0.01927437641723356
Islamic,2008,A,D,5,305,0.019230769230769232
Islamic,2008,A,A,267,305,0.8589743589743589
Islamic,2008,A,H_D,0,305,0.003205128205128205
Islamic,2008,A,H_A,11,305,0.038461538461538464
Islamic,2008,A,P_D,0,305,0.003205128205128205
Islamic,2008,A,P_A,22,305,0.07371794871794872
Islamic,2008,D,D,3418,4019,0.8492300049677098
Islamic,2008,D,A,52,4019,0.013164431197218083
Islamic,2008,D,H_D,108,4019,0.027074018877297566
Islamic,2008,D,H_A,20,4019,0.005216095380029807
Islamic,2008,D,P_D,242,4019,0.06035767511177347
Islamic,2008,D,P_A,19,4019,0.004967709885742673
Islamic,2008,H_A,D,0,137,0.006944444444444444
Islamic,2008,H_A,A,0,137,0.006944444444444444
Islamic,2008,H_A,H_D,2,137,0.020833333333333332
Islamic,2008,H_A,H_A,122,137,0.8541666666666666
Islamic,2008,H_A,P_D,2,137,0.020833333333333332
Islamic,2008,H_A,P_A,11,137,0.08333333333333333
Islamic,2008,H_D,D,0,779,0.001272264631043257
Islamic,2008,H_D,A,0,779,0.001272264631043257
Islamic,2008,H_D,H_D,663,779,0.8447837150127226
Islamic,2008,H_D,H_A,16,779,0.021628498727735368
Islamic,2008,H_D,P_D,59,779,0.07633587786259542
Islamic,2008,H_D,P_A,2,779,0.003816793893129771
Islamic,2008,P_A,D,0,685,0.001445086705202312
Islamic,2008,P_A,A,0,685,0.001445086705202312
Islamic,2008,P_A,H_D,0,685,0.001445086705202312
Islamic,2008,P_A,H_A,0,685,0.001445086705202312
Islamic,2008,P_A,P_D,16,685,0.024566473988439308
Islamic,2008,P_A,P_A,669,685,0.9682080924855492
Islamic,2008,P_D,D,0,4369,0.00022851919561243144
Islamic,2008,P_D,A,0,4369,0.00022851919561243144
Islamic,2008,P_D,H_D,0,4369,0.00022851919561243144
Islamic,2008,P_D,H_A,0,4369,0.00022851919561243144
Islamic,2008,P_D,P_D,4061,4369,0.9282449725776966
Islamic,2008,P_D,P_A,79,4369,0.018281535648994516
Islamic,2009,A,D,10,381,0.028350515463917526
Islamic,2009,A,A,328,381,0.8479381443298969
Islamic,2009,A,H_D,1,381,0.005154639175257732
Islamic,2009,A,H_A,12,381,0.03350515463917526
Islamic,2009,A,P_D,3,381,0.010309278350515464
Islamic,2009,A,P_A,27,381,0.07216494845360824
Islamic,2009,D,D,4159,4916,0.845013203331302
Islamic,2009,D,A,61,4916,0.012593946780418443
Islamic,2009,D,H_D,147,4916,0.030062969733902094
Islamic,2009,D,H_A,18,4916,0.00385943530367662
Islamic,2009,D,P_D,303,4916,0.06175096485882592
Islamic,2009,D,P_A,31,4916,0.006500101564086939
Islamic,2009,H_A,D,0,184,0.005235602094240838
Islamic,2009,H_A,A,0,184,0.005235602094240838
Islamic,2009,H_A,H_D,2,184,0.015706806282722512
Islamic,2009,H_A,H_A,160,184,0.8429319371727748
Islamic,2009,H_A,P_D,0,184,0.005235602094240838
Islamic,2009,H_A,P_A,22,184,0.12041884816753927
Islamic,2009,H_D,D,0,1076,0.0009233610341643582
Islamic,2009,H_D,A,0,1076,0.0009233610341643582
Islamic,2009,H_D,H_D,906,1076,0.8374884579870729
Islamic,2009,H_D,H_A,23,1076,0.0221606648199446
Islamic,2009,H_D,P_D,95,1076,0.0886426592797784
Islamic,2009,H_D,P_A,6,1076,0.006463527239150508
Islamic,2009,P_A,D,0,830,0.0011947431302270011
Islamic,2009,P_A,A,0,830,0.0011947431302270011
Islamic,2009,P_A,H_D,0,830,0.0011947431302270011
Islamic,2009,P_A,H_A,0,830,0.0011947431302270011
Islamic,2009,P_A,P_D,21,830,0.026284348864994027
Islamic,2009,P_A,P_A,809,830,0.967741935483871
Islamic,2009,P_D,D,0,5390,0.00018528812303131369
Islamic,2009,P_D,A,0,5390,0.00018528812303131369
Islamic,2009,P_D,H_D,0,5390,0.00018528812303131369
Islamic,2009,P_D,H_A,0,5390,0.00018528812303131369
Islamic,2009,P_D,P_D,5023,5390,0.93088753010932
Islamic,2009,P_D,P_A,102,5390,0.019084676672225312
Islamic,2010,A,D,19,460,0.042826552462526764
Islamic,2010,A,A,383,460,0.8222698072805139
Islamic,2010,A,H_D,3,460,0.008565310492505354
Islamic,2010,A,H_A,21,460,0.047109207708779445
Islamic,2010,A,P_D,5,460,0.01284796573875803
Islamic,2010,A,P_A,29,460,0.06423982869379015
Islamic,2010,D,D,5008,5959,0.8395910157559504
Islamic,2010,D,A,64,5959,0.01089507207509219
Islamic,2010,D,H_D,196,5959,0.03302044921220248
Islamic,2010,D,H_A,28,5959,0.004860878310425746
Islamic,2010,D,P_D,373,5959,0.06268856855514583
Islamic,2010,D,P_A,23,5959,0.004022795843110962
Islamic,2010,H_A,D,0,228,0.00425531914893617
Islamic,2010,H_A,A,0,228,0.00425531914893617
Islamic,2010,H_A,H_D,7,228,0.03404255319148936
Islamic,2010,H_A,H_A,198,228,0.8468085106382979
Islamic,2010,H_A,P_D,0,228,0.00425531914893617
Islamic,2010,H_A,P_A,23,228,0.10212765957446808
Islamic,2010,H_D,D,0,1409,0.0007062146892655367
Islamic,2010,H_D,A,0,1409,0.0007062146892655367
Islamic,2010,H_D,H_D,1173,1409,0.8290960451977402
Islamic,2010,H_D,H_A,25,1409,0.018361581920903956
Islamic,2010,H_D,P_D,123,1409,0.08757062146892655
Islamic,2010,H_D,P_A,6,1409,0.0049435028248587575
Islamic,2010,P_A,D,0,1047,0.0009487666034155598
Islamic,2010,P_A,A,0,1047,0.0009487666034155598
Islamic,2010,P_A,H_D,0,1047,0.0009487666034155598
Islamic,2010,P_A,H_A,0,1047,0.0009487666034155598
Islamic,2010,P_A,P_D,31,1047,0.030360531309297913
Islamic,2010,P_A,P_A,1016,1047,0.9648956356736242
Islamic,2010,P_D,D,0,6611,0.0001511030522816561
Islamic,2010,P_D,A,0,6611,0.0001511030522816561
Islamic,2010,P_D,H_D,0,6611,0.0001511030522816561
Islamic,2010,P_D,H_A,0,6611,0.0001511030522816561
Islamic,2010,P_D,P_D,6125,6611,0.9256572982774252
Islamic,2010,P_D,P_A,94,6611,0.014354789966757328
Islamic,2011,A,D,19,510,0.03868471953578337
Islamic,2011,A,A,405,510,0.7852998065764023
Islamic,2011,A,H_D,3,510,0.007736943907156673
Islamic,2011,A,H_A,31,510,0.061895551257253385
Islamic,2011,A,P_D,8,510,0.017408123791102514
Islamic,2011,A,P_A,44,510,0.08704061895551257
Islamic,2011,D,D,5899,6972,0.8453933228256197
Islamic,2011,D,A,83,6972,0.012036108324974924
Islamic,2011,D,H_D,177,6972,0.02550508668863734
Islamic,2011,D,H_A,23,6972,0.0034388880928499783
Islamic,2011,D,P_D,459,6972,0.06591202177962459
Islamic,2011,D,P_A,23,6972,0.0034388880928499783
Islamic,2011,H_A,D,0,290,0.003367003367003367
Islamic,2011,H_A,A,0,290,0.003367003367003367
Islamic,2011,H_A,H_D,15,290,0.05387205387205387
Islamic,2011,H_A,H_A,244,290,0.8249158249158249
Islamic,2011,H_A,P_D,2,290,0.010101010101010102
Islamic,2011,H_A,P_A,29,290,0.10101010101010101
Islamic,2011,H_D,D,0,1844,0.0005402485143165856
Islamic,2011,H_D,A,0,1844,0.0005402485143165856
Islamic,2011,H_D,H_D,1526,1844,0.8249594813614263
Islamic,2011,H_D,H_A,31,1844,0.01728795245813074
Islamic,2011,H_D,P_D,149,1844,0.08103727714748785
Islamic,2011,H_D,P_A,9,1844,0.005402485143165856
Islamic,2011,P_A,D,0,1233,0.0008064516129032258
Islamic,2011,P_A,A,0,1233,0.0008064516129032258
Islamic,2011,P_A,H_D,0,1233,0.0008064516129032258
Islamic,2011,P_A,H_A,0,1233,0.0008064516129032258
Islamic,2011,P_A,P_D,39,1233,0.03225806451612903
Islamic,2011,P_A,P_A,1194,1233,0.9637096774193549
Islamic,2011,P_D,D,0,7967,0.00012540757461750688
Islamic,2011,P_D,A,0,7967,0.00012540757461750688
Islamic,2011,P_D,H_D,0,7967,0.00012540757461750688
Islamic,2011,P_D,H_A,0,7967,0.00012540757461750688
Islamic,2011,P_D,P_D,7348,7967,0.9216202658640582
Islamic,2011,P_D,P_A,106,7967,0.013418610484073237
Islamic,2012,A,D,20,574,0.03614457831325301
Islamic,2012,A,A,480,574,0.8278829604130808
Islamic,2012,A,H_D,4,574,0.008605851979345954
Islamic,2012,A,H_A,17,574,0.03098106712564544
Islamic,2012,A,P_D,6,574,0.012048192771084338
Islamic,2012,A,P_A,47,574,0.08261617900172118
Islamic,2012,D,D,7049,8289,0.8498071359691417
Islamic,2012,D,A,64,8289,0.0078351012536162
Islamic,2012,D,H_D,244,8289,0.029532304725168757
Islamic,2012,D,H_A,37,8289,0.004580520732883318
Islamic,2012,D,P_D,486,8289,0.058702989392478304
Islamic,2012,D,P_A,33,8289,0.004098360655737705
Islamic,2012,H_A,D,0,352,0.002785515320334262
Islamic,2012,H_A,A,0,352,0.002785515320334262
Islamic,2012,H_A,H_D,13,352,0.03899721448467967
Islamic,2012,H_A,H_A,298,352,0.8328690807799443
Islamic,2012,H_A,P_D,4,352,0.013927576601671309
Islamic,2012,H_A,P_A,37,352,0.10584958217270195
Islamic,2012,H_D,D,0,2133,0.00046728971962616824
Islamic,2012,H_D,A,0,2133,0.00046728971962616824
Islamic,2012,H_D,H_D,1779,2133,0.8317757009345794
Islamic,2012,H_D,H_A,40,2133,0.019158878504672898
Islamic,2012,H_D,P_D,174,2133,0.08177570093457943
Islamic,2012,H_D,P_A,13,2133,0.0065420560747663555
Islamic,2012,P_A,D,0,1458,0.0006825938566552901
Islamic,2012,P_A,A,0,1458,0.0006825938566552901
Islamic,2012,P_A,H_D,0,1458,0.0006825938566552901
Islamic,2012,P_A,H_A,0,1458,0.0006825938566552901
Islamic,2012,P_A,P_D,59,1458,0.040955631399317405
Islamic,2012,P_A,P_A,1399,1458,0.9556313993174061
Islamic,2012,P_D,D,0,9704,0.00010297600659046442
Islamic,2012,P_D,A,0,9704,0.00010297600659046442
Islamic,2012,P_D,H_D,0,9704,0.00010297600659046442
Islamic,2012,P_D,H_A,0,9704,0.00010297600659046442
Islamic,2012,P_D,P_D,8957,9704,0.9224590670373803
Islamic,2012,P_D,P_A,103,9704,0.0107095046854083
Islamic,2013,A,D,27,649,0.042682926829268296
Islamic,2013,A,A,534,649,0.8155487804878049
Islamic,2013,A,H_D,7,649,0.012195121951219513
Islamic,2013,A,H_A,22,649,0.0350609756097561
Islamic,2013,A,P_D,11,649,0.018292682926829267
Islamic,2013,A,P_A,48,649,0.07469512195121951
Islamic,2013,D,D,8208,9664,0.84882638817082
Islamic,2013,D,A,98,9664,0.01023679040430152
Islamic,2013,D,H_D,291,9664,0.030193361596525695
Islamic,2013,D,H_A,46,9664,0.0048598903939613275
Islamic,2013,D,P_D,574,9664,0.059456105883569435
Islamic,2013,D,P_A,32,9664,0.0034122634681005067
Islamic,2013,H_A,D,0,418,0.002352941176470588
Islamic,2013,H_A,A,0,418,0.002352941176470588
Islamic,2013,H_A,H_D,19,418,0.047058823529411764
Islamic,2013,H_A,H_A,345,418,0.8141176470588235
Islamic,2013,H_A,P_D,3,418,0.009411764705882352
Islamic,2013,H_A,P_A,51,418,0.1223529411764706
Islamic,2013,H_D,D,0,2572,0.00038774718883288094
Islamic,2013,H_D,A,0,2572,0.00038774718883288094
Islamic,2013,H_D,H_D,2122,2572,0.8231872818922062
Islamic,2013,H_D,H_A,48,2572,0.018999612252811167
Islamic,2013,H_D,P_D,212,2572,0.08259015122140365
Islamic,2013,H_D,P_A,15,2572,0.006203955021326095
Islamic,2013,P_A,D,0,1684,0.0005913660555884093
Islamic,2013,P_A,A,0,1684,0.0005913660555884093
Islamic,2013,P_A,H_D,0,1684,0.0005913660555884093
Islamic,2013,P_A,H_A,0,1684,0.0005913660555884093
Islamic,2013,P_A,P_D,57,1684,0.03429923122412774
Islamic,2013,P_A,P_A,1627,1684,0.9627439384979303
Islamic,2013,P_D,D,0,11487,8.700191404210893e-05
Islamic,2013,P_D,A,0,11487,8.700191404210893e-05
Islamic,2013,P_D,H_D,0,11487,8.700191404210893e-05
Islamic,2013,P_D,H_A,0,11487,8.700191404210893e-05
Islamic,2013,P_D,P_D,10633,11487,0.9251783539237863
Islamic,2013,P_D,P_A,123,11487,0.010788237341221507
Islamic,2014,A,D,30,750,0.04095112285336856
Islamic,2014,A,A,602,750,0.7965653896961691
Islamic,2014,A,H_D,11,750,0.015852047556142668
Islamic,2014,A,H_A,45,750,0.0607661822985469
Islamic,2014,A,P_D,11,750,0.015852047556142668
Islamic,2014,A,P_A,51,750,0.06869220607661823
Islamic,2014,D,D,9424,11188,0.8418937025457793
Islamic,2014,D,A,85,11188,0.007682000893255918
Islamic,2014,D,H_D,307,11188,0.027512282268870033
Islamic,2014,D,H_A,38,11188,0.0034836980794997765
Islamic,2014,D,P_D,738,11188,0.06601161232693166
Islamic,2014,D,P_A,37,11188,0.0033943724877177313
Islamic,2014,H_A,D,0,491,0.002008032128514056
Islamic,2014,H_A,A,0,491,0.002008032128514056
Islamic,2014,H_A,H_D,16,491,0.03413654618473896
Islamic,2014,H_A,H_A,428,491,0.8614457831325302
Islamic,2014,H_A,P_D,2,491,0.006024096385542169
Islamic,2014,H_A,P_A,45,491,0.09236947791164658
Islamic,2014,H_D,D,0,3049,0.0003272251308900524
Islamic,2014,H_D,A,0,3049,0.0003272251308900524
Islamic,2014,H_D,H_D,2465,3049,0.8069371727748691
Islamic,2014,H_D,H_A,60,3049,0.019960732984293194
Islamic,2014,H_D,P_D,255,3049,0.08376963350785341
Islamic,2014,H_D,P_A,14,3049,0.004908376963350785
Islamic,2014,P_A,D,0,1952,0.0005104645227156713
Islamic,2014,P_A,A,0,1952,0.0005104645227156713
Islamic,2014,P_A,H_D,0,1952,0.0005104645227156713
Islamic,2014,P_A,H_A,0,1952,0.0005104645227156713
Islamic,2014,P_A,P_D,86,1952,0.0444104134762634
Islamic,2014,P_A,P_A,1866,1952,0.9530372639101582
Islamic,2014,P_D,D,0,13449,7.431629013079666e-05
Islamic,2014,P_D,A,0,13449,7.431629013079666e-05
Islamic,2014,P_D,H_D,0,13449,7.431629013079666e-05
Islamic,2014,P_D,H_A,0,13449,7.431629013079666e-05
Islamic,2014,P_D,P_D,12398,13449,0.9214476813317479
Islamic,2014,P_D,P_A,135,13449,0.010107015457788348
Islamic,2015,A,D,49,795,0.06234413965087282
Islamic,2015,A,A,623,795,0.7780548628428927
Islamic,2015,A,H_D,10,795,0.01371571072319202
Islamic,2015,A,H_A,44,795,0.05610972568578554
Islamic,2015,A,P_D,13,795,0.017456359102244388
Islamic,2015,A,P_A,56,795,0.07107231920199501
Islamic,2015,D,D,10677,12823,0.8322681215900234
Islamic,2015,D,A,86,12823,0.006780982073265784
Islamic,2015,D,H_D,454,12823,0.035463756819953236
Islamic,2015,D,H_A,42,12823,0.003351519875292284
Islamic,2015,D,P_D,861,12823,0.0671862821512081
Islamic,2015,D,P_A,38,12823,0.00303975058456742
Islamic,2015,H_A,D,0,616,0.0016051364365971107
Islamic,2015,H_A,A,0,616,0.0016051364365971107
Islamic,2015,H_A,H_D,24,616,0.04012841091492777
Islamic,2015,H_A,H_A,531,616,0.8539325842696629
Islamic,2015,H_A,P_D,5,616,0.009630818619582664
Islamic,2015,H_A,P_A,56,616,0.09149277688603531
Islamic,2015,H_D,D,0,3546,0.00028145229383619476
Islamic,2015,H_D,A,0,3546,0.00028145229383619476
Islamic,2015,H_D,H_D,2893,3546,0.8145229383619477
Islamic,2015,H_D,H_A,48,3546,0.013791162397973544
Islamic,2015,H_D,P_D,278,3546,0.07852518998029834
Islamic,2015,H_D,P_A,15,3546,0.004503236701379116
Islamic,2015,P_A,D,0,2200,0.00045310376076121433
Islamic,2015,P_A,A,0,2200,0.00045310376076121433
Islamic,2015,P_A,H_D,0,2200,0.00045310376076121433
Islamic,2015,P_A,H_A,0,2200,0.00045310376076121433
Islamic,2015,P_A,P_D,88,2200,0.04032623470774807
Islamic,2015,P_A,P_A,2112,2200,0.9574082464884458
Islamic,2015,P_D,D,0,15752,6.345580303318739e-05
Islamic,2015,P_D,A,0,15752,6.345580303318739e-05
Islamic,2015,P_D,H_D,0,15752,6.345580303318739e-05
Islamic,2015,P_D,H_A,0,15752,6.345580303318739e-05
Islamic,2015,P_D,P_D,14513,15752,0.9209975252236817
Islamic,2015,P_D,P_A,130,15752,0.008312710197347547
Islamic,2016,A,D,36,823,0.04457831325301205
Islamic,2016,A,A,680,823,0.8204819277108434
Islamic,2016,A,H_D,7,823,0.00963855421686747
Islamic,2016,A,H_A,26,823,0.03253012048192771
Islamic,2016,A,P_D,15,823,0.01927710843373494
Islamic,2016,A,P_A,59,823,0.07228915662650602
Islamic,2016,D,D,11684,14158,0.8249205788916343
Islamic,2016,D,A,110,14158,0.007836216025414755
Islamic,2016,D,H_D,386,14158,0.027320861277797388
Islamic,2016,D,H_A,48,14158,0.0034592304977056126
Islamic,2016,D,P_D,1052,14158,0.07433815743028592
Islamic,2016,D,P_A,45,14158,0.0032474408753971054
Islamic,2016,H_A,D,0,697,0.0014204545454545455
Islamic,2016,H_A,A,0,697,0.0014204545454545455
Islamic,2016,H_A,H_D,43,697,0.0625
Islamic,2016,H_A,H_A,574,697,0.8167613636363636
Islamic,2016,H_A,P_D,11,697,0.017045454545454544
Islamic,2016,H_A,P_A,69,697,0.09943181818181818
Islamic,2016,H_D,D,0,4331,0.0002305209774089442
Islamic,2016,H_D,A,0,4331,0.0002305209774089442
Islamic,2016,H_D,H_D,3486,4331,0.8038266482249885
Islamic,2016,H_D,H_A,74,4331,0.017289073305670817
Islamic,2016,H_D,P_D,358,4331,0.08275703088981097
Islamic,2016,H_D,P_A,13,4331,0.003227293683725219
Islamic,2016,P_A,D,0,2468,0.00040404040404040404
Islamic,2016,P_A,A,0,2468,0.00040404040404040404
Islamic,2016,P_A,H_D,0,2468,0.00040404040404040404
Islamic,2016,P_A,H_A,0,2468,0.00040404040404040404
Islamic,2016,P_A,P_D,109,2468,0.044444444444444446
Islamic,2016,P_A,P_A,2359,2468,0.9535353535353536
Islamic,2016,P_D,D,0,18461,5.4147714966428416e-05
Islamic,2016,P_D,A,0,18461,5.4147714966428416e-05
Islamic,2016,P_D,H_D,0,18461,5.4147714966428416e-05
Islamic,2016,P_D,H_A,0,18461,5.4147714966428416e-05
Islamic,2016,P_D,P_D,16883,18461,0.9142300194931774
Islamic,2016,P_D,P_A,163,18461,0.008880225254494261
Islamic,2017,A,D,40,790,0.05144291091593475
Islamic,2017,A,A,635,790,0.7979924717691342
Islamic,2017,A,H_D,8,790,0.011292346298619825
Islamic,2017,A,H_A,32,790,0.04140526976160602
Islamic,2017,A,P_D,15,790,0.020075282308657464
Islamic,2017,A,P_A,60,790,0.07653701380175659
Islamic,2017,D,D,9485,11720,0.8089025326170376
Islamic,2017,D,A,116,11720,0.009976976208749041
Islamic,2017,D,H_D,275,11720,0.0235354310565362
Islamic,2017,D,H_A,36,11720,0.0031551121343907224
Islamic,2017,D,P_D,972,11720,0.08297092180438305
Islamic,2017,D,P_A,46,11720,0.004007845143685512
Islamic,2017,H_A,D,0,722,0.0013717421124828531
Islamic,2017,H_A,A,0,722,0.0013717421124828531
Islamic,2017,H_A,H_D,57,722,0.07956104252400549
Islamic,2017,H_A,H_A,592,722,0.813443072702332
Islamic,2017,H_A,P_D,8,722,0.012345679012345678
Islamic,2017,H_A,P_A,65,722,0.09053497942386832
Islamic,2017,H_D,D,0,3922,0.00025451768897938407
Islamic,2017,H_D,A,0,3922,0.00025451768897938407
Islamic,2017,H_D,H_D,3078,3922,0.7836599643675235
Islamic,2017,H_D,H_A,72,3922,0.018579791295495036
Islamic,2017,H_D,P_D,354,3922,0.09035377958768134
Islamic,2017,H_D,P_A,20,3922,0.0053448714685670655
Islamic,2017,P_A,D,0,2708,0.00036832412523020257
Islamic,2017,P_A,A,0,2708,0.00036832412523020257
Islamic,2017,P_A,H_D,0,2708,0.00036832412523020257
Islamic,2017,P_A,H_A,0,2708,0.00036832412523020257
Islamic,2017,P_A,P_D,138,2708,0.05119705340699816
Islamic,2017,P_A,P_A,2570,2708,0.9469613259668508
Islamic,2017,P_D,D,0,18428,5.4244643341470026e-05
Islamic,2017,P_D,A,0,18428,5.4244643341470026e-05
Islamic,2017,P_D,H_D,0,18428,5.4244643341470026e-05
Islamic,2017,P_D,H_A,0,18428,5.4244643341470026e-05
Islamic,2017,P_D,P_D,16647,18428,0.903064822348793
Islamic,2017,P_D,P_A,193,18428,0.010523460808245186
Islamic,2018,A,D,48,751,0.06464379947229551
Islamic,2018,A,A,590,751,0.7796833773087071
Islamic,2018,A,H_D,8,751,0.011873350923482849
Islamic,2018,A,H_A,34,751,0.04617414248021108
Islamic,2018,A,P_D,17,751,0.023746701846965697
Islamic,2018,A,P_A,54,751,0.07255936675461741
Islamic,2018,D,D,7563,9525,0.7935375577003777
Islamic,2018,D,A,59,9525,0.00629458665547629
Islamic,2018,D,H_D,237,9525,0.024968527066722618
Islamic,2018,D,H_A,36,9525,0.0038816617708770456
Islamic,2018,D,P_D,874,9525,0.09179605539236257
Islamic,2018,D,P_A,30,9525,0.0032522031053294166
Islamic,2018,H_A,D,0,732,0.0013531799729364006
Islamic,2018,H_A,A,0,732,0.0013531799729364006
Islamic,2018,H_A,H_D,62,732,0.08525033829499323
Islamic,2018,H_A,H_A,594,732,0.8051420838971584
Islamic,2018,H_A,P_D,7,732,0.010825439783491205
Islamic,2018,H_A,P_A,69,732,0.09472259810554803
Islamic,2018,H_D,D,0,3418,0.00029197080291970805
Islamic,2018,H_D,A,0,3418,0.00029197080291970805
Islamic,2018,H_D,H_D,2612,3418,0.7629197080291971
Islamic,2018,H_D,H_A,72,3418,0.021313868613138685
Islamic,2018,H_D,P_D,333,3418,0.09751824817518248
Islamic,2018,H_D,P_A,17,3418,0.005255474452554744
Islamic,2018,P_A,D,0,2954,0.00033772374197906115
Islamic,2018,P_A,A,0,2954,0.00033772374197906115
Islamic,2018,P_A,H_D,0,2954,0.00033772374197906115
Islamic,2018,P_A,H_A,0,2954,0.00033772374197906115
Islamic,2018,P_A,P_D,199,2954,0.06754474839581223
Islamic,2018,P_A,P_A,2755,2954,0.9307666328942925
Islamic,2018,P_D,D,0,18134,5.512375282509233e-05
Islamic,2018,P_D,A,0,18134,5.512375282509233e-05
Islamic,2018,P_D,H_D,0,18134,5.512375282509233e-05
Islamic,2018,P_D,H_A,0,18134,5.512375282509233e-05
Islamic,2018,P_D,P_D,16351,18134,0.9013836061959098
Islamic,2018,P_D,P_A,155,18134,0.008599305440714404
Islamic,2019,A,D,0,649,0.001524390243902439
Islamic,2019,A,A,524,649,0.8003048780487805
Islamic,2019,A,H_D,0,649,0.001524390243902439
Islamic,2019,A,H_A,31,649,0.04878048780487805
Islamic,2019,A,P_D,0,649,0.001524390243902439
Islamic,2019,A,P_A,94,649,0.1448170731707317
Islamic,2019,D,D,5849,7611,0.7679180887372014
Islamic,2019,D,A,100,7611,0.013258072985035443
Islamic,2019,D,H_D,166,7611,0.021921764242583356
Islamic,2019,D,H_A,28,7611,0.00380677343134681
Islamic,2019,D,P_D,753,7611,0.09897610921501707
Islamic,2019,D,P_A,31,7611,0.00420057757941717
Islamic,2019,H_A,D,0,736,0.0013458950201884253
Islamic,2019,H_A,A,0,736,0.0013458950201884253
Islamic,2019,H_A,H_D,0,736,0.0013458950201884253
Islamic,2019,H_A,H_A,653,736,0.8802153432032301
Islamic,2019,H_A,P_D,0,736,0.0013458950201884253
Islamic,2019,H_A,P_A,83,736,0.11305518169582772
Islamic,2019,H_D,D,0,2919,0.0003417634996582365
Islamic,2019,H_D,A,0,2919,0.0003417634996582365
Islamic,2019,H_D,H_D,2146,2919,0.7337662337662337
Islamic,2019,H_D,H_A,56,2919,0.01948051948051948
Islamic,2019,H_D,P_D,320,2919,0.10970608339029392
Islamic,2019,H_D,P_A,20,2919,0.007177033492822967
Islamic,2019,P_A,D,0,3080,0.00032393909944930353
Islamic,2019,P_A,A,0,3080,0.00032393909944930353
Islamic,2019,P_A,H_D,0,3080,0.00032393909944930353
Islamic,2019,P_A,H_A,0,3080,0.00032393909944930353
Islamic,2019,P_A,P_D,0,3080,0.00032393909944930353
Islamic,2019,P_A,P_A,3080,3080,0.9980563654033042
Islamic,2019,P_D,D,0,17781,5.621767483696874e-05
Islamic,2019,P_D,A,0,17781,5.621767483696874e-05
Islamic,2019,P_D,H_D,0,17781,5.621767483696874e-05
Islamic,2019,P_D,H_A,0,17781,5.621767483696874e-05
Islamic,2019,P_D,P_D,15592,17781,0.8766022037328536
Islamic,2019,P_D,P_A,177,17781,0.010006746120980436
Islamic,2020,A,D,328,624,0.5213946117274167
Islamic,2020,A,A,176,624,0.2805071315372425
Islamic,2020,A,H_D,20,624,0.03328050713153724
Islamic,2020,A,H_A,25,624,0.04120443740095087
Islamic,2020,A,P_D,47,624,0.07606973058637084
Islamic,2020,A,P_A,28,624,0.04595879556259905
Islamic,2020,D,D,4860,5849,0.8300887978142076
Islamic,2020,D,A,52,5849,0.009050546448087431
Islamic,2020,D,H_D,163,5849,0.028005464480874317
Islamic,2020,D,H_A,19,5849,0.0034153005464480873
Islamic,2020,D,P_D,736,5849,0.12585382513661203
Islamic,2020,D,P_A,19,5849,0.0034153005464480873
Islamic,2020,H_A,D,0,768,0.0012903225806451613
Islamic,2020,H_A,A,0,768,0.0012903225806451613
Islamic,2020,H_A,H_D,322,768,0.4167741935483871
Islamic,2020,H_A,H_A,360,768,0.46580645161290324
Islamic,2020,H_A,P_D,42,768,0.05548387096774193
Islamic,2020,H_A,P_A,44,768,0.05806451612903226
Islamic,2020,H_D,D,0,2312,0.00043122035360068997
Islamic,2020,H_D,A,0,2312,0.00043122035360068997
Islamic,2020,H_D,H_D,1948,2312,0.8404484691677447
Islamic,2020,H_D,H_A,39,2312,0.017248814144027597
Islamic,2020,H_D,P_D,319,2312,0.13799051315222077
Islamic,2020,H_D,P_A,6,2312,0.00301854247520483
Islamic,2020,P_A,D,0,3485,0.000286368843069874
Islamic,2020,P_A,A,0,3485,0.000286368843069874
Islamic,2020,P_A,H_D,0,3485,0.000286368843069874
Islamic,2020,P_A,H_A,0,3485,0.000286368843069874
Islamic,2020,P_A,P_D,2395,3485,0.6861397479954181
Islamic,2020,P_A,P_A,1090,3485,0.31242840778923253
Islamic,2020,P_D,D,0,16665,5.998080614203455e-05
Islamic,2020,P_D,A,0,16665,5.998080614203455e-05
Islamic,2020,P_D,H_D,0,16665,5.998080614203455e-05
Islamic,2020,P_D,H_A,0,16665,5.998080614203455e-05
Islamic,2020,P_D,P_D,16545,16665,0.9924424184261037
Islamic,2020,P_D,P_A,120,16665,0.007257677543186181
Islamic,2021,A,D,8,228,0.03829787234042553
Islamic,2021,A,A,184,228,0.7872340425531915
Islamic,2021,A,H_D,2,228,0.01276595744680851
Islamic,2021,A,H_A,12,228,0.05531914893617021
Islamic,2021,A,P_D,1,228,0.00851063829787234
Islamic,2021,A,P_A,21,228,0.09361702127659574
Islamic,2021,D,D,4340,5188,0.8356111645813282
Islamic,2021,D,A,34,5188,0.006737247353224254
Islamic,2021,D,H_D,103,5188,0.02001924927815207
Islamic,2021,D,H_A,12,5188,0.0025024061597690088
Islamic,2021,D,P_D,693,5188,0.13358999037536093
Islamic,2021,D,P_A,6,5188,0.001347449470644851
Islamic,2021,H_A,D,0,443,0.0022222222222222222
Islamic,2021,H_A,A,0,443,0.0022222222222222222
Islamic,2021,H_A,H_D,13,443,0.03111111111111111
Islamic,2021,H_A,H_A,392,443,0.8733333333333333
Islamic,2021,H_A,P_D,0,443,0.0022222222222222222
Islamic,2021,H_A,P_A,38,443,0.08666666666666667
Islamic,2021,H_D,D,0,2453,0.0004065040650406504
Islamic,2021,H_D,A,0,2453,0.0004065040650406504
Islamic,2021,H_D,H_D,2102,2453,0.8548780487804878
Islamic,2021,H_D,H_A,22,2453,0.00934959349593496
Islamic,2021,H_D,P_D,324,2453,0.13211382113821138
Islamic,2021,H_D,P_A,5,2453,0.0024390243902439024
Islamic,2021,P_A,D,0,1307,0.00076103500761035
Islamic,2021,P_A,A,0,1307,0.00076103500761035
Islamic,2021,P_A,H_D,0,1307,0.00076103500761035
Islamic,2021,P_A,H_A,0,1307,0.00076103500761035
Islamic,2021,P_A,P_D,68,1307,0.05251141552511415
Islamic,2021,P_A,P_A,1239,1307,0.943683409436834
Islamic,2021,P_D,D,0,20084,4.9773530436513865e-05
Islamic,2021,P_D,A,0,20084,4.9773530436513865e-05
Islamic,2021,P_D,H_D,0,20084,4.9773530436513865e-05
Islamic,2021,P_D,H_A,0,20084,4.9773530436513865e-05
Islamic,2021,P_D,P_D,20018,20084,0.996416305808571
Islamic,2021,P_D,P_A,66,20084,0.0033348265392464287
Islamic,2022,A,D,11,218,0.05333333333333334
Islamic,2022,A,A,185,218,0.8266666666666667
Islamic,2022,A,H_D,0,218,0.0044444444444444444
Islamic,2022,A,H_A,2,218,0.013333333333333334
Islamic,2022,A,P_D,1,218,0.008888888888888889
Islamic,2022,A,P_A,19,218,0.08888888888888889
Islamic,2022,D,D,3651,4348,0.8385763490241103
Islamic,2022,D,A,3,4348,0.0009184845005740528
Islamic,2022,D,H_D,69,4348,0.016073478760045924
Islamic,2022,D,H_A,0,4348,0.0002296211251435132
Islamic,2022,D,P_D,625,4348,0.14374282433983926
Islamic,2022,D,P_A,0,4348,0.0002296211251435132
Islamic,2022,H_A,D,0,438,0.0022471910112359553
Islamic,2022,H_A,A,0,438,0.0022471910112359553
Islamic,2022,H_A,H_D,10,438,0.024719101123595506
Islamic,2022,H_A,H_A,401,438,0.903370786516854
Islamic,2022,H_A,P_D,1,438,0.0044943820224719105
Islamic,2022,H_A,P_A,26,438,0.060674157303370786
Islamic,2022,H_D,D,0,2220,0.000449034575662326
Islamic,2022,H_D,A,0,2220,0.000449034575662326
Islamic,2022,H_D,H_D,1929,2220,0.8666367310282892
Islamic,2022,H_D,H_A,3,2220,0.001796138302649304
Islamic,2022,H_D,P_D,288,2220,0.1297709923664122
Islamic,2022,H_D,P_A,0,2220,0.000449034575662326
Islamic,2022,P_A,D,0,1375,0.000723589001447178
Islamic,2022,P_A,A,0,1375,0.000723589001447178
Islamic,2022,P_A,H_D,0,1375,0.000723589001447178
Islamic,2022,P_A,H_A,0,1375,0.000723589001447178
Islamic,2022,P_A,P_D,85,1375,0.06222865412445731
Islamic,2022,P_A,P_A,1290,1375,0.9341534008683068
Islamic,2022,P_D,D,0,21104,4.736867036142295e-05
Islamic,2022,P_D,A,0,21104,4.736867036142295e-05
Islamic,2022,P_D,H_D,0,21104,4.736867036142295e-05
Islamic,2022,P_D,H_A,0,21104,4.736867036142295e-05
Islamic,2022,P_D,P_D,21091,21104,0.999099995263133
Islamic,2022,P_D,P_A,13,21104,0.0006631613850599213
Islamic,2023,A,D,0,188,0.005128205128205128
Islamic,2023,A,A,0,188,0.005128205128205128
Islamic,2023,A,H_D,0,188,0.005128205128205128
Islamic,2023,A,H_A,0,188,0.005128205128205128
Islamic,2023,A,P_D,0,188,0.005128205128205128
Islamic,2023,A,P_A,0,188,0.005128205128205128
Islamic,2023,D,D,0,3662,0.0002725538293813028
Islamic,2023,D,A,0,3662,0.0002725538293813028
Islamic,2023,D,H_D,0,3662,0.0002725538293813028
Islamic,2023,D,H_A,0,3662,0.0002725538293813028
Islamic,2023,D,P_D,0,3662,0.0002725538293813028
Islamic,2023,D,P_A,0,3662,0.0002725538293813028
Islamic,2023,H_A,D,0,406,0.002421307506053269
Islamic,2023,H_A,A,0,406,0.002421307506053269
Islamic,2023,H_A,H_D,0,406,0.002421307506053269
Islamic,2023,H_A,H_A,0,406,0.002421307506053269
Islamic,2023,H_A,P_D,0,406,0.002421307506053269
Islamic,2023,H_A,P_A,0,406,0.002421307506053269
Islamic,2023,H_D,D,0,2008,0.0004962779156327543
Islamic,2023,H_D,A,0,2008,0.0004962779156327543
Islamic,2023,H_D,H_D,0,2008,0.0004962779156327543
Islamic,2023,H_D,H_A,0,2008,0.0004962779156327543
Islamic,2023,H_D,P_D,0,2008,0.0004962779156327543
Islamic,2023,H_D,P_A,0,2008,0.0004962779156327543
Islamic,2023,P_A,D,0,1348,0.0007380073800738007
Islamic,2023,P_A,A,0,1348,0.0007380073800738007
Islamic,2023,P_A,H_D,0,1348,0.0007380073800738007
Islamic,2023,P_A,H_A,0,1348,0.0007380073800738007
Islamic,2023,P_A,P_D,0,1348,0.0007380073800738007
Islamic,2023,P_A,P_A,0,1348,0.0007380073800738007
Islamic,2023,P_D,D,0,22091,4.525296406914653e-05
Islamic,2023,P_D,A,0,22091,4.525296406914653e-05
Islamic,2023,P_D,H_D,0,22091,4.525296406914653e-05
Islamic,2023,P_D,H_A,0,22091,4.525296406914653e-05
Islamic,2023,P_D,P_D,0,22091,4.525296406914653e-05
Islamic,2023,P_D,P_A,0,22091,4.525296406914653e-05
Japanese,2000,A,D,4,61,0.07352941176470588
Japanese,2000,A,A,48,61,0.7205882352941176
Japanese,2000,A,H_D,3,61,0.058823529411764705
Japanese,2000,A,H_A,3,61,0.058823529411764705
Japanese,2000,A,P_D,0,61,0.014705882352941176
Japanese,2000,A,P_A,3,61,0.058823529411764705
Japanese,2000,D,D,1166,1373,0.8456521739130435
Japanese,2000,D,A,8,1373,0.006521739130434782
Japanese,2000,D,H_D,48,1373,0.035507246376811595
Japanese,2000,D,H_A,6,1373,0.005072463768115942
Japanese,2000,D,P_D,113,1373,0.08260869565217391
Japanese,2000,D,P_A,7,1373,0.005797101449275362
Japanese,2000,H_A,D,0,21,0.03571428571428571
Japanese,2000,H_A,A,0,21,0.03571428571428571
Japanese,2000,H_A,H_D,0,21,0.03571428571428571
Japanese,2000,H_A,H_A,18,21,0.6785714285714286
Japanese,2000,H_A,P_D,0,21,0.03571428571428571
Japanese,2000,H_A,P_A,3,21,0.14285714285714285
Japanese,2000,H_D,D,0,261,0.0037313432835820895
Japanese,2000,H_D,A,0,261,0.0037313432835820895
Japanese,2000,H_D,H_D,222,261,0.832089552238806
Japanese,2000,H_D,H_A,7,261,0.029850746268656716
Japanese,2000,H_D,P_D,27,261,0.1044776119402985
Japanese,2000,H_D,P_A,3,261,0.014925373134328358
Japanese,2000,P_A,D,0,72,0.012658227848101266
Japanese,2000,P_A,A,0,72,0.012658227848101266
Japanese,2000,P_A,H_D,0,72,0.012658227848101266
Japanese,2000,P_A,H_A,0,72,0.012658227848101266
Japanese,2000,P_A,P_D,0,72,0.012658227848101266
Japanese,2000,P_A,P_A,72,72,0.9240506329113924
Japanese,2000,P_D,D,0,1111,0.0008944543828264759
Japanese,2000,P_D,A,0,1111,0.0008944543828264759
Japanese,2000,P_D,H_D,0,1111,0.0008944543828264759
Japanese,2000,P_D,H_A,0,1111,0.0008944543828264759
Japanese,2000,P_D,P_D,1059,1111,0.9481216457960644
Japanese,2000,P_D,P_A,28,1111,0.0259391771019678
Japanese,2001,A,D,3,95,0.0392156862745098
Japanese,2001,A,A,56,95,0.5588235294117647
Japanese,2001,A,H_D,0,95,0.00980392156862745
Japanese,2001,A,H_A,8,95,0.08823529411764706
Japanese,2001,A,P_D,1,95,0.0196078431372549
Japanese,2001,A,P_A,27,95,0.27450980392156865
Japanese,2001,D,D,1815,2281,0.7937062937062938
Japanese,2001,D,A,33,2281,0.01486013986013986
Japanese,2001,D,H_D,87,2281,0.038461538461538464
Japanese,2001,D,H_A,5,2281,0.0026223776223776225
Japanese,2001,D,P_D,262,2281,0.11494755244755245
Japanese,2001,D,P_A,16,2281,0.00743006993006993
Japanese,2001,H_A,D,0,49,0.017857142857142856
Japanese,2001,H_A,A,0,49,0.017857142857142856
Japanese,2001,H_A,H_D,3,49,0.07142857142857142
Japanese,2001,H_A,H_A,35,49,0.6428571428571429
Japanese,2001,H_A,P_D,2,49,0.05357142857142857
Japanese,2001,H_A,P_A,9,49,0.17857142857142858
Japanese,2001,H_D,D,0,434,0.0022675736961451248
Japanese,2001,H_D,A,0,434,0.0022675736961451248
Japanese,2001,H_D,H_D,327,434,0.7437641723356009
Japanese,2001,H_D,H_A,11,434,0.027210884353741496
Japanese,2001,H_D,P_D,67,434,0.15419501133786848
Japanese,2001,H_D,P_A,12,434,0.02947845804988662
Japanese,2001,P_A,D,0,142,0.006711409395973154
Japanese,2001,P_A,A,0,142,0.006711409395973154
Japanese,2001,P_A,H_D,0,142,0.006711409395973154
Japanese,2001,P_A,H_A,0,142,0.006711409395973154
Japanese,2001,P_A,P_D,1,142,0.013422818791946308
Japanese,2001,P_A,P_A,141,142,0.9530201342281879
Japanese,2001,P_D,D,0,1946,0.0005120327700972862
Japanese,2001,P_D,A,0,1946,0.0005120327700972862
Japanese,2001,P_D,H_D,0,1946,0.0005120327700972862
Japanese,2001,P_D,H_A,0,1946,0.0005120327700972862
Japanese,2001,P_D,P_D,1798,1946,0.921146953405018
Japanese,2001,P_D,P_A,100,1946,0.051715309779825906
Japanese,2002,A,D,8,145,0.05921052631578947
Japanese,2002,A,A,113,145,0.75
Japanese,2002,A,H_D,1,145,0.013157894736842105
Japanese,2002,A,H_A,8,145,0.05921052631578947
Japanese,2002,A,P_D,2,145,0.019736842105263157
Japanese,2002,A,P_A,13,145,0.09210526315789473
Japanese,2002,D,D,3300,4029,0.8178889990089198
Japanese,2002,D,A,28,4029,0.007185332011892963
Japanese,2002,D,H_D,97,4029,0.024281466798810703
Japanese,2002,D,H_A,9,4029,0.002477700693756194
Japanese,2002,D,P_D,274,4029,0.06813676907829534
Japanese,2002,D,P_A,18,4029,0.004707631318136769
Japanese,2002,H_A,D,0,71,0.01282051282051282
Japanese,2002,H_A,A,0,71,0.01282051282051282
Japanese,2002,H_A,H_D,3,71,0.05128205128205128
Japanese,2002,H_A,H_A,53,71,0.6923076923076923
Japanese,2002,H_A,P_D,0,71,0.01282051282051282
Japanese,2002,H_A,P_A,15,71,0.20512820512820512
Japanese,2002,H_D,D,0,710,0.001394700139470014
Japanese,2002,H_D,A,0,710,0.001394700139470014
Japanese,2002,H_D,H_D,563,710,0.7866108786610879
Japanese,2002,H_D,H_A,11,710,0.016736401673640166
Japanese,2002,H_D,P_D,65,710,0.09205020920502092
Japanese,2002,H_D,P_A,5,710,0.008368200836820083
Japanese,2002,P_A,D,0,370,0.002652519893899204
Japanese,2002,P_A,A,0,370,0.002652519893899204
Japanese,2002,P_A,H_D,0,370,0.002652519893899204
Japanese,2002,P_A,H_A,0,370,0.002652519893899204
Japanese,2002,P_A,P_D,14,370,0.03978779840848806
Japanese,2002,P_A,P_A,356,370,0.946949602122016
Japanese,2002,P_D,D,0,3577,0.00027901785714285713
Japanese,2002,P_D,A,0,3577,0.00027901785714285713
Japanese,2002,P_D,H_D,0,3577,0.00027901785714285713
Japanese,2002,P_D,H_A,0,3577,0.00027901785714285713
Japanese,2002,P_D,P_D,3229,3577,0.9012276785714286
Japanese,2002,P_D,P_A,78,3577,0.022042410714285716
Japanese,2003,A,D,10,164,0.06432748538011696
Japanese,2003,A,A,127,164,0.7485380116959064
Japanese,2003,A,H_D,0,164,0.005847953216374269
Japanese,2003,A,H_A,10,164,0.06432748538011696
Japanese,2003,A,P_D,1,164,0.011695906432748537
Japanese,2003,A,P_A,16,164,0.09941520467836257
Japanese,2003,D,D,3884,4627,0.8383685800604229
Japanese,2003,D,A,29,4627,0.006473888649115235
Japanese,2003,D,H_D,96,4627,0.020932239965472593
Japanese,2003,D,H_A,11,4627,0.002589555459646094
Japanese,2003,D,P_D,245,4627,0.05308588692274493
Japanese,2003,D,P_A,26,4627,0.005826499784203712
Japanese,2003,H_A,D,0,87,0.010638297872340425
Japanese,2003,H_A,A,0,87,0.010638297872340425
Japanese,2003,H_A,H_D,3,87,0.0425531914893617
Japanese,2003,H_A,H_A,68,87,0.7340425531914894
Japanese,2003,H_A,P_D,0,87,0.010638297872340425
Japanese,2003,H_A,P_A,16,87,0.18085106382978725
Japanese,2003,H_D,D,0,827,0.001199040767386091
Japanese,2003,H_D,A,0,827,0.001199040767386091
Japanese,2003,H_D,H_D,666,827,0.7997601918465228
Japanese,2003,H_D,H_A,19,827,0.023980815347721823
Japanese,2003,H_D,P_D,66,827,0.0803357314148681
Japanese,2003,H_D,P_A,7,827,0.009592326139088728
Japanese,2003,P_A,D,0,501,0.001968503937007874
Japanese,2003,P_A,A,0,501,0.001968503937007874
Japanese,2003,P_A,H_D,0,501,0.001968503937007874
Japanese,2003,P_A,H_A,0,501,0.001968503937007874
Japanese,2003,P_A,P_D,14,501,0.02952755905511811
Japanese,2003,P_A,P_A,487,501,0.9606299212598425
Japanese,2003,P_D,D,0,4207,0.00023730422401518748
Japanese,2003,P_D,A,0,4207,0.00023730422401518748
Japanese,2003,P_D,H_D,0,4207,0.00023730422401518748
Japanese,2003,P_D,H_A,0,4207,0.00023730422401518748
Japanese,2003,P_D,P_D,3784,4207,0.8981964878974846
Japanese,2003,P_D,P_A,75,4207,0.018035121025154248
Japanese,2004,A,D,5,178,0.032432432432432434
Japanese,2004,A,A,150,178,0.8162162162162162
Japanese,2004,A,H_D,0,178,0.005405405405405406
Japanese,2004,A,H_A,7,178,0.043243243243243246
Japanese,2004,A,P_D,2,178,0.016216216216216217
Japanese,2004,A,P_A,14,178,0.08108108108108109
Japanese,2004,D,D,4147,4912,0.8432608253710103
Japanese,2004,D,A,50,4912,0.010367960967676356
Japanese,2004,D,H_D,119,4912,0.024395202276885547
Japanese,2004,D,H_A,10,4912,0.002236226875381175
Japanese,2004,D,P_D,316,4912,0.06444399268143931
Japanese,2004,D,P_A,24,4912,0.005082333807684488
Japanese,2004,H_A,D,0,115,0.00819672131147541
Japanese,2004,H_A,A,0,115,0.00819672131147541
Japanese,2004,H_A,H_D,6,115,0.05737704918032787
Japanese,2004,H_A,H_A,99,115,0.819672131147541
Japanese,2004,H_A,P_D,1,115,0.01639344262295082
Japanese,2004,H_A,P_A,9,115,0.08196721311475409
Japanese,2004,H_D,D,0,929,0.0010683760683760685
Japanese,2004,H_D,A,0,929,0.0010683760683760685
Japanese,2004,H_D,H_D,782,929,0.8365384615384616
Japanese,2004,H_D,H_A,17,929,0.019230769230769232
Japanese,2004,H_D,P_D,60,929,0.06517094017094018
Japanese,2004,H_D,P_A,9,929,0.010683760683760684
Japanese,2004,P_A,D,0,645,0.0015337423312883436
Japanese,2004,P_A,A,0,645,0.0015337423312883436
Japanese,2004,P_A,H_D,0,645,0.0015337423312883436
Japanese,2004,P_A,H_A,0,645,0.0015337423312883436
Japanese,2004,P_A,P_D,21,645,0.03374233128834356
Japanese,2004,P_A,P_A,624,645,0.9585889570552147
Japanese,2004,P_D,D,0,4539,0.0002199736031676199
Japanese,2004,P_D,A,0,4539,0.0002199736031676199
Japanese,2004,P_D,H_D,0,4539,0.0002199736031676199
Japanese,2004,P_D,H_A,0,4539,0.0002199736031676199
Japanese,2004,P_D,P_D,4193,4539,0.9225692916849978
Japanese,2004,P_D,P_A,94,4539,0.02089749230092389
Japanese,2005,A,D,3,230,0.016877637130801686
Japanese,2005,A,A,179,230,0.759493670886076
Japanese,2005,A,H_D,0,230,0.004219409282700422
Japanese,2005,A,H_A,8,230,0.0379746835443038
Japanese,2005,A,P_D,3,230,0.016877637130801686
Japanese,2005,A,P_A,37,230,0.16033755274261605
Japanese,2005,D,D,4532,5363,0.8441340782122905
Japanese,2005,D,A,43,5363,0.00819366852886406
Japanese,2005,D,H_D,110,5363,0.020670391061452513
Japanese,2005,D,H_A,14,5363,0.002793296089385475
Japanese,2005,D,P_D,293,5363,0.054748603351955305
Japanese,2005,D,P_A,36,5363,0.006890130353817504
Japanese,2005,H_A,D,0,143,0.006666666666666667
Japanese,2005,H_A,A,0,143,0.006666666666666667
Japanese,2005,H_A,H_D,4,143,0.03333333333333333
Japanese,2005,H_A,H_A,120,143,0.8066666666666666
Japanese,2005,H_A,P_D,2,143,0.02
Japanese,2005,H_A,P_A,17,143,0.12
Japanese,2005,H_D,D,0,1079,0.0009208103130755065
Japanese,2005,H_D,A,0,1079,0.0009208103130755065
Japanese,2005,H_D,H_D,889,1079,0.8195211786372008
Japanese,2005,H_D,H_A,17,1079,0.016574585635359115
Japanese,2005,H_D,P_D,78,1079,0.072744014732965
Japanese,2005,H_D,P_A,7,1079,0.007366482504604052
Japanese,2005,P_A,D,0,791,0.0012531328320802004
Japanese,2005,P_A,A,0,791,0.0012531328320802004
Japanese,2005,P_A,H_D,0,791,0.0012531328320802004
Japanese,2005,P_A,H_A,0,791,0.0012531328320802004
Japanese,2005,P_A,P_D,20,791,0.02631578947368421
Japanese,2005,P_A,P_A,771,791,0.9674185463659147
Japanese,2005,P_D,D,0,5142,0.0001942124684404739
Japanese,2005,P_D,A,0,5142,0.0001942124684404739
Japanese,2005,P_D,H_D,0,5142,0.0001942124684404739
Japanese,2005,P_D,H_A,0,5142,0.0001942124684404739
Japanese,2005,P_D,P_D,4562,5142,0.8861914934938823
Japanese,2005,P_D,P_A,110,5142,0.0215575839968926
Japanese,2006,A,D,8,250,0.03501945525291829
Japanese,2006,A,A,212,250,0.8287937743190662
Japanese,2006,A,H_D,0,250,0.0038910505836575876
Japanese,2006,A,H_A,7,250,0.0311284046692607
Japanese,2006,A,P_D,2,250,0.011673151750972763
Japanese,2006,A,P_A,21,250,0.08560311284046693
Japanese,2006,D,D,4943,5709,0.8649405178446467
Japanese,2006,D,A,43,5709,0.007697690692792162
Japanese,2006,D,H_D,120,5709,0.021168649405178448
Japanese,2006,D,H_A,10,5709,0.0019244226731980406
Japanese,2006,D,P_D,255,5709,0.04478656403079076
Japanese,2006,D,P_A,24,5709,0.00437368789363191
Japanese,2006,H_A,D,0,164,0.005847953216374269
Japanese,2006,H_A,A,0,164,0.005847953216374269
Japanese,2006,H_A,H_D,1,164,0.011695906432748537
Japanese,2006,H_A,H_A,145,164,0.8538011695906432
Japanese,2006,H_A,P_D,2,164,0.017543859649122806
Japanese,2006,H_A,P_A,16,164,0.09941520467836257
Japanese,2006,H_D,D,0,1193,0.0008333333333333334
Japanese,2006,H_D,A,0,1193,0.0008333333333333334
Japanese,2006,H_D,H_D,1002,1193,0.8358333333333333
Japanese,2006,H_D,H_A,17,1193,0.015
Japanese,2006,H_D,P_D,65,1193,0.055
Japanese,2006,H_D,P_A,2,1193,0.0025
Japanese,2006,P_A,D,0,998,0.0009950248756218905
Japanese,2006,P_A,A,0,998,0.0009950248756218905
Japanese,2006,P_A,H_D,0,998,0.0009950248756218905
Japanese,2006,P_A,H_A,0,998,0.0009950248756218905
Japanese,2006,P_A,P_D,23,998,0.023880597014925373
Japanese,2006,P_A,P_A,975,998,0.9711442786069652
Japanese,2006,P_D,D,0,5420,0.00018426386585590566
Japanese,2006,P_D,A,0,5420,0.00018426386585590566
Japanese,2006,P_D,H_D,0,5420,0.00018426386585590566
Japanese,2006,P_D,H_A,0,5420,0.00018426386585590566
Japanese,2006,P_D,P_D,4917,5420,0.906209692279344
Japanese,2006,P_D,P_A,75,5420,0.01400405380504883
Japanese,2007,A,D,11,279,0.04195804195804196
Japanese,2007,A,A,223,279,0.7832167832167832
Japanese,2007,A,H_D,0,279,0.0034965034965034965
Japanese,2007,A,H_A,19,279,0.06993006993006994
Japanese,2007,A,P_D,4,279,0.017482517482517484
Japanese,2007,A,P_A,22,279,0.08041958041958042
Japanese,2007,D,D,5261,6084,0.8638975537678543
Japanese,2007,D,A,34,6084,0.005746182892792645
Japanese,2007,D,H_D,162,6084,0.026760794615005745
Japanese,2007,D,H_A,12,6084,0.002134296503037268
Japanese,2007,D,P_D,226,6084,0.037268100476112294
Japanese,2007,D,P_A,26,6084,0.004432769660154326
Japanese,2007,H_A,D,0,189,0.00510204081632653
Japanese,2007,H_A,A,0,189,0.00510204081632653
Japanese,2007,H_A,H_D,7,189,0.04081632653061224
Japanese,2007,H_A,H_A,162,189,0.8316326530612245
Japanese,2007,H_A,P_D,2,189,0.015306122448979591
Japanese,2007,H_A,P_A,18,189,0.09693877551020408
Japanese,2007,H_D,D,0,1319,0.0007541478129713424
Japanese,2007,H_D,A,0,1319,0.0007541478129713424
Japanese,2007,H_D,H_D,1092,1319,0.8242835595776772
Japanese,2007,H_D,H_A,21,1319,0.016591251885369532
Japanese,2007,H_D,P_D,89,1319,0.06787330316742081
Japanese,2007,H_D,P_A,11,1319,0.00904977375565611
Japanese,2007,P_A,D,0,1130,0.0008795074758135445
Japanese,2007,P_A,A,0,1130,0.0008795074758135445
Japanese,2007,P_A,H_D,0,1130,0.0008795074758135445
Japanese,2007,P_A,H_A,0,1130,0.0008795074758135445
Japanese,2007,P_A,P_D,24,1130,0.02198768689533861
Japanese,2007,P_A,P_A,1106,1130,0.9736147757255936
Japanese,2007,P_D,D,0,5713,0.00017482517482517483
Japanese,2007,P_D,A,0,5713,0.00017482517482517483
Japanese,2007,P_D,H_D,0,5713,0.00017482517482517483
Japanese,2007,P_D,H_A,0,5713,0.00017482517482517483
Japanese,2007,P_D,P_D,5249,5713,0.9178321678321678
Japanese,2007,P_D,P_A,53,5713,0.00944055944055944
Japanese,2008,A,D,9,280,0.03484320557491289
Japanese,2008,A,A,234,280,0.818815331010453
Japanese,2008,A,H_D,1,280,0.006968641114982578
Japanese,2008,A,H_A,9,280,0.03484320557491289
Japanese,2008,A,P_D,4,280,0.017421602787456445
Japanese,2008,A,P_A,23,280,0.08362369337979095
Japanese,2008,D,D,5484,6410,0.8547607916471872
Japanese,2008,D,A,37,6410,0.005921770297646876
Japanese,2008,D,H_D,151,6410,0.023687081190587503
Japanese,2008,D,H_A,9,6410,0.0015583606046439145
Japanese,2008,D,P_D,282,6410,0.04410160511142278
Japanese,2008,D,P_A,16,6410,0.002649213027894655
Japanese,2008,H_A,D,0,224,0.004329004329004329
Japanese,2008,H_A,A,0,224,0.004329004329004329
Japanese,2008,H_A,H_D,7,224,0.03463203463203463
Japanese,2008,H_A,H_A,184,224,0.8008658008658008
Japanese,2008,H_A,P_D,1,224,0.008658008658008658
Japanese,2008,H_A,P_A,32,224,0.14285714285714285
Japanese,2008,H_D,D,0,1467,0.0006784260515603799
Japanese,2008,H_D,A,0,1467,0.0006784260515603799
Japanese,2008,H_D,H_D,1224,1467,0.8310719131614654
Japanese,2008,H_D,H_A,17,1467,0.012211668928086838
Japanese,2008,H_D,P_D,90,1467,0.06173677069199457
Japanese,2008,H_D,P_A,11,1467,0.008141112618724558
Japanese,2008,P_A,D,0,1248,0.0007968127490039841
Japanese,2008,P_A,A,0,1248,0.0007968127490039841
Japanese,2008,P_A,H_D,0,1248,0.0007968127490039841
Japanese,2008,P_A,H_A,0,1248,0.0007968127490039841
Japanese,2008,P_A,P_D,28,1248,0.023107569721115537
Japanese,2008,P_A,P_A,1220,1248,0.9729083665338646
Japanese,2008,P_D,D,0,6015,0.00016605778811026238
Japanese,2008,P_D,A,0,6015,0.00016605778811026238
Japanese,2008,P_D,H_D,0,6015,0.00016605778811026238
Japanese,2008,P_D,H_A,0,6015,0.00016605778811026238
Japanese,2008,P_D,P_D,5537,6015,0.919628030554633
Japanese,2008,P_D,P_A,45,6015,0.007638658253072069
Japanese,2009,A,D,10,285,0.03767123287671233
Japanese,2009,A,A,245,285,0.8424657534246576
Japanese,2009,A,H_D,1,285,0.00684931506849315
Japanese,2009,A,H_A,4,285,0.017123287671232876
Japanese,2009,A,P_D,1,285,0.00684931506849315
Japanese,2009,A,P_A,24,285,0.08561643835616438
Japanese,2009,D,D,5646,6542,0.8622690487097266
Japanese,2009,D,A,38,6542,0.005955107650022904
Japanese,2009,D,H_D,165,6542,0.02534738127958467
Japanese,2009,D,H_A,9,6542,0.0015269506794930523
Japanese,2009,D,P_D,264,6542,0.04046419300656589
Japanese,2009,D,P_A,21,6542,0.003359291494884715
Japanese,2009,H_A,D,0,227,0.004273504273504274
Japanese,2009,H_A,A,0,227,0.004273504273504274
Japanese,2009,H_A,H_D,8,227,0.038461538461538464
Japanese,2009,H_A,H_A,194,227,0.8333333333333334
Japanese,2009,H_A,P_D,1,227,0.008547008547008548
Japanese,2009,H_A,P_A,24,227,0.10683760683760683
Japanese,2009,H_D,D,0,1544,0.0006447453255963894
Japanese,2009,H_D,A,0,1544,0.0006447453255963894
Japanese,2009,H_D,H_D,1290,1544,0.8323662153449387
Japanese,2009,H_D,H_A,25,1544,0.016763378465506126
Japanese,2009,H_D,P_D,93,1544,0.06060606060606061
Japanese,2009,H_D,P_A,7,1544,0.0051579626047711154
Japanese,2009,P_A,D,0,1359,0.0007320644216691069
Japanese,2009,P_A,A,0,1359,0.0007320644216691069
Japanese,2009,P_A,H_D,0,1359,0.0007320644216691069
Japanese,2009,P_A,H_A,0,1359,0.0007320644216691069
Japanese,2009,P_A,P_D,34,1359,0.02562225475841874
Japanese,2009,P_A,P_A,1325,1359,0.9707174231332357
Japanese,2009,P_D,D,0,6268,0.00015936254980079682
Japanese,2009,P_D,A,0,6268,0.00015936254980079682
Japanese,2009,P_D,H_D,0,6268,0.00015936254980079682
Japanese,2009,P_D,H_A,0,6268,0.00015936254980079682
Japanese,2009,P_D,P_D,5774,6268,0.9203187250996016
Japanese,2009,P_D,P_A,45,6268,0.007330677290836653
Japanese,2010,A,D,11,298,0.03934426229508197
Japanese,2010,A,A,253,298,0.8327868852459016
Japanese,2010,A,H_D,3,298,0.013114754098360656
Japanese,2010,A,H_A,7,298,0.02622950819672131
Japanese,2010,A,P_D,3,298,0.013114754098360656
Japanese,2010,A,P_A,21,298,0.07213114754098361
Japanese,2010,D,D,5676,6631,0.8552274781560711
Japanese,2010,D,A,33,6631,0.005122024706236818
Japanese,2010,D,H_D,129,6631,0.01958421211208195
Japanese,2010,D,H_A,12,6631,0.001958421211208195
Japanese,2010,D,P_D,271,6631,0.04097619764989455
Japanese,2010,D,P_A,20,6631,0.003163603495028623
Japanese,2010,H_A,D,0,237,0.004098360655737705
Japanese,2010,H_A,A,0,237,0.004098360655737705
Japanese,2010,H_A,H_D,5,237,0.02459016393442623
Japanese,2010,H_A,H_A,210,237,0.8647540983606558
Japanese,2010,H_A,P_D,0,237,0.004098360655737705
Japanese,2010,H_A,P_A,22,237,0.0942622950819672
Japanese,2010,H_D,D,0,1592,0.0006253908692933083
Japanese,2010,H_D,A,0,1592,0.0006253908692933083
Japanese,2010,H_D,H_D,1357,1592,0.8492808005003127
Japanese,2010,H_D,H_A,18,1592,0.011882426516572859
Japanese,2010,H_D,P_D,79,1592,0.050031269543464665
Japanese,2010,H_D,P_A,7,1592,0.0050031269543464665
Japanese,2010,P_A,D,0,1462,0.0006807351940095302
Japanese,2010,P_A,A,0,1462,0.0006807351940095302
Japanese,2010,P_A,H_D,0,1462,0.0006807351940095302
Japanese,2010,P_A,H_A,0,1462,0.0006807351940095302
Japanese,2010,P_A,P_D,48,1462,0.033356024506466984
Japanese,2010,P_A,P_A,1414,1462,0.9632402995234853
Japanese,2010,P_D,D,0,6498,0.00015372790161414298
Japanese,2010,P_D,A,0,6498,0.00015372790161414298
Japanese,2010,P_D,H_D,0,6498,0.00015372790161414298
Japanese,2010,P_D,H_A,0,6498,0.00015372790161414298
Japanese,2010,P_D,P_D,5968,6498,0.9176018447348193
Japanese,2010,P_D,P_A,48,6498,0.007532667179093005
Japanese,2011,A,D,14,303,0.04838709677419355
Japanese,2011,A,A,254,303,0.8225806451612904
Japanese,2011,A,H_D,0,303,0.0032258064516129032
Japanese,2011,A,H_A,13,303,0.04516129032258064
Japanese,2011,A,P_D,5,303,0.01935483870967742
Japanese,2011,A,P_A,17,303,0.05806451612903226
Japanese,2011,D,D,5703,6682,0.8527433099117955
Japanese,2011,D,A,37,6682,0.005680968754671849
Japanese,2011,D,H_D,126,6682,0.018986395574824337
Japanese,2011,D,H_A,8,6682,0.001345492599790701
Japanese,2011,D,P_D,290,6682,0.043504260726566005
Japanese,2011,D,P_A,21,6682,0.0032889819105994915
Japanese,2011,H_A,D,0,251,0.003875968992248062
Japanese,2011,H_A,A,0,251,0.003875968992248062
Japanese,2011,H_A,H_D,13,251,0.05426356589147287
Japanese,2011,H_A,H_A,213,251,0.8294573643410853
Japanese,2011,H_A,P_D,0,251,0.003875968992248062
Japanese,2011,H_A,P_A,25,251,0.10077519379844961
Japanese,2011,H_D,D,0,1685,0.000591016548463357
Japanese,2011,H_D,A,0,1685,0.000591016548463357
Japanese,2011,H_D,H_D,1425,1685,0.8427895981087471
Japanese,2011,H_D,H_A,18,1685,0.011229314420803783
Japanese,2011,H_D,P_D,70,1685,0.04196217494089834
Japanese,2011,H_D,P_A,2,1685,0.0017730496453900709
Japanese,2011,P_A,D,0,1542,0.0006455777921239509
Japanese,2011,P_A,A,0,1542,0.0006455777921239509
Japanese,2011,P_A,H_D,0,1542,0.0006455777921239509
Japanese,2011,P_A,H_A,0,1542,0.0006455777921239509
Japanese,2011,P_A,P_D,50,1542,0.0329244673983215
Japanese,2011,P_A,P_A,1492,1542,0.9638476436410588
Japanese,2011,P_D,D,0,6666,0.0001498576352465158
Japanese,2011,P_D,A,0,6666,0.0001498576352465158
Japanese,2011,P_D,H_D,0,6666,0.0001498576352465158
Japanese,2011,P_D,H_A,0,6666,0.0001498576352465158
Japanese,2011,P_D,P_D,6140,6666,0.9202757380488535
Japanese,2011,P_D,P_A,32,6666,0.004945301963135021
Japanese,2012,A,D,10,306,0.03514376996805112
Japanese,2012,A,A,268,306,0.8594249201277955
Japanese,2012,A,H_D,1,306,0.006389776357827476
Japanese,2012,A,H_A,8,306,0.02875399361022364
Japanese,2012,A,P_D,3,306,0.012779552715654952
Japanese,2012,A,P_A,16,306,0.054313099041533544
Japanese,2012,D,D,5715,6737,0.8475682087781732
Japanese,2012,D,A,30,6737,0.004596678529062871
Japanese,2012,D,H_D,147,6737,0.021945432977461446
Japanese,2012,D,H_A,8,6737,0.0013345195729537367
Japanese,2012,D,P_D,314,6737,0.046708185053380785
Japanese,2012,D,P_A,11,6737,0.0017793594306049821
Japanese,2012,H_A,D,0,259,0.0037593984962406013
Japanese,2012,H_A,A,0,259,0.0037593984962406013
Japanese,2012,H_A,H_D,12,259,0.04887218045112782
Japanese,2012,H_A,H_A,219,259,0.8270676691729323
Japanese,2012,H_A,P_D,2,259,0.011278195488721804
Japanese,2012,H_A,P_A,26,259,0.10150375939849623
Japanese,2012,H_D,D,0,1718,0.0005797101449275362
Japanese,2012,H_D,A,0,1718,0.0005797101449275362
Japanese,2012,H_D,H_D,1434,1718,0.8318840579710145
Japanese,2012,H_D,H_A,26,1718,0.01565217391304348
Japanese,2012,H_D,P_D,89,1718,0.05217391304347826
Japanese,2012,H_D,P_A,7,1718,0.00463768115942029
Japanese,2012,P_A,D,0,1597,0.0006234413965087282
Japanese,2012,P_A,A,0,1597,0.0006234413965087282
Japanese,2012,P_A,H_D,0,1597,0.0006234413965087282
Japanese,2012,P_A,H_A,0,1597,0.0006234413965087282
Japanese,2012,P_A,P_D,46,1597,0.029301745635910224
Japanese,2012,P_A,P_A,1551,1597,0.9675810473815462
Japanese,2012,P_D,D,0,6914,0.00014448779078167894
Japanese,2012,P_D,A,0,6914,0.00014448779078167894
Japanese,2012,P_D,H_D,0,6914,0.00014448779078167894
Japanese,2012,P_D,H_A,0,6914,0.00014448779078167894
Japanese,2012,P_D,P_D,6346,6914,0.9170640080913163
Japanese,2012,P_D,P_A,30,6914,0.0044791215142320475
Japanese,2013,A,D,17,318,0.055384615384615386
Japanese,2013,A,A,268,318,0.8276923076923077
Japanese,2013,A,H_D,2,318,0.009230769230769232
Japanese,2013,A,H_A,6,318,0.021538461538461538
Japanese,2013,A,P_D,5,318,0.018461538461538463
Japanese,2013,A,P_A,20,318,0.06461538461538462
Japanese,2013,D,D,5726,6678,0.856694091249065
Japanese,2013,D,A,46,6678,0.007030665669409125
Japanese,2013,D,H_D,114,6678,0.01720269259536275
Japanese,2013,D,H_A,12,6678,0.0019446522064323112
Japanese,2013,D,P_D,276,6678,0.04143605086013463
Japanese,2013,D,P_A,25,6678,0.0038893044128646224
Japanese,2013,H_A,D,0,268,0.0036363636363636364
Japanese,2013,H_A,A,0,268,0.0036363636363636364
Japanese,2013,H_A,H_D,9,268,0.03636363636363636
Japanese,2013,H_A,H_A,221,268,0.8072727272727273
Japanese,2013,H_A,P_D,1,268,0.007272727272727273
Japanese,2013,H_A,P_A,37,268,0.13818181818181818
Japanese,2013,H_D,D,0,1734,0.0005743825387708214
Japanese,2013,H_D,A,0,1734,0.0005743825387708214
Japanese,2013,H_D,H_D,1449,1734,0.832854681217691
Japanese,2013,H_D,H_A,23,1734,0.013785180930499713
Japanese,2013,H_D,P_D,97,1734,0.056289488799540495
Japanese,2013,H_D,P_A,5,1734,0.0034462952326249283
Japanese,2013,P_A,D,0,1651,0.0006031363088057901
Japanese,2013,P_A,A,0,1651,0.0006031363088057901
Japanese,2013,P_A,H_D,0,1651,0.0006031363088057901
Japanese,2013,P_A,H_A,0,1651,0.0006031363088057901
Japanese,2013,P_A,P_D,60,1651,0.0367913148371532
Japanese,2013,P_A,P_A,1591,1651,0.9601930036188179
Japanese,2013,P_D,D,0,7109,0.0001405283867341203
Japanese,2013,P_D,A,0,7109,0.0001405283867341203
Japanese,2013,P_D,H_D,0,7109,0.0001405283867341203
Japanese,2013,P_D,H_A,0,7109,0.0001405283867341203
Japanese,2013,P_D,P_D,6463,7109,0.9083754918493536
Japanese,2013,P_D,P_A,38,7109,0.0054806070826306915
Japanese,2014,A,D,20,334,0.06158357771260997
Japanese,2014,A,A,281,334,0.8269794721407625
Japanese,2014,A,H_D,1,334,0.005865102639296188
Japanese,2014,A,H_A,8,334,0.026392961876832845
Japanese,2014,A,P_D,4,334,0.01466275659824047
Japanese,2014,A,P_A,20,334,0.06158357771260997
Japanese,2014,D,D,5658,6671,0.8474094040131775
Japanese,2014,D,A,31,6671,0.004791853848457622
Japanese,2014,D,H_D,134,6671,0.02021563342318059
Japanese,2014,D,H_A,9,6671,0.001497454327643007
Japanese,2014,D,P_D,311,6671,0.04672057502246182
Japanese,2014,D,P_A,17,6671,0.0026954177897574125
Japanese,2014,H_A,D,0,273,0.0035714285714285713
Japanese,2014,H_A,A,0,273,0.0035714285714285713
Japanese,2014,H_A,H_D,14,273,0.05357142857142857
Japanese,2014,H_A,H_A,228,273,0.8178571428571428
Japanese,2014,H_A,P_D,2,273,0.010714285714285714
Japanese,2014,H_A,P_A,29,273,0.10714285714285714
Japanese,2014,H_D,D,0,1703,0.0005847953216374269
Japanese,2014,H_D,A,0,1703,0.0005847953216374269
Japanese,2014,H_D,H_D,1407,1703,0.8233918128654971
Japanese,2014,H_D,H_A,21,1703,0.012865497076023392
Japanese,2014,H_D,P_D,93,1703,0.05497076023391813
Japanese,2014,H_D,P_A,10,1703,0.006432748538011696
Japanese,2014,P_A,D,0,1732,0.0005750431282346176
Japanese,2014,P_A,A,0,1732,0.0005750431282346176
Japanese,2014,P_A,H_D,0,1732,0.0005750431282346176
Japanese,2014,P_A,H_A,0,1732,0.0005750431282346176
Japanese,2014,P_A,P_D,55,1732,0.03220241518113859
Japanese,2014,P_A,P_A,1677,1732,0.9649223691776884
Japanese,2014,P_D,D,0,7196,0.00013883104262113008
Japanese,2014,P_D,A,0,7196,0.00013883104262113008
Japanese,2014,P_D,H_D,0,7196,0.00013883104262113008
Japanese,2014,P_D,H_A,0,7196,0.00013883104262113008
Japanese,2014,P_D,P_D,6535,7196,0.9073996945717062
Japanese,2014,P_D,P_A,30,7196,0.004303762321255033
Japanese,2015,A,D,18,333,0.05588235294117647
Japanese,2015,A,A,274,333,0.8088235294117647
Japanese,2015,A,H_D,2,333,0.008823529411764706
Japanese,2015,A,H_A,18,333,0.05588235294117647
Japanese,2015,A,P_D,4,333,0.014705882352941176
Japanese,2015,A,P_A,17,333,0.052941176470588235
Japanese,2015,D,D,5468,6565,0.8321667681071211
Japanese,2015,D,A,36,6565,0.005629945222154595
Japanese,2015,D,H_D,159,6565,0.024345709068776627
Japanese,2015,D,H_A,9,6565,0.0015216068167985392
Japanese,2015,D,P_D,287,6565,0.04382227632379793
Japanese,2015,D,P_A,9,6565,0.0015216068167985392
Japanese,2015,H_A,D,0,276,0.0035335689045936395
Japanese,2015,H_A,A,0,276,0.0035335689045936395
Japanese,2015,H_A,H_D,15,276,0.05653710247349823
Japanese,2015,H_A,H_A,234,276,0.8303886925795053
Japanese,2015,H_A,P_D,1,276,0.007067137809187279
Japanese,2015,H_A,P_A,26,276,0.09540636042402827
Japanese,2015,H_D,D,0,1696,0.0005871990604815032
Japanese,2015,H_D,A,0,1696,0.0005871990604815032
Japanese,2015,H_D,H_D,1414,1696,0.830886670581327
Japanese,2015,H_D,H_A,16,1696,0.009982384028185555
Japanese,2015,H_D,P_D,92,1696,0.0546095126247798
Japanese,2015,H_D,P_A,5,1696,0.0035231943628890195
Japanese,2015,P_A,D,0,1791,0.0005561735261401557
Japanese,2015,P_A,A,0,1791,0.0005561735261401557
Japanese,2015,P_A,H_D,0,1791,0.0005561735261401557
Japanese,2015,P_A,H_A,0,1791,0.0005561735261401557
Japanese,2015,P_A,P_D,60,1791,0.0339265850945495
Japanese,2015,P_A,P_A,1731,1791,0.9632925472747497
Japanese,2015,P_D,D,0,7270,0.0001374192661811186
Japanese,2015,P_D,A,0,7270,0.0001374192661811186
Japanese,2015,P_D,H_D,0,7270,0.0001374192661811186
Japanese,2015,P_D,H_A,0,7270,0.0001374192661811186
Japanese,2015,P_D,P_D,6611,7270,0.9086161879895561
Japanese,2015,P_D,P_A,31,7270,0.004397416517795795
Japanese,2016,A,D,13,323,0.04242424242424243
Japanese,2016,A,A,279,323,0.8484848484848485
Japanese,2016,A,H_D,0,323,0.0030303030303030303
Japanese,2016,A,H_A,9,323,0.030303030303030304
Japanese,2016,A,P_D,1,323,0.006060606060606061
Japanese,2016,A,P_A,21,323,0.06666666666666667
Japanese,2016,D,D,5301,6345,0.8346977329974811
Japanese,2016,D,A,36,6345,0.005824937027707809
Japanese,2016,D,H_D,120,6345,0.01904911838790932
Japanese,2016,D,H_A,9,6345,0.0015743073047858943
Japanese,2016,D,P_D,310,6345,0.04896095717884131
Japanese,2016,D,P_A,17,6345,0.0028337531486146094
Japanese,2016,H_A,D,0,282,0.0034602076124567475
Japanese,2016,H_A,A,0,282,0.0034602076124567475
Japanese,2016,H_A,H_D,6,282,0.02422145328719723
Japanese,2016,H_A,H_A,253,282,0.8788927335640139
Japanese,2016,H_A,P_D,0,282,0.0034602076124567475
Japanese,2016,H_A,P_A,23,282,0.08304498269896193
Japanese,2016,H_D,D,0,1788,0.0005571030640668524
Japanese,2016,H_D,A,0,1788,0.0005571030640668524
Japanese,2016,H_D,H_D,1459,1788,0.8133704735376045
Japanese,2016,H_D,H_A,22,1788,0.012813370473537604
Japanese,2016,H_D,P_D,105,1788,0.05905292479108635
Japanese,2016,H_D,P_A,7,1788,0.004456824512534819
Japanese,2016,P_A,D,0,1827,0.0005452562704471102
Japanese,2016,P_A,A,0,1827,0.0005452562704471102
Japanese,2016,P_A,H_D,0,1827,0.0005452562704471102
Japanese,2016,P_A,H_A,0,1827,0.0005452562704471102
Japanese,2016,P_A,P_D,86,1827,0.04743729552889858
Japanese,2016,P_A,P_A,1741,1827,0.9498364231188658
Japanese,2016,P_D,D,0,7293,0.000136986301369863
Japanese,2016,P_D,A,0,7293,0.000136986301369863
Japanese,2016,P_D,H_D,0,7293,0.000136986301369863
Japanese,2016,P_D,H_A,0,7293,0.000136986301369863
Japanese,2016,P_D,P_D,6568,7293,0.8998630136986301
Japanese,2016,P_D,P_A,21,7293,0.0030136986301369864
Japanese,2017,A,D,18,315,0.059006211180124224
Japanese,2017,A,A,267,315,0.8322981366459627
Japanese,2017,A,H_D,1,315,0.006211180124223602
Japanese,2017,A,H_A,9,315,0.031055900621118012
Japanese,2017,A,P_D,3,315,0.012422360248447204
Japanese,2017,A,P_A,17,315,0.055900621118012424
Japanese,2017,D,D,4339,5314,0.8156361586168014
Japanese,2017,D,A,19,5314,0.003758691975192633
Japanese,2017,D,H_D,74,5314,0.014095094906972373
Japanese,2017,D,H_A,8,5314,0.001691411388836685
Japanese,2017,D,P_D,284,5314,0.05356136064649502
Japanese,2017,D,P_A,13,5314,0.002631084382634843
Japanese,2017,H_A,D,0,293,0.0033333333333333335
Japanese,2017,H_A,A,0,293,0.0033333333333333335
Japanese,2017,H_A,H_D,21,293,0.07333333333333333
Japanese,2017,H_A,H_A,245,293,0.82
Japanese,2017,H_A,P_D,1,293,0.006666666666666667
Japanese,2017,H_A,P_A,26,293,0.09
Japanese,2017,H_D,D,0,1585,0.000628140703517588
Japanese,2017,H_D,A,0,1585,0.000628140703517588
Japanese,2017,H_D,H_D,1290,1585,0.8109296482412061
Japanese,2017,H_D,H_A,17,1585,0.011306532663316583
Japanese,2017,H_D,P_D,106,1585,0.06721105527638191
Japanese,2017,H_D,P_A,8,1585,0.005653266331658292
Japanese,2017,P_A,D,0,1830,0.0005443658138268917
Japanese,2017,P_A,A,0,1830,0.0005443658138268917
Japanese,2017,P_A,H_D,0,1830,0.0005443658138268917
Japanese,2017,P_A,H_A,0,1830,0.0005443658138268917
Japanese,2017,P_A,P_D,110,1830,0.06042460533478498
Japanese,2017,P_A,P_A,1720,1830,0.9368535655960806
Japanese,2017,P_D,D,0,7070,0.00014130281192595732
Japanese,2017,P_D,A,0,7070,0.00014130281192595732
Japanese,2017,P_D,H_D,0,7070,0.00014130281192595732
Japanese,2017,P_D,H_A,0,7070,0.00014130281192595732
Japanese,2017,P_D,P_D,6224,7070,0.8796100042390843
Japanese,2017,P_D,P_A,25,7070,0.0036738731100748904
Japanese,2018,A,D,16,286,0.05802047781569966
Japanese,2018,A,A,224,286,0.7679180887372014
Japanese,2018,A,H_D,2,286,0.010238907849829351
Japanese,2018,A,H_A,14,286,0.051194539249146756
Japanese,2018,A,P_D,12,286,0.04436860068259386
Japanese,2018,A,P_A,18,286,0.06484641638225255
Japanese,2018,D,D,3522,4357,0.8072868927589367
Japanese,2018,D,A,28,4357,0.006645279560036663
Japanese,2018,D,H_D,59,4357,0.013748854262144821
Japanese,2018,D,H_A,7,4357,0.0018331805682859762
Japanese,2018,D,P_D,268,4357,0.06164069660861595
Japanese,2018,D,P_A,6,4357,0.0016040329972502293
Japanese,2018,H_A,D,0,279,0.0034965034965034965
Japanese,2018,H_A,A,0,279,0.0034965034965034965
Japanese,2018,H_A,H_D,18,279,0.06643356643356643
Japanese,2018,H_A,H_A,227,279,0.7972027972027972
Japanese,2018,H_A,P_D,7,279,0.027972027972027972
Japanese,2018,H_A,P_A,27,279,0.0979020979020979
Japanese,2018,H_D,D,0,1386,0.0007178750897343862
Japanese,2018,H_D,A,0,1386,0.0007178750897343862
Japanese,2018,H_D,H_D,1100,1386,0.7903804737975593
Japanese,2018,H_D,H_A,19,1386,0.014357501794687724
Japanese,2018,H_D,P_D,102,1386,0.07394113424264179
Japanese,2018,H_D,P_A,4,1386,0.003589375448671931
Japanese,2018,P_A,D,0,1809,0.0005506607929515419
Japanese,2018,P_A,A,0,1809,0.0005506607929515419
Japanese,2018,P_A,H_D,0,1809,0.0005506607929515419
Japanese,2018,P_A,H_A,0,1809,0.0005506607929515419
Japanese,2018,P_A,P_D,143,1809,0.07929515418502203
Japanese,2018,P_A,P_A,1666,1809,0.9179515418502202
Japanese,2018,P_D,D,0,6728,0.00014847809948032666
Japanese,2018,P_D,A,0,6728,0.00014847809948032666
Japanese,2018,P_D,H_D,0,6728,0.00014847809948032666
Japanese,2018,P_D,H_A,0,6728,0.00014847809948032666
Japanese,2018,P_D,P_D,5905,6728,0.8769116555308092
Japanese,2018,P_D,P_A,16,6728,0.002524127691165553
Japanese,2019,A,D,0,252,0.003861003861003861
Japanese,2019,A,A,211,252,0.8185328185328186
Japanese,2019,A,H_D,0,252,0.003861003861003861
Japanese,2019,A,H_A,8,252,0.03474903474903475
Japanese,2019,A,P_D,0,252,0.003861003861003861
Japanese,2019,A,P_A,33,252,0.13127413127413126
Japanese,2019,D,D,2791,3538,0.7875881523272215
Japanese,2019,D,A,16,3538,0.004795486600846262
Japanese,2019,D,H_D,28,3538,0.008180535966149507
Japanese,2019,D,H_A,7,3538,0.002256699576868829
Japanese,2019,D,P_D,249,3538,0.07052186177715092
Japanese,2019,D,P_A,12,3538,0.0036671368124118475
Japanese,2019,H_A,D,0,267,0.0036496350364963502
Japanese,2019,H_A,A,0,267,0.0036496350364963502
Japanese,2019,H_A,H_D,0,267,0.0036496350364963502
Japanese,2019,H_A,H_A,230,267,0.843065693430657
Japanese,2019,H_A,P_D,0,267,0.0036496350364963502
Japanese,2019,H_A,P_A,37,267,0.1386861313868613
Japanese,2019,H_D,D,0,1179,0.0008431703204047217
Japanese,2019,H_D,A,0,1179,0.0008431703204047217
Japanese,2019,H_D,H_D,896,1179,0.7563237774030354
Japanese,2019,H_D,H_A,23,1179,0.02023608768971332
Japanese,2019,H_D,P_D,99,1179,0.08431703204047218
Japanese,2019,H_D,P_A,8,1179,0.007588532883642495
Japanese,2019,P_A,D,0,1737,0.0005733944954128441
Japanese,2019,P_A,A,0,1737,0.0005733944954128441
Japanese,2019,P_A,H_D,0,1737,0.0005733944954128441
Japanese,2019,P_A,H_A,0,1737,0.0005733944954128441
Japanese,2019,P_A,P_D,0,1737,0.0005733944954128441
Japanese,2019,P_A,P_A,1737,1737,0.9965596330275229
Japanese,2019,P_D,D,0,6437,0.00015518311607697082
Japanese,2019,P_D,A,0,6437,0.00015518311607697082
Japanese,2019,P_D,H_D,0,6437,0.00015518311607697082
Japanese,2019,P_D,H_A,0,6437,0.00015518311607697082
Japanese,2019,P_D,P_D,5441,6437,0.8445065176908753
Japanese,2019,P_D,P_A,20,6437,0.0032588454376163874
Japanese,2020,A,D,112,227,0.4829059829059829
Japanese,2020,A,A,86,227,0.3717948717948718
Japanese,2020,A,H_D,3,227,0.017094017094017096
Japanese,2020,A,H_A,4,227,0.021367521367521368
Japanese,2020,A,P_D,6,227,0.029914529914529916
Japanese,2020,A,P_A,16,227,0.07264957264957266
Japanese,2020,D,D,2474,2791,0.8845604002859185
Japanese,2020,D,A,15,2791,0.005718370264474625
Japanese,2020,D,H_D,46,2791,0.01679771265189421
Japanese,2020,D,H_A,2,2791,0.001072194424588992
Japanese,2020,D,P_D,247,2791,0.08863473909935668
Japanese,2020,D,P_A,7,2791,0.0028591851322373124
Japanese,2020,H_A,D,0,268,0.0036363636363636364
Japanese,2020,H_A,A,0,268,0.0036363636363636364
Japanese,2020,H_A,H_D,116,268,0.4254545454545455
Japanese,2020,H_A,H_A,115,268,0.4218181818181818
Japanese,2020,H_A,P_D,13,268,0.05090909090909091
Japanese,2020,H_A,P_A,24,268,0.09090909090909091
Japanese,2020,H_D,D,0,924,0.0010741138560687433
Japanese,2020,H_D,A,0,924,0.0010741138560687433
Japanese,2020,H_D,H_D,825,924,0.8872180451127819
Japanese,2020,H_D,H_A,12,924,0.013963480128893663
Japanese,2020,H_D,P_D,83,924,0.09022556390977443
Japanese,2020,H_D,P_A,4,924,0.0053705692803437165
Japanese,2020,P_A,D,0,1847,0.0005393743257820927
Japanese,2020,P_A,A,0,1847,0.0005393743257820927
Japanese,2020,P_A,H_D,0,1847,0.0005393743257820927
Japanese,2020,P_A,H_A,0,1847,0.0005393743257820927
Japanese,2020,P_A,P_D,1043,1847,0.5631067961165048
Japanese,2020,P_A,P_A,804,1847,0.4341963322545847
Japanese,2020,P_D,D,0,5789,0.0001725327812284334
Japanese,2020,P_D,A,0,5789,0.0001725327812284334
Japanese,2020,P_D,H_D,0,5789,0.0001725327812284334
Japanese,2020,P_D,H_A,0,5789,0.0001725327812284334
Japanese,2020,P_D,P_D,5779,5789,0.9972394755003451
Japanese,2020,P_D,P_A,10,5789,0.0018978605935127675
Japanese,2021,A,D,0,101,0.009259259259259259
Japanese,2021,A,A,85,101,0.7962962962962963
Japanese,2021,A,H_D,0,101,0.009259259259259259
Japanese,2021,A,H_A,1,101,0.018518518518518517
Japanese,2021,A,P_D,0,101,0.009259259259259259
Japanese,2021,A,P_A,15,101,0.14814814814814814
Japanese,2021,D,D,2332,2586,0.8997300424219051
Japanese,2021,D,A,3,2586,0.0015426147319706903
Japanese,2021,D,H_D,24,2586,0.009641342074816815
Japanese,2021,D,H_A,2,2586,0.0011569610489780178
Japanese,2021,D,P_D,224,2586,0.08677207867335134
Japanese,2021,D,P_A,1,2586,0.0007713073659853452
Japanese,2021,H_A,D,0,133,0.007142857142857143
Japanese,2021,H_A,A,0,133,0.007142857142857143
Japanese,2021,H_A,H_D,3,133,0.02857142857142857
Japanese,2021,H_A,H_A,105,133,0.7571428571428571
Japanese,2021,H_A,P_D,1,133,0.014285714285714285
Japanese,2021,H_A,P_A,24,133,0.17857142857142858
Japanese,2021,H_D,D,0,990,0.0010030090270812437
Japanese,2021,H_D,A,0,990,0.0010030090270812437
Japanese,2021,H_D,H_D,904,990,0.9077231695085256
Japanese,2021,H_D,H_A,6,990,0.007021063189568706
Japanese,2021,H_D,P_D,78,990,0.07923771313941826
Japanese,2021,H_D,P_A,2,990,0.003009027081243731
Japanese,2021,P_A,D,0,865,0.0011467889908256881
Japanese,2021,P_A,A,0,865,0.0011467889908256881
Japanese,2021,P_A,H_D,0,865,0.0011467889908256881
Japanese,2021,P_A,H_A,0,865,0.0011467889908256881
Japanese,2021,P_A,P_D,5,865,0.006880733944954129
Japanese,2021,P_A,P_A,860,865,0.9873853211009175
Japanese,2021,P_D,D,0,7171,0.00013931457230426304
Japanese,2021,P_D,A,0,7171,0.00013931457230426304
Japanese,2021,P_D,H_D,0,7171,0.00013931457230426304
Japanese,2021,P_D,H_A,0,7171,0.00013931457230426304
Japanese,2021,P_D,P_D,7167,7171,0.9986068542769574
Japanese,2021,P_D,P_A,4,7171,0.0006965728615213151
Japanese,2022,A,D,0,88,0.010526315789473684
Japanese,2022,A,A,71,88,0.7578947368421053
Japanese,2022,A,H_D,0,88,0.010526315789473684
Japanese,2022,A,H_A,3,88,0.042105263157894736
Japanese,2022,A,P_D,1,88,0.021052631578947368
Japanese,2022,A,P_A,13,88,0.14736842105263157
Japanese,2022,D,D,2090,2332,0.893971782813168
Japanese,2022,D,A,4,2332,0.0021376656690893546
Japanese,2022,D,H_D,16,2332,0.007268063274903805
Japanese,2022,D,H_A,0,2332,0.00042753313381787086
Japanese,2022,D,P_D,221,2332,0.09491235570756734
Japanese,2022,D,P_A,1,2332,0.0008550662676357417
Japanese,2022,H_A,D,0,114,0.008264462809917356
Japanese,2022,H_A,A,0,114,0.008264462809917356
Japanese,2022,H_A,H_D,8,114,0.0743801652892562
Japanese,2022,H_A,H_A,86,114,0.71900826446281
Japanese,2022,H_A,P_D,4,114,0.04132231404958678
Japanese,2022,H_A,P_A,16,114,0.14049586776859505
Japanese,2022,H_D,D,0,931,0.0010660980810234541
Japanese,2022,H_D,A,0,931,0.0010660980810234541
Japanese,2022,H_D,H_D,846,931,0.9029850746268657
Japanese,2022,H_D,H_A,1,931,0.0021321961620469083
Japanese,2022,H_D,P_D,84,931,0.0906183368869936
Japanese,2022,H_D,P_A,0,931,0.0010660980810234541
Japanese,2022,P_A,D,0,906,0.001095290251916758
Japanese,2022,P_A,A,0,906,0.001095290251916758
Japanese,2022,P_A,H_D,0,906,0.001095290251916758
Japanese,2022,P_A,H_A,0,906,0.001095290251916758
Japanese,2022,P_A,P_D,85,906,0.09419496166484119
Japanese,2022,P_A,P_A,821,906,0.9003285870755751
Japanese,2022,P_D,D,0,7475,0.00013365410318096765
Japanese,2022,P_D,A,0,7475,0.00013365410318096765
Japanese,2022,P_D,H_D,0,7475,0.00013365410318096765
Japanese,2022,P_D,H_A,0,7475,0.00013365410318096765
Japanese,2022,P_D,P_D,7467,7475,0.9981288425554664
Japanese,2022,P_D,P_A,8,7475,0.0012028869286287089
Japanese,2023,A,D,0,75,0.012195121951219513
Japanese,2023,A,A,0,75,0.012195121951219513
Japanese,2023,A,H_D,0,75,0.012195121951219513
Japanese,2023,A,H_A,0,75,0.012195121951219513
Japanese,2023,A,P_D,0,75,0.012195121951219513
Japanese,2023,A,P_A,0,75,0.012195121951219513
Japanese,2023,D,D,0,2090,0.0004768717215069146
Japanese,2023,D,A,0,2090,0.0004768717215069146
Japanese,2023,D,H_D,0,2090,0.0004768717215069146
Japanese,2023,D,H_A,0,2090,0.0004768717215069146
Japanese,2023,D,P_D,0,2090,0.0004768717215069146
Japanese,2023,D,P_A,0,2090,0.0004768717215069146
Japanese,2023,H_A,D,0,90,0.010309278350515464
Japanese,2023,H_A,A,0,90,0.010309278350515464
Japanese,2023,H_A,H_D,0,90,0.010309278350515464
Japanese,2023,H_A,H_A,0,90,0.010309278350515464
Japanese,2023,H_A,P_D,0,90,0.010309278350515464
Japanese,2023,H_A,P_A,0,90,0.010309278350515464
Japanese,2023,H_D,D,0,870,0.0011402508551881414
Japanese,2023,H_D,A,0,870,0.0011402508551881414
Japanese,2023,H_D,H_D,0,870,0.0011402508551881414
Japanese,2023,H_D,H_A,0,870,0.0011402508551881414
Japanese,2023,H_D,P_D,0,870,0.0011402508551881414
Japanese,2023,H_D,P_A,0,870,0.0011402508551881414
Japanese,2023,P_A,D,0,859,0.0011547344110854503
Japanese,2023,P_A,A,0,859,0.0011547344110854503
Japanese,2023,P_A,H_D,0,859,0.0011547344110854503
Japanese,2023,P_A,H_A,0,859,0.0011547344110854503
Japanese,2023,P_A,P_D,0,859,0.0011547344110854503
Japanese,2023,P_A,P_A,0,859,0.0011547344110854503
Japanese,2023,P_D,D,0,7862,0.00012708095056551024
Japanese,2023,P_D,A,0,7862,0.00012708095056551024
Japanese,2023,P_D,H_D,0,7862,0.00012708095056551024
Japanese,2023,P_D,H_A,0,7862,0.00012708095056551024
Japanese,2023,P_D,P_D,0,7862,0.00012708095056551024
Japanese,2023,P_D,P_A,0,7862,0.00012708095056551024
Other Civilizations,2000,A,D,4,110,0.042735042735042736
Other Civilizations,2000,A,A,91,110,0.7863247863247863
Other Civilizations,2000,A,H_D,0,110,0.008547008547008548
Other Civilizations,2000,A,H_A,5,110,0.05128205128205128
Other Civilizations,2000,A,P_D,0,110,0.008547008547008548
Other Civilizations,2000,A,P_A,10,110,0.09401709401709402
Other Civilizations,2000,D,D,779,959,0.8074534161490683
Other Civilizations,2000,D,A,12,959,0.013457556935817806
Other Civilizations,2000,D,H_D,27,959,0.028985507246376812
Other Civilizations,2000,D,H_A,4,959,0.005175983436853002
Other Civilizations,2000,D,P_D,83,959,0.08695652173913043
Other Civilizations,2000,D,P_A,17,959,0.018633540372670808
Other Civilizations,2000,H_A,D,0,25,0.03125
Other Civilizations,2000,H_A,A,0,25,0.03125
Other Civilizations,2000,H_A,H_D,0,25,0.03125
Other Civilizations,2000,H_A,H_A,21,25,0.6875
Other Civilizations,2000,H_A,P_D,0,25,0.03125
Other Civilizations,2000,H_A,P_A,4,25,0.15625
Other Civilizations,2000,H_D,D,0,195,0.0049504950495049506
Other Civilizations,2000,H_D,A,0,195,0.0049504950495049506
Other Civilizations,2000,H_D,H_D,150,195,0.7475247524752475
Other Civilizations,2000,H_D,H_A,6,195,0.034653465346534656
Other Civilizations,2000,H_D,P_D,15,195,0.07920792079207921
Other Civilizations,2000,H_D,P_A,8,195,0.04455445544554455
Other Civilizations,2000,P_A,D,0,135,0.007042253521126761
Other Civilizations,2000,P_A,A,0,135,0.007042253521126761
Other Civilizations,2000,P_A,H_D,0,135,0.007042253521126761
Other Civilizations,2000,P_A,H_A,0,135,0.007042253521126761
Other Civilizations,2000,P_A,P_D,3,135,0.028169014084507043
Other Civilizations,2000,P_A,P_A,132,135,0.9366197183098591
Other Civilizations,2000,P_D,D,0,922,0.001076426264800861
Other Civilizations,2000,P_D,A,0,922,0.001076426264800861
Other Civilizations,2000,P_D,H_D,0,922,0.001076426264800861
Other Civilizations,2000,P_D,H_A,0,922,0.001076426264800861
Other Civilizations,2000,P_D,P_D,848,922,0.9138858988159311
Other Civilizations,2000,P_D,P_A,33,922,0.03659849300322928
Other Civilizations,2001,A,D,2,170,0.01694915254237288
Other Civilizations,2001,A,A,144,170,0.8192090395480226
Other Civilizations,2001,A,H_D,0,170,0.005649717514124294
Other Civilizations,2001,A,H_A,6,170,0.03954802259887006
Other Civilizations,2001,A,P_D,0,170,0.005649717514124294
Other Civilizations,2001,A,P_A,18,170,0.10734463276836158
Other Civilizations,2001,D,D,1234,1520,0.8087753765553373
Other Civilizations,2001,D,A,25,1520,0.017026850032743943
Other Civilizations,2001,D,H_D,37,1520,0.024885396201702686
Other Civilizations,2001,D,H_A,10,1520,0.007203667321545514
Other Civilizations,2001,D,P_D,133,1520,0.08775376555337262
Other Civilizations,2001,D,P_A,24,1520,0.016371971185330715
Other Civilizations,2001,H_A,D,0,57,0.015625
Other Civilizations,2001,H_A,A,0,57,0.015625
Other Civilizations,2001,H_A,H_D,3,57,0.0625
Other Civilizations,2001,H_A,H_A,46,57,0.734375
Other Civilizations,2001,H_A,P_D,1,57,0.03125
Other Civilizations,2001,H_A,P_A,7,57,0.125
Other Civilizations,2001,H_D,D,0,326,0.003003003003003003
Other Civilizations,2001,H_D,A,0,326,0.003003003003003003
Other Civilizations,2001,H_D,H_D,260,326,0.7837837837837838
Other Civilizations,2001,H_D,H_A,8,326,0.02702702702702703
Other Civilizations,2001,H_D,P_D,37,326,0.11411411411411411
Other Civilizations,2001,H_D,P_A,10,326,0.03303303303303303
Other Civilizations,2001,P_A,D,0,266,0.003663003663003663
Other Civilizations,2001,P_A,A,0,266,0.003663003663003663
Other Civilizations,2001,P_A,H_D,0,266,0.003663003663003663
Other Civilizations,2001,P_A,H_A,0,266,0.003663003663003663
Other Civilizations,2001,P_A,P_D,2,266,0.01098901098901099
Other Civilizations,2001,P_A,P_A,264,266,0.9706959706959707
Other Civilizations,2001,P_D,D,0,1687,0.0005903187721369539
Other Civilizations,2001,P_D,A,0,1687,0.0005903187721369539
Other Civilizations,2001,P_D,H_D,0,1687,0.0005903187721369539
Other Civilizations,2001,P_D,H_A,0,1687,0.0005903187721369539
Other Civilizations,2001,P_D,P_D,1567,1687,0.9256198347107438
Other Civilizations,2001,P_D,P_A,67,1687,0.04014167650531287
Other Civilizations,2002,A,D,9,258,0.03773584905660377
Other Civilizations,2002,A,A,214,258,0.8113207547169812
Other Civilizations,2002,A,H_D,4,258,0.018867924528301886
Other Civilizations,2002,A,H_A,8,258,0.033962264150943396
Other Civilizations,2002,A,P_D,0,258,0.0037735849056603774
Other Civilizations,2002,A,P_A,23,258,0.09056603773584905
Other Civilizations,2002,D,D,2043,2502,0.8146671980868873
Other Civilizations,2002,D,A,30,2502,0.012355520127540853
Other Civilizations,2002,D,H_D,79,2502,0.03188521323236349
Other Civilizations,2002,D,H_A,9,2502,0.0039856516540454365
Other Civilizations,2002,D,P_D,175,2502,0.07014746911119968
Other Civilizations,2002,D,P_A,28,2502,0.011558389796731766
Other Civilizations,2002,H_A,D,0,97,0.009615384615384616
Other Civilizations,2002,H_A,A,0,97,0.009615384615384616
Other Civilizations,2002,H_A,H_D,1,97,0.019230769230769232
Other Civilizations,2002,H_A,H_A,83,97,0.8076923076923077
Other Civilizations,2002,H_A,P_D,0,97,0.009615384615384616
Other Civilizations,2002,H_A,P_A,13,97,0.1346153846153846
Other Civilizations,2002,H_D,D,0,468,0.002105263157894737
Other Civilizations,2002,H_D,A,0,468,0.002105263157894737
Other Civilizations,2002,H_D,H_D,373,468,0.7873684210526316
Other Civilizations,2002,H_D,H_A,10,468,0.023157894736842106
Other Civilizations,2002,H_D,P_D,44,468,0.09473684210526316
Other Civilizations,2002,H_D,P_A,7,468,0.016842105263157894
Other Civilizations,2002,P_A,D,0,470,0.0020964360587002098
Other Civilizations,2002,P_A,A,0,470,0.0020964360587002098
Other Civilizations,2002,P_A,H_D,0,470,0.0020964360587002098
Other Civilizations,2002,P_A,H_A,0,470,0.0020964360587002098
Other Civilizations,2002,P_A,P_D,6,470,0.014675052410901468
Other Civilizations,2002,P_A,P_A,464,470,0.9748427672955975
Other Civilizations,2002,P_D,D,0,2803,0.00035587188612099647
Other Civilizations,2002,P_D,A,0,2803,0.00035587188612099647
Other Civilizations,2002,P_D,H_D,0,2803,0.00035587188612099647
Other Civilizations,2002,P_D,H_A,0,2803,0.00035587188612099647
Other Civilizations,2002,P_D,P_D,2504,2803,0.891459074733096
Other Civilizations,2002,P_D,P_A,95,2803,0.03416370106761566
Other Civilizations,2003,A,D,4,310,0.015772870662460567
Other Civilizations,2003,A,A,270,310,0.8548895899053628
Other Civilizations,2003,A,H_D,0,310,0.0031545741324921135
Other Civilizations,2003,A,H_A,4,310,0.015772870662460567
Other Civilizations,2003,A,P_D,4,310,0.015772870662460567
Other Civilizations,2003,A,P_A,28,310,0.0914826498422713
Other Civilizations,2003,D,D,2572,3038,0.8449917898193761
Other Civilizations,2003,D,A,30,3038,0.010180623973727421
Other Civilizations,2003,D,H_D,67,3038,0.02233169129720854
Other Civilizations,2003,D,H_A,13,3038,0.004597701149425287
Other Civilizations,2003,D,P_D,194,3038,0.06403940886699508
Other Civilizations,2003,D,P_A,17,3038,0.005911330049261084
Other Civilizations,2003,H_A,D,0,128,0.007407407407407408
Other Civilizations,2003,H_A,A,0,128,0.007407407407407408
Other Civilizations,2003,H_A,H_D,5,128,0.044444444444444446
Other Civilizations,2003,H_A,H_A,105,128,0.7851851851851852
Other Civilizations,2003,H_A,P_D,1,128,0.014814814814814815
Other Civilizations,2003,H_A,P_A,17,128,0.13333333333333333
Other Civilizations,2003,H_D,D,0,585,0.0016891891891891893
Other Civilizations,2003,H_D,A,0,585,0.0016891891891891893
Other Civilizations,2003,H_D,H_D,468,585,0.7922297297297297
Other Civilizations,2003,H_D,H_A,14,585,0.02533783783783784
Other Civilizations,2003,H_D,P_D,46,585,0.07939189189189189
Other Civilizations,2003,H_D,P_A,13,585,0.02364864864864865
Other Civilizations,2003,P_A,D,0,681,0.0014534883720930232
Other Civilizations,2003,P_A,A,0,681,0.0014534883720930232
Other Civilizations,2003,P_A,H_D,0,681,0.0014534883720930232
Other Civilizations,2003,P_A,H_A,0,681,0.0014534883720930232
Other Civilizations,2003,P_A,P_D,9,681,0.014534883720930232
Other Civilizations,2003,P_A,P_A,672,681,0.9781976744186046
Other Civilizations,2003,P_D,D,0,3457,0.0002886836027713626
Other Civilizations,2003,P_D,A,0,3457,0.0002886836027713626
Other Civilizations,2003,P_D,H_D,0,3457,0.0002886836027713626
Other Civilizations,2003,P_D,H_A,0,3457,0.0002886836027713626
Other Civilizations,2003,P_D,P_D,3167,3457,0.9145496535796767
Other Civilizations,2003,P_D,P_A,95,3457,0.02771362586605081
Other Civilizations,2004,A,D,9,372,0.026385224274406333
Other Civilizations,2004,A,A,317,372,0.8390501319261213
Other Civilizations,2004,A,H_D,0,372,0.002638522427440633
Other Civilizations,2004,A,H_A,9,372,0.026385224274406333
Other Civilizations,2004,A,P_D,4,372,0.013192612137203167
Other Civilizations,2004,A,P_A,33,372,0.08970976253298153
Other Civilizations,2004,D,D,3097,3596,0.8598390230363586
Other Civilizations,2004,D,A,32,3596,0.009159034138218152
Other Civilizations,2004,D,H_D,64,3596,0.01804052178739939
Other Civilizations,2004,D,H_A,20,3596,0.005828476269775187
Other Civilizations,2004,D,P_D,207,3596,0.057729669719678044
Other Civilizations,2004,D,P_A,26,3596,0.00749375520399667
Other Civilizations,2004,H_A,D,0,150,0.006369426751592357
Other Civilizations,2004,H_A,A,0,150,0.006369426751592357
Other Civilizations,2004,H_A,H_D,6,150,0.044585987261146494
Other Civilizations,2004,H_A,H_A,120,150,0.7707006369426752
Other Civilizations,2004,H_A,P_D,0,150,0.006369426751592357
Other Civilizations,2004,H_A,P_A,24,150,0.1592356687898089
Other Civilizations,2004,H_D,D,0,707,0.0014005602240896359
Other Civilizations,2004,H_D,A,0,707,0.0014005602240896359
Other Civilizations,2004,H_D,H_D,586,707,0.8221288515406162
Other Civilizations,2004,H_D,H_A,13,707,0.0196078431372549
Other Civilizations,2004,H_D,P_D,60,707,0.08543417366946779
Other Civilizations,2004,H_D,P_A,8,707,0.012605042016806723
Other Civilizations,2004,P_A,D,0,887,0.0011185682326621924
Other Civilizations,2004,P_A,A,0,887,0.0011185682326621924
Other Civilizations,2004,P_A,H_D,0,887,0.0011185682326621924
Other Civilizations,2004,P_A,H_A,0,887,0.0011185682326621924
Other Civilizations,2004,P_A,P_D,24,887,0.02796420581655481
Other Civilizations,2004,P_A,P_A,863,887,0.9664429530201343
Other Civilizations,2004,P_D,D,0,4186,0.00023849272597185786
Other Civilizations,2004,P_D,A,0,4186,0.00023849272597185786
Other Civilizations,2004,P_D,H_D,0,4186,0.00023849272597185786
Other Civilizations,2004,P_D,H_A,0,4186,0.00023849272597185786
Other Civilizations,2004,P_D,P_D,3852,4186,0.9189124731695684
Other Civilizations,2004,P_D,P_A,123,4186,0.029573098020510374
Other Civilizations,2005,A,D,9,403,0.024390243902439025
Other Civilizations,2005,A,A,342,403,0.8365853658536585
Other Civilizations,2005,A,H_D,2,403,0.007317073170731708
Other Civilizations,2005,A,H_A,10,403,0.026829268292682926
Other Civilizations,2005,A,P_D,4,403,0.012195121951219513
Other Civilizations,2005,A,P_A,36,403,0.09024390243902439
Other Civilizations,2005,D,D,3556,4199,0.8456966238706609
Other Civilizations,2005,D,A,52,4199,0.012601046124583928
Other Civilizations,2005,D,H_D,94,4199,0.02258678078934855
Other Civilizations,2005,D,H_A,17,4199,0.0042796005706134095
Other Civilizations,2005,D,P_D,265,4199,0.06324298621017593
Other Civilizations,2005,D,P_A,42,4199,0.010223490252020923
Other Civilizations,2005,H_A,D,0,177,0.005434782608695652
Other Civilizations,2005,H_A,A,0,177,0.005434782608695652
Other Civilizations,2005,H_A,H_D,9,177,0.05434782608695652
Other Civilizations,2005,H_A,H_A,144,177,0.7880434782608695
Other Civilizations,2005,H_A,P_D,2,177,0.016304347826086956
Other Civilizations,2005,H_A,P_A,22,177,0.125
Other Civilizations,2005,H_D,D,0,850,0.0011668611435239206
Other Civilizations,2005,H_D,A,0,850,0.0011668611435239206
Other Civilizations,2005,H_D,H_D,692,850,0.808634772462077
Other Civilizations,2005,H_D,H_A,16,850,0.019836639439906652
Other Civilizations,2005,H_D,P_D,82,850,0.09684947491248541
Other Civilizations,2005,H_D,P_A,9,850,0.011668611435239206
Other Civilizations,2005,P_A,D,0,1132,0.000877963125548727
Other Civilizations,2005,P_A,A,0,1132,0.000877963125548727
Other Civilizations,2005,P_A,H_D,0,1132,0.000877963125548727
Other Civilizations,2005,P_A,H_A,0,1132,0.000877963125548727
Other Civilizations,2005,P_A,P_D,30,1132,0.027216856892010536
Other Civilizations,2005,P_A,P_A,1102,1132,0.9683933274802459
Other Civilizations,2005,P_D,D,0,4856,0.00020563438206868187
Other Civilizations,2005,P_D,A,0,4856,0.00020563438206868187
Other Civilizations,2005,P_D,H_D,0,4856,0.00020563438206868187
Other Civilizations,2005,P_D,H_A,0,4856,0.00020563438206868187
Other Civilizations,2005,P_D,P_D,4448,4856,0.9148673658235656
Other Civilizations,2005,P_D,P_A,126,4856,0.026115566522722598
Other Civilizations,2006,A,D,6,474,0.014553014553014554
Other Civilizations,2006,A,A,417,474,0.8690228690228691
Other Civilizations,2006,A,H_D,2,474,0.006237006237006237
Other Civilizations,2006,A,H_A,16,474,0.035343035343035345
Other Civilizations,2006,A,P_D,3,474,0.008316008316008316
Other Civilizations,2006,A,P_A,30,474,0.06444906444906445
Other Civilizations,2006,D,D,4176,4936,0.8450333805381347
Other Civilizations,2006,D,A,48,4936,0.00991300829455796
Other Civilizations,2006,D,H_D,119,4936,0.02427675500708072
Other Civilizations,2006,D,H_A,20,4936,0.004248432126239126
Other Civilizations,2006,D,P_D,275,4936,0.05583653651628566
Other Civilizations,2006,D,P_A,17,4936,0.003641513251062108
Other Civilizations,2006,H_A,D,0,209,0.004629629629629629
Other Civilizations,2006,H_A,A,0,209,0.004629629629629629
Other Civilizations,2006,H_A,H_D,13,209,0.06481481481481481
Other Civilizations,2006,H_A,H_A,174,209,0.8101851851851852
Other Civilizations,2006,H_A,P_D,1,209,0.009259259259259259
Other Civilizations,2006,H_A,P_A,21,209,0.10185185185185185
Other Civilizations,2006,H_D,D,0,1044,0.0009514747859181732
Other Civilizations,2006,H_D,A,0,1044,0.0009514747859181732
Other Civilizations,2006,H_D,H_D,861,1044,0.8201712654614652
Other Civilizations,2006,H_D,H_A,31,1044,0.030447193149381543
Other Civilizations,2006,H_D,P_D,89,1044,0.08563273073263558
Other Civilizations,2006,H_D,P_A,5,1044,0.005708848715509039
Other Civilizations,2006,P_A,D,0,1391,0.000715307582260372
Other Civilizations,2006,P_A,A,0,1391,0.000715307582260372
Other Civilizations,2006,P_A,H_D,0,1391,0.000715307582260372
Other Civilizations,2006,P_A,H_A,0,1391,0.000715307582260372
Other Civilizations,2006,P_A,P_D,31,1391,0.022889842632331903
Other Civilizations,2006,P_A,P_A,1360,1391,0.9735336194563662
Other Civilizations,2006,P_D,D,0,5746,0.00017382235355466714
Other Civilizations,2006,P_D,A,0,5746,0.00017382235355466714
Other Civilizations,2006,P_D,H_D,0,5746,0.00017382235355466714
Other Civilizations,2006,P_D,H_A,0,5746,0.00017382235355466714
Other Civilizations,2006,P_D,P_D,5271,5746,0.9163914479402051
Other Civilizations,2006,P_D,P_A,106,5746,0.018598991830349382
Other Civilizations,2007,A,D,12,543,0.023636363636363636
Other Civilizations,2007,A,A,468,543,0.8527272727272728
Other Civilizations,2007,A,H_D,2,543,0.005454545454545455
Other Civilizations,2007,A,H_A,19,543,0.03636363636363636
Other Civilizations,2007,A,P_D,5,543,0.01090909090909091
Other Civilizations,2007,A,P_A,37,543,0.06909090909090909
Other Civilizations,2007,D,D,4777,5606,0.8512381970425797
Other Civilizations,2007,D,A,39,5606,0.007126313914127917
Other Civilizations,2007,D,H_D,144,5606,0.0258328879387137
Other Civilizations,2007,D,H_A,27,5606,0.004988419739889542
Other Civilizations,2007,D,P_D,299,5606,0.05344735435595938
Other Civilizations,2007,D,P_A,21,5606,0.0039194726527703545
Other Civilizations,2007,H_A,D,0,266,0.003663003663003663
Other Civilizations,2007,H_A,A,0,266,0.003663003663003663
Other Civilizations,2007,H_A,H_D,7,266,0.029304029304029304
Other Civilizations,2007,H_A,H_A,224,266,0.8241758241758241
Other Civilizations,2007,H_A,P_D,1,266,0.007326007326007326
Other Civilizations,2007,H_A,P_A,34,266,0.1282051282051282
Other Civilizations,2007,H_D,D,0,1214,0.000819000819000819
Other Civilizations,2007,H_D,A,0,1214,0.000819000819000819
Other Civilizations,2007,H_D,H_D,997,1214,0.8173628173628174
Other Civilizations,2007,H_D,H_A,24,1214,0.020475020475020474
Other Civilizations,2007,H_D,P_D,83,1214,0.0687960687960688
Other Civilizations,2007,H_D,P_A,9,1214,0.00819000819000819
Other Civilizations,2007,P_A,D,0,1597,0.0006234413965087282
Other Civilizations,2007,P_A,A,0,1597,0.0006234413965087282
Other Civilizations,2007,P_A,H_D,0,1597,0.0006234413965087282
Other Civilizations,2007,P_A,H_A,0,1597,0.0006234413965087282
Other Civilizations,2007,P_A,P_D,41,1597,0.026184538653366583
Other Civilizations,2007,P_A,P_A,1556,1597,0.9706982543640897
Other Civilizations,2007,P_D,D,0,6582,0.00015176809834572774
Other Civilizations,2007,P_D,A,0,6582,0.00015176809834572774
Other Civilizations,2007,P_D,H_D,0,6582,0.00015176809834572774
Other Civilizations,2007,P_D,H_A,0,6582,0.00015176809834572774
Other Civilizations,2007,P_D,P_D,6024,6582,0.9144027925330096
Other Civilizations,2007,P_D,P_A,133,6582,0.020336925178327515
Other Civilizations,2008,A,D,19,604,0.03273322422258593
Other Civilizations,2008,A,A,526,604,0.8625204582651391
Other Civilizations,2008,A,H_D,3,604,0.006546644844517185
Other Civilizations,2008,A,H_A,20,604,0.03436988543371522
Other Civilizations,2008,A,P_D,5,604,0.009819967266775777
Other Civilizations,2008,A,P_A,31,604,0.05237315875613748
Other Civilizations,2008,D,D,5346,6231,0.8571657582558513
Other Civilizations,2008,D,A,57,6231,0.009297851875601153
Other Civilizations,2008,D,H_D,146,6231,0.023565245270920167
Other Civilizations,2008,D,H_A,20,6231,0.0033664636101314524
Other Civilizations,2008,D,P_D,362,6231,0.058191728117986535
Other Civilizations,2008,D,P_A,32,6231,0.00529015710163514
Other Civilizations,2008,H_A,D,0,320,0.0030581039755351682
Other Civilizations,2008,H_A,A,0,320,0.0030581039755351682
Other Civilizations,2008,H_A,H_D,9,320,0.03058103975535168
Other Civilizations,2008,H_A,H_A,276,320,0.8470948012232415
Other Civilizations,2008,H_A,P_D,4,320,0.01529051987767584
Other Civilizations,2008,H_A,P_A,31,320,0.09785932721712538
Other Civilizations,2008,H_D,D,0,1387,0.0007173601147776184
Other Civilizations,2008,H_D,A,0,1387,0.0007173601147776184
Other Civilizations,2008,H_D,H_D,1125,1387,0.8077474892395983
Other Civilizations,2008,H_D,H_A,19,1387,0.014347202295552367
Other Civilizations,2008,H_D,P_D,111,1387,0.08034433285509325
Other Civilizations,2008,H_D,P_A,7,1387,0.005738880918220947
Other Civilizations,2008,P_A,D,0,1854,0.0005373455131649651
Other Civilizations,2008,P_A,A,0,1854,0.0005373455131649651
Other Civilizations,2008,P_A,H_D,0,1854,0.0005373455131649651
Other Civilizations,2008,P_A,H_A,0,1854,0.0005373455131649651
Other Civilizations,2008,P_A,P_D,41,1854,0.022568511552928532
Other Civilizations,2008,P_A,P_A,1813,1854,0.9747447608812466
Other Civilizations,2008,P_D,D,0,7300,0.0001368550704803613
Other Civilizations,2008,P_D,A,0,7300,0.0001368550704803613
Other Civilizations,2008,P_D,H_D,0,7300,0.0001368550704803613
Other Civilizations,2008,P_D,H_A,0,7300,0.0001368550704803613
Other Civilizations,2008,P_D,P_D,6767,7300,0.9262351170110853
Other Civilizations,2008,P_D,P_A,103,7300,0.014232927329957575
Other Civilizations,2009,A,D,15,673,0.023529411764705882
Other Civilizations,2009,A,A,576,673,0.8485294117647059
Other Civilizations,2009,A,H_D,4,673,0.007352941176470588
Other Civilizations,2009,A,H_A,26,673,0.039705882352941174
Other Civilizations,2009,A,P_D,5,673,0.008823529411764706
Other Civilizations,2009,A,P_A,47,673,0.07058823529411765
Other Civilizations,2009,D,D,5801,6819,0.8499853501318488
Other Civilizations,2009,D,A,50,6819,0.007471432757105186
Other Civilizations,2009,D,H_D,189,6819,0.027834749487254614
Other Civilizations,2009,D,H_A,9,6819,0.001464986815118664
Other Civilizations,2009,D,P_D,354,6819,0.05200703193671257
Other Civilizations,2009,D,P_A,18,6819,0.0027834749487254617
Other Civilizations,2009,H_A,D,0,367,0.00267379679144385
Other Civilizations,2009,H_A,A,0,367,0.00267379679144385
Other Civilizations,2009,H_A,H_D,14,367,0.040106951871657755
Other Civilizations,2009,H_A,H_A,317,367,0.8502673796791443
Other Civilizations,2009,H_A,P_D,0,367,0.00267379679144385
Other Civilizations,2009,H_A,P_A,36,367,0.09893048128342247
Other Civilizations,2009,H_D,D,0,1556,0.0006397952655150352
Other Civilizations,2009,H_D,A,0,1556,0.0006397952655150352
Other Civilizations,2009,H_D,H_D,1292,1556,0.8272552783109405
Other Civilizations,2009,H_D,H_A,24,1556,0.01599488163787588
Other Civilizations,2009,H_D,P_D,114,1556,0.07357645553422905
Other Civilizations,2009,H_D,P_A,4,1556,0.003198976327575176
Other Civilizations,2009,P_A,D,0,2080,0.0004791566842357451
Other Civilizations,2009,P_A,A,0,2080,0.0004791566842357451
Other Civilizations,2009,P_A,H_D,0,2080,0.0004791566842357451
Other Civilizations,2009,P_A,H_A,0,2080,0.0004791566842357451
Other Civilizations,2009,P_A,P_D,59,2080,0.028749401054144707
Other Civilizations,2009,P_A,P_A,2021,2080,0.9688548155246766
Other Civilizations,2009,P_D,D,0,8223,0.00012150668286755772
Other Civilizations,2009,P_D,A,0,8223,0.00012150668286755772
Other Civilizations,2009,P_D,H_D,0,8223,0.00012150668286755772
Other Civilizations,2009,P_D,H_A,0,8223,0.00012150668286755772
Other Civilizations,2009,P_D,P_D,7627,8223,0.9268529769137303
Other Civilizations,2009,P_D,P_A,86,8223,0.010571081409477521
Other Civilizations,2010,A,D,17,741,0.02406417112299465
Other Civilizations,2010,A,A,648,741,0.8676470588235294
Other Civilizations,2010,A,H_D,2,741,0.004010695187165776
Other Civilizations,2010,A,H_A,23,741,0.03208556149732621
Other Civilizations,2010,A,P_D,10,741,0.014705882352941176
Other Civilizations,2010,A,P_A,41,741,0.05614973262032086
Other Civilizations,2010,D,D,6351,7422,0.8550275945618522
Other Civilizations,2010,D,A,68,7422,0.009287925696594427
Other Civilizations,2010,D,H_D,168,7422,0.022748687575716787
Other Civilizations,2010,D,H_A,17,7422,0.0024229371382420246
Other Civilizations,2010,D,P_D,389,7422,0.0524969713285772
Other Civilizations,2010,D,P_A,23,7422,0.003230582850989366
Other Civilizations,2010,H_A,D,0,401,0.0024509803921568627
Other Civilizations,2010,H_A,A,0,401,0.0024509803921568627
Other Civilizations,2010,H_A,H_D,15,401,0.0392156862745098
Other Civilizations,2010,H_A,H_A,347,401,0.8529411764705882
Other Civilizations,2010,H_A,P_D,5,401,0.014705882352941176
Other Civilizations,2010,H_A,P_A,34,401,0.0857843137254902
Other Civilizations,2010,H_D,D,0,1768,0.0005633802816901409
Other Civilizations,2010,H_D,A,0,1768,0.0005633802816901409
Other Civilizations,2010,H_D,H_D,1486,1768,0.8377464788732394
Other Civilizations,2010,H_D,H_A,28,1768,0.016338028169014085
Other Civilizations,2010,H_D,P_D,95,1768,0.054084507042253524
Other Civilizations,2010,H_D,P_A,5,1768,0.0033802816901408453
Other Civilizations,2010,P_A,D,0,2270,0.0004391743522178305
Other Civilizations,2010,P_A,A,0,2270,0.0004391743522178305
Other Civilizations,2010,P_A,H_D,0,2270,0.0004391743522178305
Other Civilizations,2010,P_A,H_A,0,2270,0.0004391743522178305
Other Civilizations,2010,P_A,P_D,68,2270,0.030303030303030304
Other Civilizations,2010,P_A,P_A,2202,2270,0.9675010979358806
Other Civilizations,2010,P_D,D,0,9068,0.00011019283746556474
Other Civilizations,2010,P_D,A,0,9068,0.00011019283746556474
Other Civilizations,2010,P_D,H_D,0,9068,0.00011019283746556474
Other Civilizations,2010,P_D,H_A,0,9068,0.00011019283746556474
Other Civilizations,2010,P_D,P_D,8358,9068,0.9211019283746557
Other Civilizations,2010,P_D,P_A,80,9068,0.008925619834710744
Other Civilizations,2011,A,D,32,806,0.04059040590405904
Other Civilizations,2011,A,A,702,806,0.8646986469864698
Other Civilizations,2011,A,H_D,6,806,0.008610086100861008
Other Civilizations,2011,A,H_A,24,806,0.03075030750307503
Other Civilizations,2011,A,P_D,3,806,0.004920049200492005
Other Civilizations,2011,A,P_A,39,806,0.04920049200492005
Other Civilizations,2011,D,D,6901,8004,0.8615653476469854
Other Civilizations,2011,D,A,62,8004,0.007864186743228061
Other Civilizations,2011,D,H_D,198,8004,0.024840843839720385
Other Civilizations,2011,D,H_A,15,8004,0.0019972537760579202
Other Civilizations,2011,D,P_D,373,8004,0.04668580701535389
Other Civilizations,2011,D,P_A,13,8004,0.0017475970540506804
Other Civilizations,2011,H_A,D,0,444,0.0022172949002217295
Other Civilizations,2011,H_A,A,0,444,0.0022172949002217295
Other Civilizations,2011,H_A,H_D,16,444,0.037694013303769404
Other Civilizations,2011,H_A,H_A,387,444,0.8603104212860311
Other Civilizations,2011,H_A,P_D,4,444,0.011086474501108648
Other Civilizations,2011,H_A,P_A,37,444,0.08425720620842572
Other Civilizations,2011,H_D,D,0,1953,0.0005102040816326531
Other Civilizations,2011,H_D,A,0,1953,0.0005102040816326531
Other Civilizations,2011,H_D,H_D,1644,1953,0.8392857142857143
Other Civilizations,2011,H_D,H_A,23,1953,0.012244897959183673
Other Civilizations,2011,H_D,P_D,129,1953,0.0663265306122449
Other Civilizations,2011,H_D,P_A,9,1953,0.00510204081632653
Other Civilizations,2011,P_A,D,0,2438,0.00040899795501022495
Other Civilizations,2011,P_A,A,0,2438,0.00040899795501022495
Other Civilizations,2011,P_A,H_D,0,2438,0.00040899795501022495
Other Civilizations,2011,P_A,H_A,0,2438,0.00040899795501022495
Other Civilizations,2011,P_A,P_D,79,2438,0.032719836400818
Other Civilizations,2011,P_A,P_A,2359,2438,0.9652351738241309
Other Civilizations,2011,P_D,D,0,9920,0.00010073536818777072
Other Civilizations,2011,P_D,A,0,9920,0.00010073536818777072
Other Civilizations,2011,P_D,H_D,0,9920,0.00010073536818777072
Other Civilizations,2011,P_D,H_A,0,9920,0.00010073536818777072
Other Civilizations,2011,P_D,P_D,9127,9920,0.9195124408179712
Other Civilizations,2011,P_D,P_A,85,9920,0.008663241664148282
Other Civilizations,2012,A,D,41,858,0.048554913294797684
Other Civilizations,2012,A,A,726,858,0.8404624277456647
Other Civilizations,2012,A,H_D,5,858,0.006936416184971098
Other Civilizations,2012,A,H_A,24,858,0.028901734104046242
Other Civilizations,2012,A,P_D,9,858,0.011560693641618497
Other Civilizations,2012,A,P_A,53,858,0.06242774566473988
Other Civilizations,2012,D,D,7493,8789,0.8519781718963165
Other Civilizations,2012,D,A,44,8789,0.005115961800818554
Other Civilizations,2012,D,H_D,231,8789,0.0263756252842201
Other Civilizations,2012,D,H_A,18,8789,0.002160072760345612
Other Civilizations,2012,D,P_D,473,8789,0.0538881309686221
Other Civilizations,2012,D,P_A,31,8789,0.0036380172805820826
Other Civilizations,2012,H_A,D,0,469,0.0021008403361344537
Other Civilizations,2012,H_A,A,0,469,0.0021008403361344537
Other Civilizations,2012,H_A,H_D,15,469,0.03361344537815126
Other Civilizations,2012,H_A,H_A,415,469,0.8739495798319328
Other Civilizations,2012,H_A,P_D,2,469,0.0063025210084033615
Other Civilizations,2012,H_A,P_A,37,469,0.07983193277310924
Other Civilizations,2012,H_D,D,0,2178,0.0004576659038901602
Other Civilizations,2012,H_D,A,0,2178,0.0004576659038901602
Other Civilizations,2012,H_D,H_D,1792,2178,0.8205949656750572
Other Civilizations,2012,H_D,H_A,29,2178,0.013729977116704805
Other Civilizations,2012,H_D,P_D,152,2178,0.0700228832951945
Other Civilizations,2012,H_D,P_A,12,2178,0.005949656750572082
Other Civilizations,2012,P_A,D,0,2602,0.0003832886163280951
Other Civilizations,2012,P_A,A,0,2602,0.0003832886163280951
Other Civilizations,2012,P_A,H_D,0,2602,0.0003832886163280951
Other Civilizations,2012,P_A,H_A,0,2602,0.0003832886163280951
Other Civilizations,2012,P_A,P_D,81,2602,0.03142966653890379
Other Civilizations,2012,P_A,P_A,2521,2602,0.9666538903794557
Other Civilizations,2012,P_D,D,0,10738,9.306654257794323e-05
Other Civilizations,2012,P_D,A,0,10738,9.306654257794323e-05
Other Civilizations,2012,P_D,H_D,0,10738,9.306654257794323e-05
Other Civilizations,2012,P_D,H_A,0,10738,9.306654257794323e-05
Other Civilizations,2012,P_D,P_D,9864,10738,0.9181014425314099
Other Civilizations,2012,P_D,P_A,75,10738,0.007073057235923686
Other Civilizations,2013,A,D,26,869,0.030821917808219176
Other Civilizations,2013,A,A,755,869,0.863013698630137
Other Civilizations,2013,A,H_D,4,869,0.005707762557077625
Other Civilizations,2013,A,H_A,18,869,0.021689497716894976
Other Civilizations,2013,A,P_D,7,869,0.0091324200913242
Other Civilizations,2013,A,P_A,59,869,0.0684931506849315
Other Civilizations,2013,D,D,8068,9581,0.841572799332499
Other Civilizations,2013,D,A,66,9581,0.0069879015435961615
Other Civilizations,2013,D,H_D,242,9581,0.025344180225281603
Other Civilizations,2013,D,H_A,29,9581,0.0031289111389236545
Other Civilizations,2013,D,P_D,547,9581,0.05715477680433876
Other Civilizations,2013,D,P_A,24,9581,0.0026074259491030453
Other Civilizations,2013,H_A,D,0,512,0.0019267822736030828
Other Civilizations,2013,H_A,A,0,512,0.0019267822736030828
Other Civilizations,2013,H_A,H_D,18,512,0.036608863198458574
Other Civilizations,2013,H_A,H_A,440,512,0.8497109826589595
Other Civilizations,2013,H_A,P_D,4,512,0.009633911368015413
Other Civilizations,2013,H_A,P_A,50,512,0.09826589595375723
Other Civilizations,2013,H_D,D,0,2421,0.00041186161449752884
Other Civilizations,2013,H_D,A,0,2421,0.00041186161449752884
Other Civilizations,2013,H_D,H_D,2025,2421,0.8344316309719935
Other Civilizations,2013,H_D,H_A,40,2421,0.01688632619439868
Other Civilizations,2013,H_D,P_D,176,2421,0.0728995057660626
Other Civilizations,2013,H_D,P_A,11,2421,0.004942339373970346
Other Civilizations,2013,P_A,D,0,2792,0.0003572704537334762
Other Civilizations,2013,P_A,A,0,2792,0.0003572704537334762
Other Civilizations,2013,P_A,H_D,0,2792,0.0003572704537334762
Other Civilizations,2013,P_A,H_A,0,2792,0.0003572704537334762
Other Civilizations,2013,P_A,P_D,134,2792,0.04823151125401929
Other Civilizations,2013,P_A,P_A,2658,2792,0.9499821364773133
Other Civilizations,2013,P_D,D,0,11677,8.558712769599452e-05
Other Civilizations,2013,P_D,A,0,11677,8.558712769599452e-05
Other Civilizations,2013,P_D,H_D,0,11677,8.558712769599452e-05
Other Civilizations,2013,P_D,H_A,0,11677,8.558712769599452e-05
Other Civilizations,2013,P_D,P_D,10684,11677,0.9144984594317015
Other Civilizations,2013,P_D,P_A,97,11677,0.008387538514207463
Other Civilizations,2014,A,D,46,943,0.049473684210526316
Other Civilizations,2014,A,A,793,943,0.8357894736842105
Other Civilizations,2014,A,H_D,4,943,0.005263157894736842
Other Civilizations,2014,A,H_A,27,943,0.029473684210526315
Other Civilizations,2014,A,P_D,15,943,0.016842105263157894
Other Civilizations,2014,A,P_A,58,943,0.06210526315789474
Other Civilizations,2014,D,D,8623,10343,0.8332367149758454
Other Civilizations,2014,D,A,58,10343,0.00570048309178744
Other Civilizations,2014,D,H_D,299,10343,0.028985507246376812
Other Civilizations,2014,D,H_A,28,10343,0.0028019323671497585
Other Civilizations,2014,D,P_D,592,10343,0.057294685990338164
Other Civilizations,2014,D,P_A,13,10343,0.001352657004830918
Other Civilizations,2014,H_A,D,0,566,0.0017452006980802793
Other Civilizations,2014,H_A,A,0,566,0.0017452006980802793
Other Civilizations,2014,H_A,H_D,32,566,0.05759162303664921
Other Civilizations,2014,H_A,H_A,477,566,0.8342059336823735
Other Civilizations,2014,H_A,P_D,9,566,0.017452006980802792
Other Civilizations,2014,H_A,P_A,48,566,0.08551483420593368
Other Civilizations,2014,H_D,D,0,2657,0.00037537537537537537
Other Civilizations,2014,H_D,A,0,2657,0.00037537537537537537
Other Civilizations,2014,H_D,H_D,2221,2657,0.8340840840840841
Other Civilizations,2014,H_D,H_A,39,2657,0.015015015015015015
Other Civilizations,2014,H_D,P_D,166,2657,0.06268768768768769
Other Civilizations,2014,H_D,P_A,11,2657,0.0045045045045045045
Other Civilizations,2014,P_A,D,0,2978,0.00033500837520938025
Other Civilizations,2014,P_A,A,0,2978,0.00033500837520938025
Other Civilizations,2014,P_A,H_D,0,2978,0.00033500837520938025
Other Civilizations,2014,P_A,H_A,0,2978,0.00033500837520938025
Other Civilizations,2014,P_A,P_D,114,2978,0.038525963149078725
Other Civilizations,2014,P_A,P_A,2864,2978,0.9597989949748744
Other Civilizations,2014,P_D,D,0,12872,7.764577995185961e-05
Other Civilizations,2014,P_D,A,0,12872,7.764577995185961e-05
Other Civilizations,2014,P_D,H_D,0,12872,7.764577995185961e-05
Other Civilizations,2014,P_D,H_A,0,12872,7.764577995185961e-05
Other Civilizations,2014,P_D,P_D,11674,12872,0.906514480937961
Other Civilizations,2014,P_D,P_A,78,12872,0.006134016616196909
Other Civilizations,2015,A,D,36,965,0.03806584362139918
Other Civilizations,2015,A,A,840,965,0.8652263374485597
Other Civilizations,2015,A,H_D,13,965,0.01440329218106996
Other Civilizations,2015,A,H_A,21,965,0.02263374485596708
Other Civilizations,2015,A,P_D,11,965,0.012345679012345678
Other Civilizations,2015,A,P_A,44,965,0.046296296296296294
Other Civilizations,2015,D,D,9150,11011,0.8305500090760574
Other Civilizations,2015,D,A,55,11011,0.005082592121982211
Other Civilizations,2015,D,H_D,360,11011,0.0327645670720639
Other Civilizations,2015,D,H_A,36,11011,0.0033581412234525323
Other Civilizations,2015,D,P_D,614,11011,0.0558177527681975
Other Civilizations,2015,D,P_A,26,11011,0.0024505354873842803
Other Civilizations,2015,H_A,D,0,621,0.0015923566878980893
Other Civilizations,2015,H_A,A,0,621,0.0015923566878980893
Other Civilizations,2015,H_A,H_D,27,621,0.044585987261146494
Other Civilizations,2015,H_A,H_A,541,621,0.8630573248407644
Other Civilizations,2015,H_A,P_D,9,621,0.01592356687898089
Other Civilizations,2015,H_A,P_A,44,621,0.07165605095541401
Other Civilizations,2015,H_D,D,0,3050,0.00032711808963035657
Other Civilizations,2015,H_D,A,0,3050,0.00032711808963035657
Other Civilizations,2015,H_D,H_D,2503,3050,0.8191036964344128
Other Civilizations,2015,H_D,H_A,25,3050,0.00850507033038927
Other Civilizations,2015,H_D,P_D,222,3050,0.07294733398756952
Other Civilizations,2015,H_D,P_A,10,3050,0.003598298985933922
Other Civilizations,2015,P_A,D,0,3143,0.00031746031746031746
Other Civilizations,2015,P_A,A,0,3143,0.00031746031746031746
Other Civilizations,2015,P_A,H_D,0,3143,0.00031746031746031746
Other Civilizations,2015,P_A,H_A,0,3143,0.00031746031746031746
Other Civilizations,2015,P_A,P_D,160,3143,0.051111111111111114
Other Civilizations,2015,P_A,P_A,2983,3143,0.9473015873015873
Other Civilizations,2015,P_D,D,0,13913,7.183908045977011e-05
Other Civilizations,2015,P_D,A,0,13913,7.183908045977011e-05
Other Civilizations,2015,P_D,H_D,0,13913,7.183908045977011e-05
Other Civilizations,2015,P_D,H_A,0,13913,7.183908045977011e-05
Other Civilizations,2015,P_D,P_D,12631,13913,0.9074712643678161
Other Civilizations,2015,P_D,P_A,97,13913,0.007040229885057471
Other Civilizations,2016,A,D,45,1001,0.04563492063492063
Other Civilizations,2016,A,A,857,1001,0.8511904761904762
Other Civilizations,2016,A,H_D,10,1001,0.010912698412698412
Other Civilizations,2016,A,H_A,31,1001,0.031746031746031744
Other Civilizations,2016,A,P_D,18,1001,0.018849206349206348
Other Civilizations,2016,A,P_A,40,1001,0.040674603174603176
Other Civilizations,2016,D,D,9505,11565,0.8214656066367093
Other Civilizations,2016,D,A,84,11565,0.007345316280677497
Other Civilizations,2016,D,H_D,314,11565,0.027220877981334254
Other Civilizations,2016,D,H_A,22,11565,0.0019875561700656756
Other Civilizations,2016,D,P_D,711,11565,0.06152782578638092
Other Civilizations,2016,D,P_A,32,11565,0.0028517110266159697
Other Civilizations,2016,H_A,D,0,666,0.0014858841010401188
Other Civilizations,2016,H_A,A,0,666,0.0014858841010401188
Other Civilizations,2016,H_A,H_D,37,666,0.05646359583952452
Other Civilizations,2016,H_A,H_A,581,666,0.8647845468053492
Other Civilizations,2016,H_A,P_D,5,666,0.008915304606240713
Other Civilizations,2016,H_A,P_A,43,666,0.06537890044576523
Other Civilizations,2016,H_D,D,0,3519,0.0002836074872376631
Other Civilizations,2016,H_D,A,0,3519,0.0002836074872376631
Other Civilizations,2016,H_D,H_D,2898,3519,0.8221781055019852
Other Civilizations,2016,H_D,H_A,42,3519,0.012195121951219513
Other Civilizations,2016,H_D,P_D,231,3519,0.06579693703913783
Other Civilizations,2016,H_D,P_A,7,3519,0.0022688598979013048
Other Civilizations,2016,P_A,D,0,3267,0.00030543677458766036
Other Civilizations,2016,P_A,A,0,3267,0.00030543677458766036
Other Civilizations,2016,P_A,H_D,0,3267,0.00030543677458766036
Other Civilizations,2016,P_A,H_A,0,3267,0.00030543677458766036
Other Civilizations,2016,P_A,P_D,153,3267,0.047037263286499695
Other Civilizations,2016,P_A,P_A,3114,3267,0.951435552840562
Other Civilizations,2016,P_D,D,0,14990,6.668000266720011e-05
Other Civilizations,2016,P_D,A,0,14990,6.668000266720011e-05
Other Civilizations,2016,P_D,H_D,0,14990,6.668000266720011e-05
Other Civilizations,2016,P_D,H_A,0,14990,6.668000266720011e-05
Other Civilizations,2016,P_D,P_D,13454,14990,0.8971794358871774
Other Civilizations,2016,P_D,P_A,115,14990,0.007734880309395212
Other Civilizations,2017,A,D,49,941,0.052742616033755275
Other Civilizations,2017,A,A,783,941,0.8270042194092827
Other Civilizations,2017,A,H_D,7,941,0.008438818565400843
Other Civilizations,2017,A,H_A,28,941,0.03059071729957806
Other Civilizations,2017,A,P_D,22,941,0.024261603375527425
Other Civilizations,2017,A,P_A,52,941,0.05590717299578059
Other Civilizations,2017,D,D,7720,9550,0.8078895050748143
Other Civilizations,2017,D,A,67,9550,0.00711520351574762
Other Civilizations,2017,D,H_D,225,9550,0.023647588155278853
Other Civilizations,2017,D,H_A,25,9550,0.0027205189913152663
Other Civilizations,2017,D,P_D,630,9550,0.06602490321230511
Other Civilizations,2017,D,P_A,18,9550,0.0019880715705765406
Other Civilizations,2017,H_A,D,0,676,0.0014641288433382138
Other Civilizations,2017,H_A,A,0,676,0.0014641288433382138
Other Civilizations,2017,H_A,H_D,43,676,0.06442166910688141
Other Civilizations,2017,H_A,H_A,557,676,0.8169838945827232
Other Civilizations,2017,H_A,P_D,12,676,0.01903367496339678
Other Civilizations,2017,H_A,P_A,64,676,0.0951683748169839
Other Civilizations,2017,H_D,D,0,3259,0.0003061849357011635
Other Civilizations,2017,H_D,A,0,3259,0.0003061849357011635
Other Civilizations,2017,H_D,H_D,2584,3259,0.7914880587875076
Other Civilizations,2017,H_D,H_A,50,3259,0.015615431720759338
Other Civilizations,2017,H_D,P_D,251,3259,0.0771586037966932
Other Civilizations,2017,H_D,P_A,9,3259,0.003061849357011635
Other Civilizations,2017,P_A,D,0,3351,0.0002977963073257892
Other Civilizations,2017,P_A,A,0,3351,0.0002977963073257892
Other Civilizations,2017,P_A,H_D,0,3351,0.0002977963073257892
Other Civilizations,2017,P_A,H_A,0,3351,0.0002977963073257892
Other Civilizations,2017,P_A,P_D,207,3351,0.061941631923764146
Other Civilizations,2017,P_A,P_A,3144,3351,0.9365693865396069
Other Civilizations,2017,P_D,D,0,14572,6.859181013786954e-05
Other Civilizations,2017,P_D,A,0,14572,6.859181013786954e-05
Other Civilizations,2017,P_D,H_D,0,14572,6.859181013786954e-05
Other Civilizations,2017,P_D,H_A,0,14572,6.859181013786954e-05
Other Civilizations,2017,P_D,P_D,12911,14572,0.8856574525001715
Other Civilizations,2017,P_D,P_A,127,14572,0.008779751697647302
Other Civilizations,2018,A,D,86,850,0.10151691948658109
Other Civilizations,2018,A,A,663,850,0.7747957992998833
Other Civilizations,2018,A,H_D,5,850,0.007001166861143524
Other Civilizations,2018,A,H_A,21,850,0.025670945157526253
Other Civilizations,2018,A,P_D,25,850,0.030338389731621937
Other Civilizations,2018,A,P_A,50,850,0.059509918319719954
Other Civilizations,2018,D,D,6181,7769,0.7950102880658436
Other Civilizations,2018,D,A,61,7769,0.007973251028806584
Other Civilizations,2018,D,H_D,125,7769,0.016203703703703703
Other Civilizations,2018,D,H_A,16,7769,0.0021862139917695473
Other Civilizations,2018,D,P_D,588,7769,0.07574588477366255
Other Civilizations,2018,D,P_A,26,7769,0.003472222222222222
Other Civilizations,2018,H_A,D,0,660,0.0014992503748125937
Other Civilizations,2018,H_A,A,0,660,0.0014992503748125937
Other Civilizations,2018,H_A,H_D,52,660,0.07946026986506746
Other Civilizations,2018,H_A,H_A,524,660,0.7871064467766117
Other Civilizations,2018,H_A,P_D,11,660,0.017991004497751123
Other Civilizations,2018,H_A,P_A,73,660,0.11094452773613193
Other Civilizations,2018,H_D,D,0,2859,0.0003489183531053733
Other Civilizations,2018,H_D,A,0,2859,0.0003489183531053733
Other Civilizations,2018,H_D,H_D,2237,2859,0.7808792742498255
Other Civilizations,2018,H_D,H_A,28,2859,0.010118632240055827
Other Civilizations,2018,H_D,P_D,247,2859,0.08653175157013258
Other Civilizations,2018,H_D,P_A,10,2859,0.0038381018841591066
Other Civilizations,2018,P_A,D,0,3414,0.00029231218941829873
Other Civilizations,2018,P_A,A,0,3414,0.00029231218941829873
Other Civilizations,2018,P_A,H_D,0,3414,0.00029231218941829873
Other Civilizations,2018,P_A,H_A,0,3414,0.00029231218941829873
Other Civilizations,2018,P_A,P_D,250,3414,0.07337035954399299
Other Civilizations,2018,P_A,P_A,3164,3414,0.9251680795089156
Other Civilizations,2018,P_D,D,0,14033,7.122507122507122e-05
Other Civilizations,2018,P_D,A,0,14033,7.122507122507122e-05
Other Civilizations,2018,P_D,H_D,0,14033,7.122507122507122e-05
Other Civilizations,2018,P_D,H_A,0,14033,7.122507122507122e-05
Other Civilizations,2018,P_D,P_D,12201,14033,0.8690883190883191
Other Civilizations,2018,P_D,P_A,94,14033,0.006766381766381766
Other Civilizations,2019,A,D,0,724,0.0013679890560875513
Other Civilizations,2019,A,A,633,724,0.8673050615595075
Other Civilizations,2019,A,H_D,0,724,0.0013679890560875513
Other Civilizations,2019,A,H_A,27,724,0.038303693570451436
Other Civilizations,2019,A,P_D,0,724,0.0013679890560875513
Other Civilizations,2019,A,P_A,64,724,0.08891928864569083
Other Civilizations,2019,D,D,4758,6267,0.7585272553394964
Other Civilizations,2019,D,A,62,6267,0.010041440867070449
Other Civilizations,2019,D,H_D,109,6267,0.017532674529805548
Other Civilizations,2019,D,H_A,14,6267,0.0023908192540643925
Other Civilizations,2019,D,P_D,508,6267,0.0811284666879184
Other Civilizations,2019,D,P_A,19,6267,0.0031877590054191903
Other Civilizations,2019,H_A,D,0,589,0.0016778523489932886
Other Civilizations,2019,H_A,A,0,589,0.0016778523489932886
Other Civilizations,2019,H_A,H_D,0,589,0.0016778523489932886
Other Civilizations,2019,H_A,H_A,525,589,0.8825503355704698
Other Civilizations,2019,H_A,P_D,0,589,0.0016778523489932886
Other Civilizations,2019,H_A,P_A,64,589,0.10906040268456375
Other Civilizations,2019,H_D,D,0,2419,0.00041220115416323167
Other Civilizations,2019,H_D,A,0,2419,0.00041220115416323167
Other Civilizations,2019,H_D,H_D,1810,2419,0.7464962901896125
Other Civilizations,2019,H_D,H_A,38,2419,0.016075845012366034
Other Civilizations,2019,H_D,P_D,226,2419,0.09356966199505358
Other Civilizations,2019,H_D,P_A,9,2419,0.004122011541632316
Other Civilizations,2019,P_A,D,0,3417,0.0002920560747663551
Other Civilizations,2019,P_A,A,0,3417,0.0002920560747663551
Other Civilizations,2019,P_A,H_D,0,3417,0.0002920560747663551
Other Civilizations,2019,P_A,H_A,0,3417,0.0002920560747663551
Other Civilizations,2019,P_A,P_D,0,3417,0.0002920560747663551
Other Civilizations,2019,P_A,P_A,3417,3417,0.9982476635514018
Other Civilizations,2019,P_D,D,0,13322,7.502438292445044e-05
Other Civilizations,2019,P_D,A,0,13322,7.502438292445044e-05
Other Civilizations,2019,P_D,H_D,0,13322,7.502438292445044e-05
Other Civilizations,2019,P_D,H_A,0,13322,7.502438292445044e-05
Other Civilizations,2019,P_D,P_D,11298,13322,0.8477005026633656
Other Civilizations,2019,P_D,P_A,90,13322,0.006827218846124991
Other Civilizations,2020,A,D,398,695,0.5683760683760684
Other Civilizations,2020,A,A,207,695,0.2962962962962963
Other Civilizations,2020,A,H_D,15,695,0.022792022792022793
Other Civilizations,2020,A,H_A,13,695,0.019943019943019943
Other Civilizations,2020,A,P_D,38,695,0.05555555555555555
Other Civilizations,2020,A,P_A,24,695,0.03561253561253561
Other Civilizations,2020,D,D,4153,4758,0.8717733473242393
Other Civilizations,2020,D,A,42,4758,0.009024134312696747
Other Civilizations,2020,D,H_D,80,4758,0.016998950682056663
Other Civilizations,2020,D,H_A,5,4758,0.0012591815320041973
Other Civilizations,2020,D,P_D,465,4758,0.09779643231899265
Other Civilizations,2020,D,P_A,13,4758,0.002938090241343127
Other Civilizations,2020,H_A,D,0,604,0.0016366612111292963
Other Civilizations,2020,H_A,A,0,604,0.0016366612111292963
Other Civilizations,2020,H_A,H_D,306,604,0.502454991816694
Other Civilizations,2020,H_A,H_A,236,604,0.3878887070376432
Other Civilizations,2020,H_A,P_D,29,604,0.049099836333878884
Other Civilizations,2020,H_A,P_A,33,604,0.05564648117839607
Other Civilizations,2020,H_D,D,0,1919,0.0005192107995846313
Other Civilizations,2020,H_D,A,0,1919,0.0005192107995846313
Other Civilizations,2020,H_D,H_D,1686,1919,0.8759086188992731
Other Civilizations,2020,H_D,H_A,19,1919,0.010384215991692628
Other Civilizations,2020,H_D,P_D,206,1919,0.10747663551401869
Other Civilizations,2020,H_D,P_A,8,1919,0.004672897196261682
Other Civilizations,2020,P_A,D,0,3663,0.00027247956403269756
Other Civilizations,2020,P_A,A,0,3663,0.00027247956403269756
Other Civilizations,2020,P_A,H_D,0,3663,0.00027247956403269756
Other Civilizations,2020,P_A,H_A,0,3663,0.00027247956403269756
Other Civilizations,2020,P_A,P_D,2503,3663,0.6822888283378746
Other Civilizations,2020,P_A,P_A,1160,3663,0.31634877384196186
Other Civilizations,2020,P_D,D,0,12032,8.306337735692334e-05
Other Civilizations,2020,P_D,A,0,12032,8.306337735692334e-05
Other Civilizations,2020,P_D,H_D,0,12032,8.306337735692334e-05
Other Civilizations,2020,P_D,H_A,0,12032,8.306337735692334e-05
Other Civilizations,2020,P_D,P_D,11962,12032,0.9936871833208738
Other Civilizations,2020,P_D,P_A,70,12032,0.005897499792341557
Other Civilizations,2021,A,D,7,249,0.03125
Other Civilizations,2021,A,A,208,249,0.81640625
Other Civilizations,2021,A,H_D,1,249,0.0078125
Other Civilizations,2021,A,H_A,9,249,0.0390625
Other Civilizations,2021,A,P_D,1,249,0.0078125
Other Civilizations,2021,A,P_A,23,249,0.09375
Other Civilizations,2021,D,D,4065,4551,0.8920579201404124
Other Civilizations,2021,D,A,23,4551,0.005265467310223783
Other Civilizations,2021,D,H_D,56,4551,0.012505484861781484
Other Civilizations,2021,D,H_A,2,4551,0.0006581834137779728
Other Civilizations,2021,D,P_D,398,4551,0.08753839403247038
Other Civilizations,2021,D,P_A,7,4551,0.0017551557700745941
Other Civilizations,2021,H_A,D,0,273,0.0035714285714285713
Other Civilizations,2021,H_A,A,0,273,0.0035714285714285713
Other Civilizations,2021,H_A,H_D,9,273,0.03571428571428571
Other Civilizations,2021,H_A,H_A,236,273,0.8464285714285714
Other Civilizations,2021,H_A,P_D,1,273,0.007142857142857143
Other Civilizations,2021,H_A,P_A,27,273,0.1
Other Civilizations,2021,H_D,D,0,2087,0.0004775549188156638
Other Civilizations,2021,H_D,A,0,2087,0.0004775549188156638
Other Civilizations,2021,H_D,H_D,1898,2087,0.9068767908309455
Other Civilizations,2021,H_D,H_A,13,2087,0.0066857688634192934
Other Civilizations,2021,H_D,P_D,174,2087,0.08357211079274117
Other Civilizations,2021,H_D,P_A,2,2087,0.0014326647564469914
Other Civilizations,2021,P_A,D,0,1308,0.0007604562737642585
Other Civilizations,2021,P_A,A,0,1308,0.0007604562737642585
Other Civilizations,2021,P_A,H_D,0,1308,0.0007604562737642585
Other Civilizations,2021,P_A,H_A,0,1308,0.0007604562737642585
Other Civilizations,2021,P_A,P_D,27,1308,0.02129277566539924
Other Civilizations,2021,P_A,P_A,1281,1308,0.9749049429657795
Other Civilizations,2021,P_D,D,0,15203,6.574621959237344e-05
Other Civilizations,2021,P_D,A,0,15203,6.574621959237344e-05
Other Civilizations,2021,P_D,H_D,0,15203,6.574621959237344e-05
Other Civilizations,2021,P_D,H_A,0,15203,6.574621959237344e-05
Other Civilizations,2021,P_D,P_D,15168,15203,0.9973044049967127
Other Civilizations,2021,P_D,P_A,35,15203,0.002366863905325444
Other Civilizations,2022,A,D,7,231,0.03361344537815126
Other Civilizations,2022,A,A,191,231,0.8067226890756303
Other Civilizations,2022,A,H_D,0,231,0.004201680672268907
Other Civilizations,2022,A,H_A,10,231,0.046218487394957986
Other Civilizations,2022,A,P_D,1,231,0.008403361344537815
Other Civilizations,2022,A,P_A,22,231,0.09663865546218488
Other Civilizations,2022,D,D,3636,4072,0.8916401078695759
Other Civilizations,2022,D,A,7,4072,0.001961265015935278
Other Civilizations,2022,D,H_D,48,4072,0.01201274822260358
Other Civilizations,2022,D,H_A,0,4072,0.00024515812699190976
Other Civilizations,2022,D,P_D,380,4072,0.09340524638391763
Other Civilizations,2022,D,P_A,1,4072,0.0004903162539838195
Other Civilizations,2022,H_A,D,0,260,0.003745318352059925
Other Civilizations,2022,H_A,A,0,260,0.003745318352059925
Other Civilizations,2022,H_A,H_D,7,260,0.0299625468164794
Other Civilizations,2022,H_A,H_A,220,260,0.8277153558052435
Other Civilizations,2022,H_A,P_D,1,260,0.00749063670411985
Other Civilizations,2022,H_A,P_A,32,260,0.12359550561797752
Other Civilizations,2022,H_D,D,0,1964,0.0005073566717402334
Other Civilizations,2022,H_D,A,0,1964,0.0005073566717402334
Other Civilizations,2022,H_D,H_D,1780,1964,0.9036022323693557
Other Civilizations,2022,H_D,H_A,1,1964,0.0010147133434804667
Other Civilizations,2022,H_D,P_D,182,1964,0.0928462709284627
Other Civilizations,2022,H_D,P_A,1,1964,0.0010147133434804667
Other Civilizations,2022,P_A,D,0,1375,0.000723589001447178
Other Civilizations,2022,P_A,A,0,1375,0.000723589001447178
Other Civilizations,2022,P_A,H_D,0,1375,0.000723589001447178
Other Civilizations,2022,P_A,H_A,0,1375,0.000723589001447178
Other Civilizations,2022,P_A,P_D,93,1375,0.06801736613603473
Other Civilizations,2022,P_A,P_A,1282,1375,0.9283646888567294
Other Civilizations,2022,P_D,D,0,15769,6.338742393509128e-05
Other Civilizations,2022,P_D,A,0,15769,6.338742393509128e-05
Other Civilizations,2022,P_D,H_D,0,15769,6.338742393509128e-05
Other Civilizations,2022,P_D,H_A,0,15769,6.338742393509128e-05
Other Civilizations,2022,P_D,P_D,15753,15769,0.998605476673428
Other Civilizations,2022,P_D,P_A,16,15769,0.0010775862068965517
Other Civilizations,2023,A,D,0,198,0.004878048780487805
Other Civilizations,2023,A,A,0,198,0.004878048780487805
Other Civilizations,2023,A,H_D,0,198,0.004878048780487805
Other Civilizations,2023,A,H_A,0,198,0.004878048780487805
Other Civilizations,2023,A,P_D,0,198,0.004878048780487805
Other Civilizations,2023,A,P_A,0,198,0.004878048780487805
Other Civilizations,2023,D,D,0,3643,0.000273972602739726
Other Civilizations,2023,D,A,0,3643,0.000273972602739726
Other Civilizations,2023,D,H_D,0,3643,0.000273972602739726
Other Civilizations,2023,D,H_A,0,3643,0.000273972602739726
Other Civilizations,2023,D,P_D,0,3643,0.000273972602739726
Other Civilizations,2023,D,P_A,0,3643,0.000273972602739726
Other Civilizations,2023,H_A,D,0,231,0.004201680672268907
Other Civilizations,2023,H_A,A,0,231,0.004201680672268907
Other Civilizations,2023,H_A,H_D,0,231,0.004201680672268907
Other Civilizations,2023,H_A,H_A,0,231,0.004201680672268907
Other Civilizations,2023,H_A,P_D,0,231,0.004201680672268907
Other Civilizations,2023,H_A,P_A,0,231,0.004201680672268907
Other Civilizations,2023,H_D,D,0,1835,0.0005428881650380022
Other Civilizations,2023,H_D,A,0,1835,0.0005428881650380022
Other Civilizations,2023,H_D,H_D,0,1835,0.0005428881650380022
Other Civilizations,2023,H_D,H_A,0,1835,0.0005428881650380022
Other Civilizations,2023,H_D,P_D,0,1835,0.0005428881650380022
Other Civilizations,2023,H_D,P_A,0,1835,0.0005428881650380022
Other Civilizations,2023,P_A,D,0,1354,0.0007347538574577516
Other Civilizations,2023,P_A,A,0,1354,0.0007347538574577516
Other Civilizations,2023,P_A,H_D,0,1354,0.0007347538574577516
Other Civilizations,2023,P_A,H_A,0,1354,0.0007347538574577516
Other Civilizations,2023,P_A,P_D,0,1354,0.0007347538574577516
Other Civilizations,2023,P_A,P_A,0,1354,0.0007347538574577516
Other Civilizations,2023,P_D,D,0,16410,6.091246878235975e-05
Other Civilizations,2023,P_D,A,0,16410,6.091246878235975e-05
Other Civilizations,2023,P_D,H_D,0,16410,6.091246878235975e-05
Other Civilizations,2023,P_D,H_A,0,16410,6.091246878235975e-05
Other Civilizations,2023,P_D,P_D,0,16410,6.091246878235975e-05
Other Civilizations,2023,P_D,P_A,0,16410,6.091246878235975e-05
Other Western,2000,A,D,0,17,0.041666666666666664
Other Western,2000,A,A,12,17,0.5416666666666666
Other Western,2000,A,H_D,0,17,0.041666666666666664
Other Western,2000,A,H_A,2,17,0.125
Other Western,2000,A,P_D,0,17,0.041666666666666664
Other Western,2000,A,P_A,3,17,0.16666666666666666
Other Western,2000,D,D,98,120,0.7795275590551181
Other Western,2000,D,A,4,120,0.03937007874015748
Other Western,2000,D,H_D,7,120,0.06299212598425197
Other Western,2000,D,H_A,0,120,0.007874015748031496
Other Western,2000,D,P_D,8,120,0.07086614173228346
Other Western,2000,D,P_A,1,120,0.015748031496062992
Other Western,2000,H_A,D,0,15,0.045454545454545456
Other Western,2000,H_A,A,0,15,0.045454545454545456
Other Western,2000,H_A,H_D,0,15,0.045454545454545456
Other Western,2000,H_A,H_A,11,15,0.5454545454545454
Other Western,2000,H_A,P_D,0,15,0.045454545454545456
Other Western,2000,H_A,P_A,4,15,0.22727272727272727
Other Western,2000,H_D,D,0,71,0.01282051282051282
Other Western,2000,H_D,A,0,71,0.01282051282051282
Other Western,2000,H_D,H_D,49,71,0.6410256410256411
Other Western,2000,H_D,H_A,4,71,0.0641025641025641
Other Western,2000,H_D,P_D,13,71,0.1794871794871795
Other Western,2000,H_D,P_A,3,71,0.05128205128205128
Other Western,2000,P_A,D,0,29,0.027777777777777776
Other Western,2000,P_A,A,0,29,0.027777777777777776
Other Western,2000,P_A,H_D,0,29,0.027777777777777776
Other Western,2000,P_A,H_A,0,29,0.027777777777777776
Other Western,2000,P_A,P_D,0,29,0.027777777777777776
Other Western,2000,P_A,P_A,29,29,0.8333333333333334
Other Western,2000,P_D,D,0,198,0.004878048780487805
Other Western,2000,P_D,A,0,198,0.004878048780487805
Other Western,2000,P_D,H_D,0,198,0.004878048780487805
Other Western,2000,P_D,H_A,0,198,0.004878048780487805
Other Western,2000,P_D,P_D,182,198,0.8926829268292683
Other Western,2000,P_D,P_A,13,198,0.06829268292682927
Other Western,2001,A,D,2,27,0.08823529411764706
Other Western,2001,A,A,22,27,0.6764705882352942
Other Western,2001,A,H_D,0,27,0.029411764705882353
Other Western,2001,A,H_A,2,27,0.08823529411764706
Other Western,2001,A,P_D,0,27,0.029411764705882353
Other Western,2001,A,P_A,1,27,0.058823529411764705
Other Western,2001,D,D,128,183,0.6789473684210526
Other Western,2001,D,A,1,183,0.010526315789473684
Other Western,2001,D,H_D,21,183,0.11578947368421053
Other Western,2001,D,H_A,3,183,0.021052631578947368
Other Western,2001,D,P_D,22,183,0.12105263157894737
Other Western,2001,D,P_A,6,183,0.03684210526315789
Other Western,2001,H_A,D,0,25,0.03125
Other Western,2001,H_A,A,0,25,0.03125
Other Western,2001,H_A,H_D,2,25,0.09375
Other Western,2001,H_A,H_A,17,25,0.5625
Other Western,2001,H_A,P_D,0,25,0.03125
Other Western,2001,H_A,P_A,6,25,0.21875
Other Western,2001,H_D,D,0,88,0.010526315789473684
Other Western,2001,H_D,A,0,88,0.010526315789473684
Other Western,2001,H_D,H_D,67,88,0.7157894736842105
Other Western,2001,H_D,H_A,2,88,0.031578947368421054
Other Western,2001,H_D,P_D,12,88,0.1368421052631579
Other Western,2001,H_D,P_A,5,88,0.06315789473684211
Other Western,2001,P_A,D,0,66,0.0136986301369863
Other Western,2001,P_A,A,0,66,0.0136986301369863
Other Western,2001,P_A,H_D,0,66,0.0136986301369863
Other Western,2001,P_A,H_A,0,66,0.0136986301369863
Other Western,2001,P_A,P_D,0,66,0.0136986301369863
Other Western,2001,P_A,P_A,66,66,0.9178082191780822
Other Western,2001,P_D,D,0,313,0.003125
Other Western,2001,P_D,A,0,313,0.003125
Other Western,2001,P_D,H_D,0,313,0.003125
Other Western,2001,P_D,H_A,0,313,0.003125
Other Western,2001,P_D,P_D,272,313,0.853125
Other Western,2001,P_D,P_A,34,313,0.109375
Other Western,2002,A,D,0,34,0.024390243902439025
Other Western,2002,A,A,27,34,0.6829268292682927
Other Western,2002,A,H_D,1,34,0.04878048780487805
Other Western,2002,A,H_A,4,34,0.12195121951219512
Other Western,2002,A,P_D,1,34,0.04878048780487805
Other Western,2002,A,P_A,1,34,0.04878048780487805
Other Western,2002,D,D,197,253,0.7615384615384615
Other Western,2002,D,A,5,253,0.023076923076923078
Other Western,2002,D,H_D,10,253,0.04230769230769231
Other Western,2002,D,H_A,1,253,0.007692307692307693
Other Western,2002,D,P_D,16,253,0.06538461538461539
Other Western,2002,D,P_A,3,253,0.015384615384615385
Other Western,2002,H_A,D,0,31,0.02631578947368421
Other Western,2002,H_A,A,0,31,0.02631578947368421
Other Western,2002,H_A,H_D,0,31,0.02631578947368421
Other Western,2002,H_A,H_A,23,31,0.631578947368421
Other Western,2002,H_A,P_D,1,31,0.05263157894736842
Other Western,2002,H_A,P_A,7,31,0.21052631578947367
Other Western,2002,H_D,D,0,152,0.006289308176100629
Other Western,2002,H_D,A,0,152,0.006289308176100629
Other Western,2002,H_D,H_D,124,152,0.7861635220125787
Other Western,2002,H_D,H_A,5,152,0.03773584905660377
Other Western,2002,H_D,P_D,11,152,0.07547169811320754
Other Western,2002,H_D,P_A,2,152,0.018867924528301886
Other Western,2002,P_A,D,0,137,0.006944444444444444
Other Western,2002,P_A,A,0,137,0.006944444444444444
Other Western,2002,P_A,H_D,0,137,0.006944444444444444
Other Western,2002,P_A,H_A,0,137,0.006944444444444444
Other Western,2002,P_A,P_D,4,137,0.034722222222222224
Other Western,2002,P_A,P_A,133,137,0.9305555555555556
Other Western,2002,P_D,D,0,433,0.0022727272727272726
Other Western,2002,P_D,A,0,433,0.0022727272727272726
Other Western,2002,P_D,H_D,0,433,0.0022727272727272726
Other Western,2002,P_D,H_A,0,433,0.0022727272727272726
Other Western,2002,P_D,P_D,370,433,0.8431818181818181
Other Western,2002,P_D,P_A,27,433,0.06363636363636363
Other Western,2003,A,D,1,36,0.046511627906976744
Other Western,2003,A,A,27,36,0.6511627906976745
Other Western,2003,A,H_D,0,36,0.023255813953488372
Other Western,2003,A,H_A,2,36,0.06976744186046512
Other Western,2003,A,P_D,1,36,0.046511627906976744
Other Western,2003,A,P_A,5,36,0.13953488372093023
Other Western,2003,D,D,235,290,0.7946127946127947
Other Western,2003,D,A,2,290,0.010101010101010102
Other Western,2003,D,H_D,12,290,0.04377104377104377
Other Western,2003,D,H_A,4,290,0.016835016835016835
Other Western,2003,D,P_D,21,290,0.07407407407407407
Other Western,2003,D,P_A,4,290,0.016835016835016835
Other Western,2003,H_A,D,0,35,0.023809523809523808
Other Western,2003,H_A,A,0,35,0.023809523809523808
Other Western,2003,H_A,H_D,1,35,0.047619047619047616
Other Western,2003,H_A,H_A,28,35,0.6904761904761905
Other Western,2003,H_A,P_D,0,35,0.023809523809523808
Other Western,2003,H_A,P_A,6,35,0.16666666666666666
Other Western,2003,H_D,D,0,179,0.005376344086021506
Other Western,2003,H_D,A,0,179,0.005376344086021506
Other Western,2003,H_D,H_D,141,179,0.7634408602150538
Other Western,2003,H_D,H_A,11,179,0.06451612903225806
Other Western,2003,H_D,P_D,15,179,0.08602150537634409
Other Western,2003,H_D,P_A,5,179,0.03225806451612903
Other Western,2003,P_A,D,0,191,0.005050505050505051
Other Western,2003,P_A,A,0,191,0.005050505050505051
Other Western,2003,P_A,H_D,0,191,0.005050505050505051
Other Western,2003,P_A,H_A,0,191,0.005050505050505051
Other Western,2003,P_A,P_D,2,191,0.015151515151515152
Other Western,2003,P_A,P_A,189,191,0.9595959595959596
Other Western,2003,P_D,D,0,480,0.002053388090349076
Other Western,2003,P_D,A,0,480,0.002053388090349076
Other Western,2003,P_D,H_D,0,480,0.002053388090349076
Other Western,2003,P_D,H_A,0,480,0.002053388090349076
Other Western,2003,P_D,P_D,421,480,0.86652977412731
Other Western,2003,P_D,P_A,30,480,0.06365503080082136
Other Western,2004,A,D,2,35,0.07142857142857142
Other Western,2004,A,A,28,35,0.6904761904761905
Other Western,2004,A,H_D,1,35,0.047619047619047616
Other Western,2004,A,H_A,3,35,0.09523809523809523
Other Western,2004,A,P_D,1,35,0.047619047619047616
Other Western,2004,A,P_A,0,35,0.023809523809523808
Other Western,2004,D,D,260,329,0.7767857142857143
Other Western,2004,D,A,4,329,0.01488095238095238
Other Western,2004,D,H_D,15,329,0.047619047619047616
Other Western,2004,D,H_A,2,329,0.008928571428571428
Other Western,2004,D,P_D,22,329,0.06845238095238096
Other Western,2004,D,P_A,3,329,0.011904761904761904
Other Western,2004,H_A,D,0,46,0.018867924528301886
Other Western,2004,H_A,A,0,46,0.018867924528301886
Other Western,2004,H_A,H_D,3,46,0.07547169811320754
Other Western,2004,H_A,H_A,38,46,0.7358490566037735
Other Western,2004,H_A,P_D,0,46,0.018867924528301886
Other Western,2004,H_A,P_A,5,46,0.11320754716981132
Other Western,2004,H_D,D,0,212,0.0045662100456621
Other Western,2004,H_D,A,0,212,0.0045662100456621
Other Western,2004,H_D,H_D,172,212,0.7899543378995434
Other Western,2004,H_D,H_A,10,212,0.0502283105022831
Other Western,2004,H_D,P_D,13,212,0.0639269406392694
Other Western,2004,H_D,P_A,3,212,0.0182648401826484
Other Western,2004,P_A,D,0,245,0.003968253968253968
Other Western,2004,P_A,A,0,245,0.003968253968253968
Other Western,2004,P_A,H_D,0,245,0.003968253968253968
Other Western,2004,P_A,H_A,0,245,0.003968253968253968
Other Western,2004,P_A,P_D,6,245,0.027777777777777776
Other Western,2004,P_A,P_A,239,245,0.9523809523809523
Other Western,2004,P_D,D,0,564,0.0017513134851138354
Other Western,2004,P_D,A,0,564,0.0017513134851138354
Other Western,2004,P_D,H_D,0,564,0.0017513134851138354
Other Western,2004,P_D,H_A,0,564,0.0017513134851138354
Other Western,2004,P_D,P_D,498,564,0.8739054290718039
Other Western,2004,P_D,P_A,30,564,0.0542907180385289
Other Western,2005,A,D,2,35,0.07142857142857142
Other Western,2005,A,A,30,35,0.7380952380952381
Other Western,2005,A,H_D,0,35,0.023809523809523808
Other Western,2005,A,H_A,0,35,0.023809523809523808
Other Western,2005,A,P_D,0,35,0.023809523809523808
Other Western,2005,A,P_A,3,35,0.09523809523809523
Other Western,2005,D,D,289,370,0.7692307692307693
Other Western,2005,D,A,5,370,0.015915119363395226
Other Western,2005,D,H_D,21,370,0.058355437665782495
Other Western,2005,D,H_A,5,370,0.015915119363395226
Other Western,2005,D,P_D,16,370,0.04509283819628647
Other Western,2005,D,P_A,8,370,0.023872679045092837
Other Western,2005,H_A,D,0,57,0.015625
Other Western,2005,H_A,A,0,57,0.015625
Other Western,2005,H_A,H_D,0,57,0.015625
Other Western,2005,H_A,H_A,42,57,0.671875
Other Western,2005,H_A,P_D,1,57,0.03125
Other Western,2005,H_A,P_A,14,57,0.234375
Other Western,2005,H_D,D,0,230,0.004219409282700422
Other Western,2005,H_D,A,0,230,0.004219409282700422
Other Western,2005,H_D,H_D,190,230,0.8059071729957806
Other Western,2005,H_D,H_A,9,230,0.04219409282700422
Other Western,2005,H_D,P_D,11,230,0.05063291139240506
Other Western,2005,H_D,P_A,2,230,0.012658227848101266
Other Western,2005,P_A,D,0,285,0.003424657534246575
Other Western,2005,P_A,A,0,285,0.003424657534246575
Other Western,2005,P_A,H_D,0,285,0.003424657534246575
Other Western,2005,P_A,H_A,0,285,0.003424657534246575
Other Western,2005,P_A,P_D,3,285,0.0136986301369863
Other Western,2005,P_A,P_A,282,285,0.9691780821917808
Other Western,2005,P_D,D,0,605,0.0016339869281045752
Other Western,2005,P_D,A,0,605,0.0016339869281045752
Other Western,2005,P_D,H_D,0,605,0.0016339869281045752
Other Western,2005,P_D,H_A,0,605,0.0016339869281045752
Other Western,2005,P_D,P_D,535,605,0.8758169934640523
Other Western,2005,P_D,P_A,23,605,0.0392156862745098
Other Western,2006,A,D,3,46,0.07547169811320754
Other Western,2006,A,A,31,46,0.6037735849056604
Other Western,2006,A,H_D,1,46,0.03773584905660377
Other Western,2006,A,H_A,5,46,0.11320754716981132
Other Western,2006,A,P_D,2,46,0.05660377358490566
Other Western,2006,A,P_A,4,46,0.09433962264150944
Other Western,2006,D,D,312,395,0.7786069651741293
Other Western,2006,D,A,4,395,0.012437810945273632
Other Western,2006,D,H_D,21,395,0.05472636815920398
Other Western,2006,D,H_A,5,395,0.014925373134328358
Other Western,2006,D,P_D,21,395,0.05472636815920398
Other Western,2006,D,P_A,4,395,0.012437810945273632
Other Western,2006,H_A,D,0,60,0.014925373134328358
Other Western,2006,H_A,A,0,60,0.014925373134328358
Other Western,2006,H_A,H_D,3,60,0.05970149253731343
Other Western,2006,H_A,H_A,49,60,0.746268656716418
Other Western,2006,H_A,P_D,1,60,0.029850746268656716
Other Western,2006,H_A,P_A,7,60,0.11940298507462686
Other Western,2006,H_D,D,0,257,0.003787878787878788
Other Western,2006,H_D,A,0,257,0.003787878787878788
Other Western,2006,H_D,H_D,213,257,0.8106060606060606
Other Western,2006,H_D,H_A,9,257,0.03787878787878788
Other Western,2006,H_D,P_D,18,257,0.07196969696969698
Other Western,2006,H_D,P_A,2,257,0.011363636363636364
Other Western,2006,P_A,D,0,340,0.002881844380403458
Other Western,2006,P_A,A,0,340,0.002881844380403458
Other Western,2006,P_A,H_D,0,340,0.002881844380403458
Other Western,2006,P_A,H_A,0,340,0.002881844380403458
Other Western,2006,P_A,P_D,7,340,0.023054755043227664
Other Western,2006,P_A,P_A,333,340,0.962536023054755
Other Western,2006,P_D,D,0,648,0.0015267175572519084
Other Western,2006,P_D,A,0,648,0.0015267175572519084
Other Western,2006,P_D,H_D,0,648,0.0015267175572519084
Other Western,2006,P_D,H_A,0,648,0.0015267175572519084
Other Western,2006,P_D,P_D,582,648,0.8900763358778626
Other Western,2006,P_D,P_A,22,648,0.035114503816793895
Other Western,2007,A,D,1,43,0.04
Other Western,2007,A,A,39,43,0.8
Other Western,2007,A,H_D,0,43,0.02
Other Western,2007,A,H_A,1,43,0.04
Other Western,2007,A,P_D,0,43,0.02
Other Western,2007,A,P_A,2,43,0.06
Other Western,2007,D,D,324,408,0.7831325301204819
Other Western,2007,D,A,9,408,0.024096385542168676
Other Western,2007,D,H_D,22,408,0.05542168674698795
Other Western,2007,D,H_A,4,408,0.012048192771084338
Other Western,2007,D,P_D,23,408,0.05783132530120482
Other Western,2007,D,P_A,1,408,0.004819277108433735
Other Western,2007,H_A,D,0,70,0.012987012987012988
Other Western,2007,H_A,A,0,70,0.012987012987012988
Other Western,2007,H_A,H_D,1,70,0.025974025974025976
Other Western,2007,H_A,H_A,61,70,0.8051948051948052
Other Western,2007,H_A,P_D,0,70,0.012987012987012988
Other Western,2007,H_A,P_A,8,70,0.11688311688311688
Other Western,2007,H_D,D,0,288,0.003389830508474576
Other Western,2007,H_D,A,0,288,0.003389830508474576
Other Western,2007,H_D,H_D,233,288,0.7932203389830509
Other Western,2007,H_D,H_A,10,288,0.03728813559322034
Other Western,2007,H_D,P_D,18,288,0.06440677966101695
Other Western,2007,H_D,P_A,4,288,0.01694915254237288
Other Western,2007,P_A,D,0,386,0.002544529262086514
Other Western,2007,P_A,A,0,386,0.002544529262086514
Other Western,2007,P_A,H_D,0,386,0.002544529262086514
Other Western,2007,P_A,H_A,0,386,0.002544529262086514
Other Western,2007,P_A,P_D,17,386,0.04580152671755725
Other Western,2007,P_A,P_A,369,386,0.9414758269720102
Other Western,2007,P_D,D,0,685,0.001445086705202312
Other Western,2007,P_D,A,0,685,0.001445086705202312
Other Western,2007,P_D,H_D,0,685,0.001445086705202312
Other Western,2007,P_D,H_A,0,685,0.001445086705202312
Other Western,2007,P_D,P_D,623,685,0.9017341040462428
Other Western,2007,P_D,P_A,19,685,0.028901734104046242
Other Western,2008,A,D,0,54,0.01639344262295082
Other Western,2008,A,A,39,54,0.6557377049180327
Other Western,2008,A,H_D,2,54,0.04918032786885246
Other Western,2008,A,H_A,6,54,0.11475409836065574
Other Western,2008,A,P_D,1,54,0.03278688524590164
Other Western,2008,A,P_A,6,54,0.11475409836065574
Other Western,2008,D,D,346,414,0.8242280285035629
Other Western,2008,D,A,3,414,0.009501187648456057
Other Western,2008,D,H_D,23,414,0.057007125890736345
Other Western,2008,D,H_A,2,414,0.007125890736342043
Other Western,2008,D,P_D,16,414,0.040380047505938245
Other Western,2008,D,P_A,1,414,0.004750593824228029
Other Western,2008,H_A,D,0,78,0.011764705882352941
Other Western,2008,H_A,A,0,78,0.011764705882352941
Other Western,2008,H_A,H_D,3,78,0.047058823529411764
Other Western,2008,H_A,H_A,67,78,0.8
Other Western,2008,H_A,P_D,1,78,0.023529411764705882
Other Western,2008,H_A,P_A,7,78,0.09411764705882353
Other Western,2008,H_D,D,0,309,0.0031645569620253164
Other Western,2008,H_D,A,0,309,0.0031645569620253164
Other Western,2008,H_D,H_D,249,309,0.7911392405063291
Other Western,2008,H_D,H_A,12,309,0.04113924050632911
Other Western,2008,H_D,P_D,14,309,0.04746835443037975
Other Western,2008,H_D,P_A,2,309,0.00949367088607595
Other Western,2008,P_A,D,0,410,0.002398081534772182
Other Western,2008,P_A,A,0,410,0.002398081534772182
Other Western,2008,P_A,H_D,0,410,0.002398081534772182
Other Western,2008,P_A,H_A,0,410,0.002398081534772182
Other Western,2008,P_A,P_D,5,410,0.014388489208633094
Other Western,2008,P_A,P_A,405,410,0.973621103117506
Other Western,2008,P_D,D,0,756,0.001310615989515072
Other Western,2008,P_D,A,0,756,0.001310615989515072
Other Western,2008,P_D,H_D,0,756,0.001310615989515072
Other Western,2008,P_D,H_A,0,756,0.001310615989515072
Other Western,2008,P_D,P_D,682,756,0.8951507208387942
Other Western,2008,P_D,P_A,17,756,0.023591087811271297
Other Western,2009,A,D,4,47,0.09259259259259259
Other Western,2009,A,A,37,47,0.7037037037037037
Other Western,2009,A,H_D,1,47,0.037037037037037035
Other Western,2009,A,H_A,3,47,0.07407407407407407
Other Western,2009,A,P_D,0,47,0.018518518518518517
Other Western,2009,A,P_A,2,47,0.05555555555555555
Other Western,2009,D,D,349,414,0.831353919239905
Other Western,2009,D,A,3,414,0.009501187648456057
Other Western,2009,D,H_D,24,414,0.05938242280285035
Other Western,2009,D,H_A,3,414,0.009501187648456057
Other Western,2009,D,P_D,17,414,0.04275534441805225
Other Western,2009,D,P_A,1,414,0.004750593824228029
Other Western,2009,H_A,D,0,89,0.010416666666666666
Other Western,2009,H_A,A,0,89,0.010416666666666666
Other Western,2009,H_A,H_D,2,89,0.03125
Other Western,2009,H_A,H_A,75,89,0.7916666666666666
Other Western,2009,H_A,P_D,1,89,0.020833333333333332
Other Western,2009,H_A,P_A,11,89,0.125
Other Western,2009,H_D,D,0,328,0.0029850746268656717
Other Western,2009,H_D,A,0,328,0.0029850746268656717
Other Western,2009,H_D,H_D,281,328,0.8417910447761194
Other Western,2009,H_D,H_A,9,328,0.029850746268656716
Other Western,2009,H_D,P_D,13,328,0.041791044776119404
Other Western,2009,H_D,P_A,1,328,0.005970149253731343
Other Western,2009,P_A,D,0,443,0.0022222222222222222
Other Western,2009,P_A,A,0,443,0.0022222222222222222
Other Western,2009,P_A,H_D,0,443,0.0022222222222222222
Other Western,2009,P_A,H_A,0,443,0.0022222222222222222
Other Western,2009,P_A,P_D,7,443,0.017777777777777778
Other Western,2009,P_A,P_A,436,443,0.9711111111111111
Other Western,2009,P_D,D,0,791,0.0012531328320802004
Other Western,2009,P_D,A,0,791,0.0012531328320802004
Other Western,2009,P_D,H_D,0,791,0.0012531328320802004
Other Western,2009,P_D,H_A,0,791,0.0012531328320802004
Other Western,2009,P_D,P_D,723,791,0.9072681704260651
Other Western,2009,P_D,P_A,18,791,0.023809523809523808
Other Western,2010,A,D,0,48,0.01818181818181818
Other Western,2010,A,A,35,48,0.6545454545454545
Other Western,2010,A,H_D,0,48,0.01818181818181818
Other Western,2010,A,H_A,7,48,0.14545454545454545
Other Western,2010,A,P_D,2,48,0.05454545454545454
Other Western,2010,A,P_A,4,48,0.09090909090909091
Other Western,2010,D,D,369,457,0.7974137931034483
Other Western,2010,D,A,9,457,0.021551724137931036
Other Western,2010,D,H_D,27,457,0.0603448275862069
Other Western,2010,D,H_A,3,457,0.008620689655172414
Other Western,2010,D,P_D,20,457,0.04525862068965517
Other Western,2010,D,P_A,4,457,0.010775862068965518
Other Western,2010,H_A,D,0,95,0.00980392156862745
Other Western,2010,H_A,A,0,95,0.00980392156862745
Other Western,2010,H_A,H_D,1,95,0.0196078431372549
Other Western,2010,H_A,H_A,78,95,0.7745098039215687
Other Western,2010,H_A,P_D,2,95,0.029411764705882353
Other Western,2010,H_A,P_A,14,95,0.14705882352941177
Other Western,2010,H_D,D,0,339,0.002890173410404624
Other Western,2010,H_D,A,0,339,0.002890173410404624
Other Western,2010,H_D,H_D,276,339,0.8005780346820809
Other Western,2010,H_D,H_A,12,339,0.03757225433526012
Other Western,2010,H_D,P_D,13,339,0.04046242774566474
Other Western,2010,H_D,P_A,7,339,0.023121387283236993
Other Western,2010,P_A,D,0,480,0.002053388090349076
Other Western,2010,P_A,A,0,480,0.002053388090349076
Other Western,2010,P_A,H_D,0,480,0.002053388090349076
Other Western,2010,P_A,H_A,0,480,0.002053388090349076
Other Western,2010,P_A,P_D,11,480,0.024640657084188913
Other Western,2010,P_A,P_A,469,480,0.9650924024640657
Other Western,2010,P_D,D,0,835,0.0011876484560570072
Other Western,2010,P_D,A,0,835,0.0011876484560570072
Other Western,2010,P_D,H_D,0,835,0.0011876484560570072
Other Western,2010,P_D,H_A,0,835,0.0011876484560570072
Other Western,2010,P_D,P_D,769,835,0.9144893111638955
Other Western,2010,P_D,P_A,15,835,0.019002375296912115
Other Western,2011,A,D,3,52,0.06779661016949153
Other Western,2011,A,A,41,52,0.711864406779661
Other Western,2011,A,H_D,0,52,0.01694915254237288
Other Western,2011,A,H_A,1,52,0.03389830508474576
Other Western,2011,A,P_D,0,52,0.01694915254237288
Other Western,2011,A,P_A,7,52,0.13559322033898305
Other Western,2011,D,D,386,471,0.8096234309623431
Other Western,2011,D,A,5,471,0.012552301255230125
Other Western,2011,D,H_D,31,471,0.06694560669456066
Other Western,2011,D,H_A,2,471,0.006276150627615063
Other Western,2011,D,P_D,23,471,0.0502092050209205
Other Western,2011,D,P_A,4,471,0.010460251046025104
Other Western,2011,H_A,D,0,105,0.008928571428571428
Other Western,2011,H_A,A,0,105,0.008928571428571428
Other Western,2011,H_A,H_D,2,105,0.026785714285714284
Other Western,2011,H_A,H_A,93,105,0.8392857142857143
Other Western,2011,H_A,P_D,1,105,0.017857142857142856
Other Western,2011,H_A,P_A,9,105,0.08928571428571429
Other Western,2011,H_D,D,0,358,0.0027397260273972603
Other Western,2011,H_D,A,0,358,0.0027397260273972603
Other Western,2011,H_D,H_D,300,358,0.8246575342465754
Other Western,2011,H_D,H_A,6,358,0.019178082191780823
Other Western,2011,H_D,P_D,20,358,0.057534246575342465
Other Western,2011,H_D,P_A,3,358,0.010958904109589041
Other Western,2011,P_A,D,0,521,0.001893939393939394
Other Western,2011,P_A,A,0,521,0.001893939393939394
Other Western,2011,P_A,H_D,0,521,0.001893939393939394
Other Western,2011,P_A,H_A,0,521,0.001893939393939394
Other Western,2011,P_A,P_D,16,521,0.032196969696969696
Other Western,2011,P_A,P_A,505,521,0.9583333333333334
Other Western,2011,P_D,D,0,881,0.0011261261261261261
Other Western,2011,P_D,A,0,881,0.0011261261261261261
Other Western,2011,P_D,H_D,0,881,0.0011261261261261261
Other Western,2011,P_D,H_A,0,881,0.0011261261261261261
Other Western,2011,P_D,P_D,804,881,0.9065315315315315
Other Western,2011,P_D,P_A,10,881,0.012387387387387387
Other Western,2012,A,D,1,52,0.03389830508474576
Other Western,2012,A,A,43,52,0.7457627118644068
Other Western,2012,A,H_D,2,52,0.05084745762711865
Other Western,2012,A,H_A,3,52,0.06779661016949153
Other Western,2012,A,P_D,1,52,0.03389830508474576
Other Western,2012,A,P_A,2,52,0.05084745762711865
Other Western,2012,D,D,406,495,0.8107569721115537
Other Western,2012,D,A,4,495,0.0099601593625498
Other Western,2012,D,H_D,21,495,0.043824701195219126
Other Western,2012,D,H_A,7,495,0.01593625498007968
Other Western,2012,D,P_D,21,495,0.043824701195219126
Other Western,2012,D,P_A,1,495,0.00398406374501992
Other Western,2012,H_A,D,0,106,0.008849557522123894
Other Western,2012,H_A,A,0,106,0.008849557522123894
Other Western,2012,H_A,H_D,2,106,0.02654867256637168
Other Western,2012,H_A,H_A,95,106,0.8495575221238938
Other Western,2012,H_A,P_D,2,106,0.02654867256637168
Other Western,2012,H_A,P_A,7,106,0.07079646017699115
Other Western,2012,H_D,D,0,389,0.0025252525252525255
Other Western,2012,H_D,A,0,389,0.0025252525252525255
Other Western,2012,H_D,H_D,320,389,0.8106060606060606
Other Western,2012,H_D,H_A,7,389,0.020202020202020204
Other Western,2012,H_D,P_D,19,389,0.050505050505050504
Other Western,2012,H_D,P_A,3,389,0.010101010101010102
Other Western,2012,P_A,D,0,543,0.0018181818181818182
Other Western,2012,P_A,A,0,543,0.0018181818181818182
Other Western,2012,P_A,H_D,0,543,0.0018181818181818182
Other Western,2012,P_A,H_A,0,543,0.0018181818181818182
Other Western,2012,P_A,P_D,11,543,0.02181818181818182
Other Western,2012,P_A,P_A,532,543,0.9690909090909091
Other Western,2012,P_D,D,0,921,0.0010775862068965517
Other Western,2012,P_D,A,0,921,0.0010775862068965517
Other Western,2012,P_D,H_D,0,921,0.0010775862068965517
Other Western,2012,P_D,H_A,0,921,0.0010775862068965517
Other Western,2012,P_D,P_D,821,921,0.8857758620689655
Other Western,2012,P_D,P_A,14,921,0.016163793103448277
Other Western,2013,A,D,2,54,0.04918032786885246
Other Western,2013,A,A,44,54,0.7377049180327869
Other Western,2013,A,H_D,0,54,0.01639344262295082
Other Western,2013,A,H_A,2,54,0.04918032786885246
Other Western,2013,A,P_D,0,54,0.01639344262295082
Other Western,2013,A,P_A,6,54,0.11475409836065574
Other Western,2013,D,D,416,522,0.7882797731568998
Other Western,2013,D,A,3,522,0.007561436672967864
Other Western,2013,D,H_D,31,522,0.06049149338374291
Other Western,2013,D,H_A,7,522,0.015122873345935728
Other Western,2013,D,P_D,26,522,0.05103969754253308
Other Western,2013,D,P_A,3,522,0.007561436672967864
Other Western,2013,H_A,D,0,118,0.008
Other Western,2013,H_A,A,0,118,0.008
Other Western,2013,H_A,H_D,7,118,0.064
Other Western,2013,H_A,H_A,100,118,0.808
Other Western,2013,H_A,P_D,0,118,0.008
Other Western,2013,H_A,P_A,11,118,0.096
Other Western,2013,H_D,D,0,399,0.0024630541871921183
Other Western,2013,H_D,A,0,399,0.0024630541871921183
Other Western,2013,H_D,H_D,337,399,0.8325123152709359
Other Western,2013,H_D,H_A,11,399,0.029556650246305417
Other Western,2013,H_D,P_D,15,399,0.03940886699507389
Other Western,2013,H_D,P_A,1,399,0.0049261083743842365
Other Western,2013,P_A,D,0,564,0.0017513134851138354
Other Western,2013,P_A,A,0,564,0.0017513134851138354
Other Western,2013,P_A,H_D,0,564,0.0017513134851138354
Other Western,2013,P_A,H_A,0,564,0.0017513134851138354
Other Western,2013,P_A,P_D,19,564,0.03502626970227671
Other Western,2013,P_A,P_A,545,564,0.9562171628721541
Other Western,2013,P_D,D,0,937,0.001059322033898305
Other Western,2013,P_D,A,0,937,0.001059322033898305
Other Western,2013,P_D,H_D,0,937,0.001059322033898305
Other Western,2013,P_D,H_A,0,937,0.001059322033898305
Other Western,2013,P_D,P_D,843,937,0.8940677966101694
Other Western,2013,P_D,P_A,21,937,0.023305084745762712
Other Western,2014,A,D,2,59,0.045454545454545456
Other Western,2014,A,A,46,59,0.7121212121212122
Other Western,2014,A,H_D,2,59,0.045454545454545456
Other Western,2014,A,H_A,6,59,0.10606060606060606
Other Western,2014,A,P_D,0,59,0.015151515151515152
Other Western,2014,A,P_A,3,59,0.06060606060606061
Other Western,2014,D,D,441,544,0.8021778584392014
Other Western,2014,D,A,7,544,0.014519056261343012
Other Western,2014,D,H_D,32,544,0.05989110707803993
Other Western,2014,D,H_A,3,544,0.007259528130671506
Other Western,2014,D,P_D,18,544,0.034482758620689655
Other Western,2014,D,P_A,3,544,0.007259528130671506
Other Western,2014,H_A,D,0,125,0.007575757575757576
Other Western,2014,H_A,A,0,125,0.007575757575757576
Other Western,2014,H_A,H_D,3,125,0.030303030303030304
Other Western,2014,H_A,H_A,110,125,0.8409090909090909
Other Western,2014,H_A,P_D,2,125,0.022727272727272728
Other Western,2014,H_A,P_A,10,125,0.08333333333333333
Other Western,2014,H_D,D,0,423,0.002325581395348837
Other Western,2014,H_D,A,0,423,0.002325581395348837
Other Western,2014,H_D,H_D,333,423,0.7767441860465116
Other Western,2014,H_D,H_A,16,423,0.03953488372093023
Other Western,2014,H_D,P_D,23,423,0.05581395348837209
Other Western,2014,H_D,P_A,4,423,0.011627906976744186
Other Western,2014,P_A,D,0,592,0.001669449081803005
Other Western,2014,P_A,A,0,592,0.001669449081803005
Other Western,2014,P_A,H_D,0,592,0.001669449081803005
Other Western,2014,P_A,H_A,0,592,0.001669449081803005
Other Western,2014,P_A,P_D,26,592,0.045075125208681135
Other Western,2014,P_A,P_A,566,592,0.9465776293823038
Other Western,2014,P_D,D,0,967,0.001026694045174538
Other Western,2014,P_D,A,0,967,0.001026694045174538
Other Western,2014,P_D,H_D,0,967,0.001026694045174538
Other Western,2014,P_D,H_A,0,967,0.001026694045174538
Other Western,2014,P_D,P_D,864,967,0.8880903490759754
Other Western,2014,P_D,P_A,7,967,0.008213552361396304
Other Western,2015,A,D,5,60,0.08955223880597014
Other Western,2015,A,A,49,60,0.746268656716418
Other Western,2015,A,H_D,1,60,0.029850746268656716
Other Western,2015,A,H_A,3,60,0.05970149253731343
Other Western,2015,A,P_D,0,60,0.014925373134328358
Other Western,2015,A,P_A,2,60,0.04477611940298507
Other Western,2015,D,D,447,549,0.8057553956834532
Other Western,2015,D,A,3,549,0.007194244604316547
Other Western,2015,D,H_D,32,549,0.05935251798561151
Other Western,2015,D,H_A,6,549,0.012589928057553957
Other Western,2015,D,P_D,21,549,0.039568345323741004
Other Western,2015,D,P_A,0,549,0.0017985611510791368
Other Western,2015,H_A,D,0,141,0.006756756756756757
Other Western,2015,H_A,A,0,141,0.006756756756756757
Other Western,2015,H_A,H_D,7,141,0.05405405405405406
Other Western,2015,H_A,H_A,122,141,0.831081081081081
Other Western,2015,H_A,P_D,4,141,0.033783783783783786
Other Western,2015,H_A,P_A,8,141,0.060810810810810814
Other Western,2015,H_D,D,0,446,0.002207505518763797
Other Western,2015,H_D,A,0,446,0.002207505518763797
Other Western,2015,H_D,H_D,351,446,0.7770419426048565
Other Western,2015,H_D,H_A,5,446,0.013245033112582781
Other Western,2015,H_D,P_D,19,446,0.04415011037527594
Other Western,2015,H_D,P_A,4,446,0.011037527593818985
Other Western,2015,P_A,D,0,593,0.0016666666666666668
Other Western,2015,P_A,A,0,593,0.0016666666666666668
Other Western,2015,P_A,H_D,0,593,0.0016666666666666668
Other Western,2015,P_A,H_A,0,593,0.0016666666666666668
Other Western,2015,P_A,P_D,24,593,0.041666666666666664
Other Western,2015,P_A,P_A,569,593,0.95
Other Western,2015,P_D,D,0,981,0.0010121457489878543
Other Western,2015,P_D,A,0,981,0.0010121457489878543
Other Western,2015,P_D,H_D,0,981,0.0010121457489878543
Other Western,2015,P_D,H_A,0,981,0.0010121457489878543
Other Western,2015,P_D,P_D,872,981,0.8836032388663968
Other Western,2015,P_D,P_A,8,981,0.009109311740890687
Other Western,2016,A,D,2,57,0.046875
Other Western,2016,A,A,44,57,0.703125
Other Western,2016,A,H_D,1,57,0.03125
Other Western,2016,A,H_A,3,57,0.0625
Other Western,2016,A,P_D,1,57,0.03125
Other Western,2016,A,P_A,6,57,0.109375
Other Western,2016,D,D,452,553,0.8089285714285714
Other Western,2016,D,A,4,553,0.008928571428571428
Other Western,2016,D,H_D,29,553,0.05357142857142857
Other Western,2016,D,H_A,5,553,0.010714285714285714
Other Western,2016,D,P_D,19,553,0.03571428571428571
Other Western,2016,D,P_A,2,553,0.005357142857142857
Other Western,2016,H_A,D,0,141,0.006756756756756757
Other Western,2016,H_A,A,0,141,0.006756756756756757
Other Western,2016,H_A,H_D,7,141,0.05405405405405406
Other Western,2016,H_A,H_A,120,141,0.8175675675675675
Other Western,2016,H_A,P_D,0,141,0.006756756756756757
Other Western,2016,H_A,P_A,14,141,0.10135135135135136
Other Western,2016,H_D,D,0,454,0.0021691973969631237
Other Western,2016,H_D,A,0,454,0.0021691973969631237
Other Western,2016,H_D,H_D,364,454,0.7917570498915402
Other Western,2016,H_D,H_A,7,454,0.01735357917570499
Other Western,2016,H_D,P_D,22,454,0.049891540130151846
Other Western,2016,H_D,P_A,3,454,0.008676789587852495
Other Western,2016,P_A,D,0,597,0.0016556291390728477
Other Western,2016,P_A,A,0,597,0.0016556291390728477
Other Western,2016,P_A,H_D,0,597,0.0016556291390728477
Other Western,2016,P_A,H_A,0,597,0.0016556291390728477
Other Western,2016,P_A,P_D,10,597,0.018211920529801324
Other Western,2016,P_A,P_A,587,597,0.9735099337748344
Other Western,2016,P_D,D,0,998,0.0009950248756218905
Other Western,2016,P_D,A,0,998,0.0009950248756218905
Other Western,2016,P_D,H_D,0,998,0.0009950248756218905
Other Western,2016,P_D,H_A,0,998,0.0009950248756218905
Other Western,2016,P_D,P_D,853,998,0.8497512437810946
Other Western,2016,P_D,P_A,15,998,0.015920398009950248
Other Western,2017,A,D,4,48,0.09090909090909091
Other Western,2017,A,A,38,48,0.7090909090909091
Other Western,2017,A,H_D,0,48,0.01818181818181818
Other Western,2017,A,H_A,3,48,0.07272727272727272
Other Western,2017,A,P_D,1,48,0.03636363636363636
Other Western,2017,A,P_A,2,48,0.05454545454545454
Other Western,2017,D,D,356,454,0.7744034707158352
Other Western,2017,D,A,5,454,0.013015184381778741
Other Western,2017,D,H_D,19,454,0.04338394793926247
Other Western,2017,D,H_A,4,454,0.010845986984815618
Other Western,2017,D,P_D,22,454,0.049891540130151846
Other Western,2017,D,P_A,1,454,0.004338394793926247
Other Western,2017,H_A,D,0,135,0.007042253521126761
Other Western,2017,H_A,A,0,135,0.007042253521126761
Other Western,2017,H_A,H_D,9,135,0.07042253521126761
Other Western,2017,H_A,H_A,106,135,0.7535211267605634
Other Western,2017,H_A,P_D,2,135,0.02112676056338028
Other Western,2017,H_A,P_A,18,135,0.13380281690140844
Other Western,2017,H_D,D,0,401,0.0024509803921568627
Other Western,2017,H_D,A,0,401,0.0024509803921568627
Other Western,2017,H_D,H_D,320,401,0.7867647058823529
Other Western,2017,H_D,H_A,11,401,0.029411764705882353
Other Western,2017,H_D,P_D,17,401,0.04411764705882353
Other Western,2017,H_D,P_A,4,401,0.012254901960784314
Other Western,2017,P_A,D,0,627,0.0015772870662460567
Other Western,2017,P_A,A,0,627,0.0015772870662460567
Other Western,2017,P_A,H_D,0,627,0.0015772870662460567
Other Western,2017,P_A,H_A,0,627,0.0015772870662460567
Other Western,2017,P_A,P_D,34,627,0.055205047318611984
Other Western,2017,P_A,P_A,593,627,0.9369085173501577
Other Western,2017,P_D,D,0,905,0.0010964912280701754
Other Western,2017,P_D,A,0,905,0.0010964912280701754
Other Western,2017,P_D,H_D,0,905,0.0010964912280701754
Other Western,2017,P_D,H_A,0,905,0.0010964912280701754
Other Western,2017,P_D,P_D,793,905,0.8706140350877193
Other Western,2017,P_D,P_A,16,905,0.01864035087719298
Other Western,2018,A,D,4,43,0.1
Other Western,2018,A,A,34,43,0.7
Other Western,2018,A,H_D,2,43,0.06
Other Western,2018,A,H_A,2,43,0.06
Other Western,2018,A,P_D,0,43,0.02
Other Western,2018,A,P_A,1,43,0.04
Other Western,2018,D,D,272,360,0.7438692098092643
Other Western,2018,D,A,0,360,0.0027247956403269754
Other Western,2018,D,H_D,18,360,0.051771117166212535
Other Western,2018,D,H_A,4,360,0.013623978201634877
Other Western,2018,D,P_D,29,360,0.08174386920980926
Other Western,2018,D,P_A,5,360,0.01634877384196185
Other Western,2018,H_A,D,0,124,0.007633587786259542
Other Western,2018,H_A,A,0,124,0.007633587786259542
Other Western,2018,H_A,H_D,5,124,0.04580152671755725
Other Western,2018,H_A,H_A,103,124,0.7938931297709924
Other Western,2018,H_A,P_D,4,124,0.03816793893129771
Other Western,2018,H_A,P_A,12,124,0.09923664122137404
Other Western,2018,H_D,D,0,348,0.0028169014084507044
Other Western,2018,H_D,A,0,348,0.0028169014084507044
Other Western,2018,H_D,H_D,257,348,0.7267605633802817
Other Western,2018,H_D,H_A,15,348,0.04507042253521127
Other Western,2018,H_D,P_D,17,348,0.05070422535211268
Other Western,2018,H_D,P_A,2,348,0.008450704225352112
Other Western,2018,P_A,D,0,634,0.0015600624024961
Other Western,2018,P_A,A,0,634,0.0015600624024961
Other Western,2018,P_A,H_D,0,634,0.0015600624024961
Other Western,2018,P_A,H_A,0,634,0.0015600624024961
Other Western,2018,P_A,P_D,30,634,0.0483619344773791
Other Western,2018,P_A,P_A,604,634,0.9438377535101404
Other Western,2018,P_D,D,0,869,0.001141552511415525
Other Western,2018,P_D,A,0,869,0.001141552511415525
Other Western,2018,P_D,H_D,0,869,0.001141552511415525
Other Western,2018,P_D,H_A,0,869,0.001141552511415525
Other Western,2018,P_D,P_D,751,869,0.8584474885844748
Other Western,2018,P_D,P_A,10,869,0.012557077625570776
Other Western,2019,A,D,0,34,0.024390243902439025
Other Western,2019,A,A,32,34,0.8048780487804879
Other Western,2019,A,H_D,0,34,0.024390243902439025
Other Western,2019,A,H_A,1,34,0.04878048780487805
Other Western,2019,A,P_D,0,34,0.024390243902439025
Other Western,2019,A,P_A,1,34,0.04878048780487805
Other Western,2019,D,D,213,276,0.7561837455830389
Other Western,2019,D,A,2,276,0.01060070671378092
Other Western,2019,D,H_D,6,276,0.024734982332155476
Other Western,2019,D,H_A,3,276,0.014134275618374558
Other Western,2019,D,P_D,18,276,0.06713780918727916
Other Western,2019,D,P_A,1,276,0.007067137809187279
Other Western,2019,H_A,D,0,124,0.007633587786259542
Other Western,2019,H_A,A,0,124,0.007633587786259542
Other Western,2019,H_A,H_D,0,124,0.007633587786259542
Other Western,2019,H_A,H_A,105,124,0.8091603053435115
Other Western,2019,H_A,P_D,0,124,0.007633587786259542
Other Western,2019,H_A,P_A,19,124,0.15267175572519084
Other Western,2019,H_D,D,0,282,0.0034602076124567475
Other Western,2019,H_D,A,0,282,0.0034602076124567475
Other Western,2019,H_D,H_D,209,282,0.726643598615917
Other Western,2019,H_D,H_A,8,282,0.031141868512110725
Other Western,2019,H_D,P_D,24,282,0.08650519031141868
Other Western,2019,H_D,P_A,1,282,0.006920415224913495
Other Western,2019,P_A,D,0,634,0.0015600624024961
Other Western,2019,P_A,A,0,634,0.0015600624024961
Other Western,2019,P_A,H_D,0,634,0.0015600624024961
Other Western,2019,P_A,H_A,0,634,0.0015600624024961
Other Western,2019,P_A,P_D,0,634,0.0015600624024961
Other Western,2019,P_A,P_A,634,634,0.9906396255850234
Other Western,2019,P_D,D,0,831,0.0011933174224343676
Other Western,2019,P_D,A,0,831,0.0011933174224343676
Other Western,2019,P_D,H_D,0,831,0.0011933174224343676
Other Western,2019,P_D,H_A,0,831,0.0011933174224343676
Other Western,2019,P_D,P_D,692,831,0.8269689737470167
Other Western,2019,P_D,P_A,12,831,0.015513126491646777
Other Western,2020,A,D,12,34,0.3170731707317073
Other Western,2020,A,A,13,34,0.34146341463414637
Other Western,2020,A,H_D,0,34,0.024390243902439025
Other Western,2020,A,H_A,1,34,0.04878048780487805
Other Western,2020,A,P_D,4,34,0.12195121951219512
Other Western,2020,A,P_A,4,34,0.12195121951219512
Other Western,2020,D,D,184,213,0.8409090909090909
Other Western,2020,D,A,4,213,0.022727272727272728
Other Western,2020,D,H_D,4,213,0.022727272727272728
Other Western,2020,D,H_A,2,213,0.013636363636363636
Other Western,2020,D,P_D,18,213,0.08636363636363636
Other Western,2020,D,P_A,1,213,0.00909090909090909
Other Western,2020,H_A,D,0,117,0.008064516129032258
Other Western,2020,H_A,A,0,117,0.008064516129032258
Other Western,2020,H_A,H_D,51,117,0.41935483870967744
Other Western,2020,H_A,H_A,44,117,0.3629032258064516
Other Western,2020,H_A,P_D,8,117,0.07258064516129033
Other Western,2020,H_A,P_A,14,117,0.12096774193548387
Other Western,2020,H_D,D,0,215,0.0045045045045045045
Other Western,2020,H_D,A,0,215,0.0045045045045045045
Other Western,2020,H_D,H_D,190,215,0.8603603603603603
Other Western,2020,H_D,H_A,4,215,0.02252252252252252
Other Western,2020,H_D,P_D,20,215,0.0945945945945946
Other Western,2020,H_D,P_A,1,215,0.009009009009009009
Other Western,2020,P_A,D,0,668,0.0014814814814814814
Other Western,2020,P_A,A,0,668,0.0014814814814814814
Other Western,2020,P_A,H_D,0,668,0.0014814814814814814
Other Western,2020,P_A,H_A,0,668,0.0014814814814814814
Other Western,2020,P_A,P_D,339,668,0.5037037037037037
Other Western,2020,P_A,P_A,329,668,0.4888888888888889
Other Western,2020,P_D,D,0,734,0.001349527665317139
Other Western,2020,P_D,A,0,734,0.001349527665317139
Other Western,2020,P_D,H_D,0,734,0.001349527665317139
Other Western,2020,P_D,H_A,0,734,0.001349527665317139
Other Western,2020,P_D,P_D,729,734,0.9851551956815114
Other Western,2020,P_D,P_A,5,734,0.008097165991902834
Other Western,2021,A,D,1,17,0.08333333333333333
Other Western,2021,A,A,16,17,0.7083333333333334
Other Western,2021,A,H_D,0,17,0.041666666666666664
Other Western,2021,A,H_A,0,17,0.041666666666666664
Other Western,2021,A,P_D,0,17,0.041666666666666664
Other Western,2021,A,P_A,0,17,0.041666666666666664
Other Western,2021,D,D,183,196,0.9064039408866995
Other Western,2021,D,A,0,196,0.0049261083743842365
Other Western,2021,D,H_D,1,196,0.009852216748768473
Other Western,2021,D,H_A,0,196,0.0049261083743842365
Other Western,2021,D,P_D,12,196,0.06403940886699508
Other Western,2021,D,P_A,0,196,0.0049261083743842365
Other Western,2021,H_A,D,0,51,0.017241379310344827
Other Western,2021,H_A,A,0,51,0.017241379310344827
Other Western,2021,H_A,H_D,2,51,0.05172413793103448
Other Western,2021,H_A,H_A,38,51,0.6724137931034483
Other Western,2021,H_A,P_D,0,51,0.017241379310344827
Other Western,2021,H_A,P_A,11,51,0.20689655172413793
Other Western,2021,H_D,D,0,245,0.003968253968253968
Other Western,2021,H_D,A,0,245,0.003968253968253968
Other Western,2021,H_D,H_D,220,245,0.876984126984127
Other Western,2021,H_D,H_A,1,245,0.007936507936507936
Other Western,2021,H_D,P_D,24,245,0.0992063492063492
Other Western,2021,H_D,P_A,0,245,0.003968253968253968
Other Western,2021,P_A,D,0,354,0.002770083102493075
Other Western,2021,P_A,A,0,354,0.002770083102493075
Other Western,2021,P_A,H_D,0,354,0.002770083102493075
Other Western,2021,P_A,H_A,0,354,0.002770083102493075
Other Western,2021,P_A,P_D,4,354,0.013850415512465374
Other Western,2021,P_A,P_A,350,354,0.9722991689750693
Other Western,2021,P_D,D,0,1118,0.0008888888888888889
Other Western,2021,P_D,A,0,1118,0.0008888888888888889
Other Western,2021,P_D,H_D,0,1118,0.0008888888888888889
Other Western,2021,P_D,H_A,0,1118,0.0008888888888888889
Other Western,2021,P_D,P_D,1114,1118,0.9911111111111112
Other Western,2021,P_D,P_A,4,1118,0.0044444444444444444
Other Western,2022,A,D,2,16,0.13043478260869565
Other Western,2022,A,A,11,16,0.5217391304347826
Other Western,2022,A,H_D,0,16,0.043478260869565216
Other Western,2022,A,H_A,1,16,0.08695652173913043
Other Western,2022,A,P_D,0,16,0.043478260869565216
Other Western,2022,A,P_A,2,16,0.13043478260869565
Other Western,2022,D,D,162,184,0.8534031413612565
Other Western,2022,D,A,3,184,0.020942408376963352
Other Western,2022,D,H_D,3,184,0.020942408376963352
Other Western,2022,D,H_A,0,184,0.005235602094240838
Other Western,2022,D,P_D,14,184,0.07853403141361257
Other Western,2022,D,P_A,2,184,0.015706806282722512
Other Western,2022,H_A,D,0,39,0.021739130434782608
Other Western,2022,H_A,A,0,39,0.021739130434782608
Other Western,2022,H_A,H_D,5,39,0.13043478260869565
Other Western,2022,H_A,H_A,29,39,0.6521739130434783
Other Western,2022,H_A,P_D,2,39,0.06521739130434782
Other Western,2022,H_A,P_A,3,39,0.08695652173913043
Other Western,2022,H_D,D,0,223,0.004347826086956522
Other Western,2022,H_D,A,0,223,0.004347826086956522
Other Western,2022,H_D,H_D,202,223,0.8826086956521739
Other Western,2022,H_D,H_A,2,223,0.013043478260869565
Other Western,2022,H_D,P_D,19,223,0.08695652173913043
Other Western,2022,H_D,P_A,0,223,0.004347826086956522
Other Western,2022,P_A,D,0,365,0.002688172043010753
Other Western,2022,P_A,A,0,365,0.002688172043010753
Other Western,2022,P_A,H_D,0,365,0.002688172043010753
Other Western,2022,P_A,H_A,0,365,0.002688172043010753
Other Western,2022,P_A,P_D,136,365,0.3682795698924731
Other Western,2022,P_A,P_A,229,365,0.6182795698924731
Other Western,2022,P_D,D,0,1154,0.0008613264427217916
Other Western,2022,P_D,A,0,1154,0.0008613264427217916
Other Western,2022,P_D,H_D,0,1154,0.0008613264427217916
Other Western,2022,P_D,H_A,0,1154,0.0008613264427217916
Other Western,2022,P_D,P_D,1151,1154,0.9922480620155039
Other Western,2022,P_D,P_A,3,1154,0.0034453057708871662
Other Western,2023,A,D,0,14,0.047619047619047616
Other Western,2023,A,A,0,14,0.047619047619047616
Other Western,2023,A,H_D,0,14,0.047619047619047616
Other Western,2023,A,H_A,0,14,0.047619047619047616
Other Western,2023,A,P_D,0,14,0.047619047619047616
Other Western,2023,A,P_A,0,14,0.047619047619047616
Other Western,2023,D,D,0,164,0.005847953216374269
Other Western,2023,D,A,0,164,0.005847953216374269
Other Western,2023,D,H_D,0,164,0.005847953216374269
Other Western,2023,D,H_A,0,164,0.005847953216374269
Other Western,2023,D,P_D,0,164,0.005847953216374269
Other Western,2023,D,P_A,0,164,0.005847953216374269
Other Western,2023,H_A,D,0,32,0.02564102564102564
Other Western,2023,H_A,A,0,32,0.02564102564102564
Other Western,2023,H_A,H_D,0,32,0.02564102564102564
Other Western,2023,H_A,H_A,0,32,0.02564102564102564
Other Western,2023,H_A,P_D,0,32,0.02564102564102564
Other Western,2023,H_A,P_A,0,32,0.02564102564102564
Other Western,2023,H_D,D,0,210,0.004608294930875576
Other Western,2023,H_D,A,0,210,0.004608294930875576
Other Western,2023,H_D,H_D,0,210,0.004608294930875576
Other Western,2023,H_D,H_A,0,210,0.004608294930875576
Other Western,2023,H_D,P_D,0,210,0.004608294930875576
Other Western,2023,H_D,P_A,0,210,0.004608294930875576
Other Western,2023,P_A,D,0,239,0.0040650406504065045
Other Western,2023,P_A,A,0,239,0.0040650406504065045
Other Western,2023,P_A,H_D,0,239,0.0040650406504065045
Other Western,2023,P_A,H_A,0,239,0.0040650406504065045
Other Western,2023,P_A,P_D,0,239,0.0040650406504065045
Other Western,2023,P_A,P_A,0,239,0.0040650406504065045
Other Western,2023,P_D,D,0,1322,0.0007524454477050414
Other Western,2023,P_D,A,0,1322,0.0007524454477050414
Other Western,2023,P_D,H_D,0,1322,0.0007524454477050414
Other Western,2023,P_D,H_A,0,1322,0.0007524454477050414
Other Western,2023,P_D,P_D,0,1322,0.0007524454477050414
Other Western,2023,P_D,P_A,0,1322,0.0007524454477050414
Sinic,2000,A,D,3,87,0.0425531914893617
Sinic,2000,A,A,68,87,0.7340425531914894
Sinic,2000,A,H_D,0,87,0.010638297872340425
Sinic,2000,A,H_A,5,87,0.06382978723404255
Sinic,2000,A,P_D,0,87,0.010638297872340425
Sinic,2000,A,P_A,11,87,0.1276595744680851
Sinic,2000,D,D,1276,1489,0.8536096256684492
Sinic,2000,D,A,12,1489,0.008689839572192513
Sinic,2000,D,H_D,55,1489,0.0374331550802139
Sinic,2000,D,H_A,4,1489,0.0033422459893048127
Sinic,2000,D,P_D,101,1489,0.06818181818181818
Sinic,2000,D,P_A,17,1489,0.012032085561497326
Sinic,2000,H_A,D,0,28,0.02857142857142857
Sinic,2000,H_A,A,0,28,0.02857142857142857
Sinic,2000,H_A,H_D,0,28,0.02857142857142857
Sinic,2000,H_A,H_A,22,28,0.6571428571428571
Sinic,2000,H_A,P_D,0,28,0.02857142857142857
Sinic,2000,H_A,P_A,6,28,0.2
Sinic,2000,H_D,D,0,398,0.0024691358024691358
Sinic,2000,H_D,A,0,398,0.0024691358024691358
Sinic,2000,H_D,H_D,320,398,0.7925925925925926
Sinic,2000,H_D,H_A,5,398,0.014814814814814815
Sinic,2000,H_D,P_D,53,398,0.13333333333333333
Sinic,2000,H_D,P_A,2,398,0.007407407407407408
Sinic,2000,P_A,D,0,121,0.0078125
Sinic,2000,P_A,A,0,121,0.0078125
Sinic,2000,P_A,H_D,0,121,0.0078125
Sinic,2000,P_A,H_A,0,121,0.0078125
Sinic,2000,P_A,P_D,1,121,0.015625
Sinic,2000,P_A,P_A,120,121,0.9453125
Sinic,2000,P_D,D,0,2022,0.0004928536224741252
Sinic,2000,P_D,A,0,2022,0.0004928536224741252
Sinic,2000,P_D,H_D,0,2022,0.0004928536224741252
Sinic,2000,P_D,H_A,0,2022,0.0004928536224741252
Sinic,2000,P_D,P_D,1941,2022,0.9571217348447512
Sinic,2000,P_D,P_A,41,2022,0.020699852143913258
Sinic,2001,A,D,3,150,0.025477707006369428
Sinic,2001,A,A,110,150,0.7070063694267515
Sinic,2001,A,H_D,0,150,0.006369426751592357
Sinic,2001,A,H_A,7,150,0.050955414012738856
Sinic,2001,A,P_D,1,150,0.012738853503184714
Sinic,2001,A,P_A,29,150,0.1910828025477707
Sinic,2001,D,D,2120,2628,0.8049335863377609
Sinic,2001,D,A,36,2628,0.014041745730550285
Sinic,2001,D,H_D,85,2628,0.03263757115749526
Sinic,2001,D,H_A,15,2628,0.0060721062618595825
Sinic,2001,D,P_D,288,2628,0.10967741935483871
Sinic,2001,D,P_A,44,2628,0.017077798861480076
Sinic,2001,H_A,D,0,54,0.01639344262295082
Sinic,2001,H_A,A,0,54,0.01639344262295082
Sinic,2001,H_A,H_D,2,54,0.04918032786885246
Sinic,2001,H_A,H_A,37,54,0.6229508196721312
Sinic,2001,H_A,P_D,0,54,0.01639344262295082
Sinic,2001,H_A,P_A,15,54,0.26229508196721313
Sinic,2001,H_D,D,0,660,0.0014992503748125937
Sinic,2001,H_D,A,0,660,0.0014992503748125937
Sinic,2001,H_D,H_D,485,660,0.7286356821589205
Sinic,2001,H_D,H_A,30,660,0.046476761619190406
Sinic,2001,H_D,P_D,102,660,0.15442278860569716
Sinic,2001,H_D,P_A,17,660,0.026986506746626688
Sinic,2001,P_A,D,0,284,0.003436426116838488
Sinic,2001,P_A,A,0,284,0.003436426116838488
Sinic,2001,P_A,H_D,0,284,0.003436426116838488
Sinic,2001,P_A,H_A,0,284,0.003436426116838488
Sinic,2001,P_A,P_D,8,284,0.030927835051546393
Sinic,2001,P_A,P_A,276,284,0.9518900343642611
Sinic,2001,P_D,D,0,4147,0.00024073182474723158
Sinic,2001,P_D,A,0,4147,0.00024073182474723158
Sinic,2001,P_D,H_D,0,4147,0.00024073182474723158
Sinic,2001,P_D,H_A,0,4147,0.00024073182474723158
Sinic,2001,P_D,P_D,3886,4147,0.9357246027924891
Sinic,2001,P_D,P_A,170,4147,0.041165142031776604
Sinic,2002,A,D,6,259,0.02631578947368421
Sinic,2002,A,A,204,259,0.7706766917293233
Sinic,2002,A,H_D,0,259,0.0037593984962406013
Sinic,2002,A,H_A,13,259,0.05263157894736842
Sinic,2002,A,P_D,1,259,0.007518796992481203
Sinic,2002,A,P_A,35,259,0.13533834586466165
Sinic,2002,D,D,4753,5778,0.821780466724287
Sinic,2002,D,A,65,5778,0.011408815903197925
Sinic,2002,D,H_D,146,5778,0.025410544511668107
Sinic,2002,D,H_A,15,5778,0.002765773552290406
Sinic,2002,D,P_D,424,5778,0.07346585998271392
Sinic,2002,D,P_A,54,5778,0.00950734658599827
Sinic,2002,H_A,D,0,125,0.007575757575757576
Sinic,2002,H_A,A,0,125,0.007575757575757576
Sinic,2002,H_A,H_D,3,125,0.030303030303030304
Sinic,2002,H_A,H_A,102,125,0.7803030303030303
Sinic,2002,H_A,P_D,3,125,0.030303030303030304
Sinic,2002,H_A,P_A,17,125,0.13636363636363635
Sinic,2002,H_D,D,0,921,0.0010775862068965517
Sinic,2002,H_D,A,0,921,0.0010775862068965517
Sinic,2002,H_D,H_D,712,921,0.7683189655172413
Sinic,2002,H_D,H_A,26,921,0.029094827586206896
Sinic,2002,H_D,P_D,110,921,0.11961206896551724
Sinic,2002,H_D,P_A,15,921,0.017241379310344827
Sinic,2002,P_A,D,0,727,0.0013623978201634877
Sinic,2002,P_A,A,0,727,0.0013623978201634877
Sinic,2002,P_A,H_D,0,727,0.0013623978201634877
Sinic,2002,P_A,H_A,0,727,0.0013623978201634877
Sinic,2002,P_A,P_D,12,727,0.017711171662125342
Sinic,2002,P_A,P_A,715,727,0.9754768392370572
Sinic,2002,P_D,D,0,8104,0.00012328936012822092
Sinic,2002,P_D,A,0,8104,0.00012328936012822092
Sinic,2002,P_D,H_D,0,8104,0.00012328936012822092
Sinic,2002,P_D,H_A,0,8104,0.00012328936012822092
Sinic,2002,P_D,P_D,7479,8104,0.9222044137590926
Sinic,2002,P_D,P_A,188,8104,0.023301689064233758
Sinic,2003,A,D,4,367,0.013368983957219251
Sinic,2003,A,A,293,367,0.786096256684492
Sinic,2003,A,H_D,2,367,0.008021390374331552
Sinic,2003,A,H_A,16,367,0.045454545454545456
Sinic,2003,A,P_D,1,367,0.0053475935828877
Sinic,2003,A,P_A,51,367,0.13903743315508021
Sinic,2003,D,D,6300,7415,0.8489625437887361
Sinic,2003,D,A,61,7415,0.008353543519267044
Sinic,2003,D,H_D,164,7415,0.02223120452708165
Sinic,2003,D,H_A,22,7415,0.0030988951765022906
Sinic,2003,D,P_D,559,7415,0.0754513608191862
Sinic,2003,D,P_A,54,7415,0.007410401509027217
Sinic,2003,H_A,D,0,186,0.0051813471502590676
Sinic,2003,H_A,A,0,186,0.0051813471502590676
Sinic,2003,H_A,H_D,1,186,0.010362694300518135
Sinic,2003,H_A,H_A,155,186,0.8082901554404145
Sinic,2003,H_A,P_D,0,186,0.0051813471502590676
Sinic,2003,H_A,P_A,30,186,0.16062176165803108
Sinic,2003,H_D,D,0,1298,0.0007662835249042146
Sinic,2003,H_D,A,0,1298,0.0007662835249042146
Sinic,2003,H_D,H_D,1069,1298,0.8199233716475096
Sinic,2003,H_D,H_A,27,1298,0.021455938697318006
Sinic,2003,H_D,P_D,113,1298,0.08735632183908046
Sinic,2003,H_D,P_A,17,1298,0.013793103448275862
Sinic,2003,P_A,D,0,1133,0.0008771929824561404
Sinic,2003,P_A,A,0,1133,0.0008771929824561404
Sinic,2003,P_A,H_D,0,1133,0.0008771929824561404
Sinic,2003,P_A,H_A,0,1133,0.0008771929824561404
Sinic,2003,P_A,P_D,20,1133,0.018421052631578946
Sinic,2003,P_A,P_A,1113,1133,0.9771929824561404
Sinic,2003,P_D,D,0,11723,8.525149190110827e-05
Sinic,2003,P_D,A,0,11723,8.525149190110827e-05
Sinic,2003,P_D,H_D,0,11723,8.525149190110827e-05
Sinic,2003,P_D,H_A,0,11723,8.525149190110827e-05
Sinic,2003,P_D,P_D,11049,11723,0.9420289855072463
Sinic,2003,P_D,P_A,187,11723,0.016027280477408354
Sinic,2004,A,D,6,458,0.015053763440860216
Sinic,2004,A,A,365,458,0.7870967741935484
Sinic,2004,A,H_D,3,458,0.008602150537634409
Sinic,2004,A,H_A,11,458,0.025806451612903226
Sinic,2004,A,P_D,10,458,0.023655913978494623
Sinic,2004,A,P_A,63,458,0.13763440860215054
Sinic,2004,D,D,8064,9661,0.8341952834091849
Sinic,2004,D,A,84,9661,0.008791890773686388
Sinic,2004,D,H_D,213,9661,0.02213487794786926
Sinic,2004,D,H_A,30,9661,0.003206454282167977
Sinic,2004,D,P_D,960,9661,0.09940008274720728
Sinic,2004,D,P_A,77,9661,0.008067852709971039
Sinic,2004,H_A,D,0,257,0.003787878787878788
Sinic,2004,H_A,A,0,257,0.003787878787878788
Sinic,2004,H_A,H_D,11,257,0.045454545454545456
Sinic,2004,H_A,H_A,196,257,0.7462121212121212
Sinic,2004,H_A,P_D,0,257,0.003787878787878788
Sinic,2004,H_A,P_A,50,257,0.19318181818181818
Sinic,2004,H_D,D,0,1772,0.0005621135469364812
Sinic,2004,H_D,A,0,1772,0.0005621135469364812
Sinic,2004,H_D,H_D,1422,1772,0.7998875772906127
Sinic,2004,H_D,H_A,32,1772,0.01854974704890388
Sinic,2004,H_D,P_D,200,1772,0.11298482293423272
Sinic,2004,H_D,P_A,29,1772,0.016863406408094434
Sinic,2004,P_A,D,0,1577,0.0006313131313131314
Sinic,2004,P_A,A,0,1577,0.0006313131313131314
Sinic,2004,P_A,H_D,0,1577,0.0006313131313131314
Sinic,2004,P_A,H_A,0,1577,0.0006313131313131314
Sinic,2004,P_A,P_D,39,1577,0.025252525252525252
Sinic,2004,P_A,P_A,1538,1577,0.9715909090909091
Sinic,2004,P_D,D,0,17413,5.74052812858783e-05
Sinic,2004,P_D,A,0,17413,5.74052812858783e-05
Sinic,2004,P_D,H_D,0,17413,5.74052812858783e-05
Sinic,2004,P_D,H_A,0,17413,5.74052812858783e-05
Sinic,2004,P_D,P_D,16483,17413,0.9462686567164179
Sinic,2004,P_D,P_A,327,17413,0.018828932261768083
Sinic,2005,A,D,9,576,0.017152658662092625
Sinic,2005,A,A,447,576,0.7684391080617495
Sinic,2005,A,H_D,5,576,0.010291595197255575
Sinic,2005,A,H_A,24,576,0.04288164665523156
Sinic,2005,A,P_D,4,576,0.008576329331046312
Sinic,2005,A,P_A,87,576,0.1509433962264151
Sinic,2005,D,D,10372,12578,0.8242352006356773
Sinic,2005,D,A,103,12578,0.008263806118394914
Sinic,2005,D,H_D,297,12578,0.023678982916170044
Sinic,2005,D,H_A,33,12578,0.0027016289233214143
Sinic,2005,D,P_D,1240,12578,0.09860945570123163
Sinic,2005,D,P_A,82,12578,0.006595152959872864
Sinic,2005,H_A,D,0,300,0.003257328990228013
Sinic,2005,H_A,A,0,300,0.003257328990228013
Sinic,2005,H_A,H_D,8,300,0.029315960912052116
Sinic,2005,H_A,H_A,225,300,0.7361563517915309
Sinic,2005,H_A,P_D,2,300,0.009771986970684038
Sinic,2005,H_A,P_A,65,300,0.21498371335504887
Sinic,2005,H_D,D,0,2326,0.0004286326618088298
Sinic,2005,H_D,A,0,2326,0.0004286326618088298
Sinic,2005,H_D,H_D,1843,2326,0.7903986283754822
Sinic,2005,H_D,H_A,43,2326,0.018859837119588514
Sinic,2005,H_D,P_D,254,2326,0.1093013287612516
Sinic,2005,H_D,P_A,23,2326,0.010287183883411917
Sinic,2005,P_A,D,0,2251,0.0004428697962798937
Sinic,2005,P_A,A,0,2251,0.0004428697962798937
Sinic,2005,P_A,H_D,0,2251,0.0004428697962798937
Sinic,2005,P_A,H_A,0,2251,0.0004428697962798937
Sinic,2005,P_A,P_D,44,2251,0.019929140832595216
Sinic,2005,P_A,P_A,2207,2251,0.9778565101860053
Sinic,2005,P_D,D,0,24898,4.015257980325236e-05
Sinic,2005,P_D,A,0,24898,4.015257980325236e-05
Sinic,2005,P_D,H_D,0,24898,4.015257980325236e-05
Sinic,2005,P_D,H_A,0,24898,4.015257980325236e-05
Sinic,2005,P_D,P_D,23289,24898,0.9351535836177475
Sinic,2005,P_D,P_A,462,24898,0.018590644448905843
Sinic,2006,A,D,11,706,0.016830294530154277
Sinic,2006,A,A,564,706,0.7924263674614306
Sinic,2006,A,H_D,3,706,0.005610098176718092
Sinic,2006,A,H_A,35,706,0.05049088359046283
Sinic,2006,A,P_D,4,706,0.0070126227208976155
Sinic,2006,A,P_A,89,706,0.12622720897615708
Sinic,2006,D,D,13017,15681,0.8298062213156553
Sinic,2006,D,A,106,15681,0.006820499745028047
Sinic,2006,D,H_D,370,15681,0.02364864864864865
Sinic,2006,D,H_A,53,15681,0.0034421213666496683
Sinic,2006,D,P_D,1467,15681,0.09357470678225395
Sinic,2006,D,P_A,86,15681,0.005545639979602244
Sinic,2006,H_A,D,0,369,0.0026595744680851063
Sinic,2006,H_A,A,0,369,0.0026595744680851063
Sinic,2006,H_A,H_D,4,369,0.013297872340425532
Sinic,2006,H_A,H_A,318,369,0.848404255319149
Sinic,2006,H_A,P_D,1,369,0.005319148936170213
Sinic,2006,H_A,P_A,46,369,0.125
Sinic,2006,H_D,D,0,2850,0.00035001750087504374
Sinic,2006,H_D,A,0,2850,0.00035001750087504374
Sinic,2006,H_D,H_D,2355,2850,0.8246412320616031
Sinic,2006,H_D,H_A,48,2850,0.017150857542877145
Sinic,2006,H_D,P_D,264,2850,0.0927546377318866
Sinic,2006,H_D,P_A,19,2850,0.007000350017500875
Sinic,2006,P_A,D,0,3102,0.000321646831778707
Sinic,2006,P_A,A,0,3102,0.000321646831778707
Sinic,2006,P_A,H_D,0,3102,0.000321646831778707
Sinic,2006,P_A,H_A,0,3102,0.000321646831778707
Sinic,2006,P_A,P_D,53,3102,0.017368928916050175
Sinic,2006,P_A,P_A,3049,3102,0.9810228369250563
Sinic,2006,P_D,D,0,33130,3.017774692941425e-05
Sinic,2006,P_D,A,0,33130,3.017774692941425e-05
Sinic,2006,P_D,H_D,0,33130,3.017774692941425e-05
Sinic,2006,P_D,H_A,0,33130,3.017774692941425e-05
Sinic,2006,P_D,P_D,31040,33130,0.9367474424359478
Sinic,2006,P_D,P_A,463,33130,0.014002474575248213
Sinic,2007,A,D,21,845,0.025821596244131457
Sinic,2007,A,A,677,845,0.795774647887324
Sinic,2007,A,H_D,5,845,0.007042253521126761
Sinic,2007,A,H_A,38,845,0.045774647887323945
Sinic,2007,A,P_D,12,845,0.015258215962441314
Sinic,2007,A,P_A,92,845,0.10915492957746478
Sinic,2007,D,D,14902,17911,0.8317334523942405
Sinic,2007,D,A,113,17911,0.006362317222904342
Sinic,2007,D,H_D,480,17911,0.02684451389664025
Sinic,2007,D,H_A,63,17911,0.003571827212858578
Sinic,2007,D,P_D,1632,17911,0.09113740372809466
Sinic,2007,D,P_A,101,17911,0.0056925996204933585
Sinic,2007,H_A,D,0,502,0.0019646365422396855
Sinic,2007,H_A,A,0,502,0.0019646365422396855
Sinic,2007,H_A,H_D,12,502,0.025540275049115914
Sinic,2007,H_A,H_A,408,502,0.8035363457760314
Sinic,2007,H_A,P_D,5,502,0.011787819253438114
Sinic,2007,H_A,P_A,77,502,0.15324165029469547
Sinic,2007,H_D,D,0,3538,0.00028208744710860365
Sinic,2007,H_D,A,0,3538,0.00028208744710860365
Sinic,2007,H_D,H_D,2886,3538,0.8143864598025388
Sinic,2007,H_D,H_A,70,3538,0.02002820874471086
Sinic,2007,H_D,P_D,360,3538,0.10183356840620593
Sinic,2007,H_D,P_A,30,3538,0.008744710860366713
Sinic,2007,P_A,D,0,3910,0.0002552974214960429
Sinic,2007,P_A,A,0,3910,0.0002552974214960429
Sinic,2007,P_A,H_D,0,3910,0.0002552974214960429
Sinic,2007,P_A,H_A,0,3910,0.0002552974214960429
Sinic,2007,P_A,P_D,101,3910,0.026040336992596374
Sinic,2007,P_A,P_A,3809,3910,0.9726831758999234
Sinic,2007,P_D,D,0,41318,2.4198427102238353e-05
Sinic,2007,P_D,A,0,41318,2.4198427102238353e-05
Sinic,2007,P_D,H_D,0,41318,2.4198427102238353e-05
Sinic,2007,P_D,H_A,0,41318,2.4198427102238353e-05
Sinic,2007,P_D,P_D,38660,41318,0.935535390199637
Sinic,2007,P_D,P_A,562,41318,0.013623714458560194
Sinic,2008,A,D,24,992,0.025025025025025027
Sinic,2008,A,A,812,992,0.8138138138138138
Sinic,2008,A,H_D,3,992,0.004004004004004004
Sinic,2008,A,H_A,39,992,0.04004004004004004
Sinic,2008,A,P_D,10,992,0.011011011011011011
Sinic,2008,A,P_A,104,992,0.10510510510510511
Sinic,2008,D,D,17470,20844,0.8378974629514172
Sinic,2008,D,A,121,20844,0.00585103831950506
Sinic,2008,D,H_D,459,20844,0.02206129202436334
Sinic,2008,D,H_A,56,20844,0.0027336818378015442
Sinic,2008,D,P_D,1910,20844,0.09165028056208335
Sinic,2008,D,P_A,86,20844,0.004172461752433936
Sinic,2008,H_A,D,0,650,0.0015220700152207
Sinic,2008,H_A,A,0,650,0.0015220700152207
Sinic,2008,H_A,H_D,10,650,0.0167427701674277
Sinic,2008,H_A,H_A,550,650,0.8386605783866058
Sinic,2008,H_A,P_D,3,650,0.0060882800608828
Sinic,2008,H_A,P_A,87,650,0.1339421613394216
Sinic,2008,H_D,D,0,4391,0.00022737608003638017
Sinic,2008,H_D,A,0,4391,0.00022737608003638017
Sinic,2008,H_D,H_D,3615,4391,0.8221919054115507
Sinic,2008,H_D,H_A,64,4391,0.01477944520236471
Sinic,2008,H_D,P_D,390,4391,0.08890404729422464
Sinic,2008,H_D,P_A,20,4391,0.0047748976807639835
Sinic,2008,P_A,D,0,4840,0.00020631318341242006
Sinic,2008,P_A,A,0,4840,0.00020631318341242006
Sinic,2008,P_A,H_D,0,4840,0.00020631318341242006
Sinic,2008,P_A,H_A,0,4840,0.00020631318341242006
Sinic,2008,P_A,P_D,119,4840,0.024757582009490405
Sinic,2008,P_A,P_A,4721,4840,0.9742108520734475
Sinic,2008,P_D,D,0,49275,2.0291384278235463e-05
Sinic,2008,P_D,A,0,49275,2.0291384278235463e-05
Sinic,2008,P_D,H_D,0,49275,2.0291384278235463e-05
Sinic,2008,P_D,H_A,0,49275,2.0291384278235463e-05
Sinic,2008,P_D,P_D,45807,49275,0.92950773101741
Sinic,2008,P_D,P_A,560,49275,0.011383466580090094
Sinic,2009,A,D,26,1063,0.025233644859813085
Sinic,2009,A,A,855,1063,0.8
Sinic,2009,A,H_D,6,1063,0.0065420560747663555
Sinic,2009,A,H_A,40,1063,0.038317757009345796
Sinic,2009,A,P_D,11,1063,0.011214953271028037
Sinic,2009,A,P_A,125,1063,0.11775700934579439
Sinic,2009,D,D,20042,23930,0.8373229728036095
Sinic,2009,D,A,128,23930,0.005389146509587667
Sinic,2009,D,H_D,535,23930,0.02239211262898442
Sinic,2009,D,H_A,64,23930,0.0027154614195596775
Sinic,2009,D,P_D,2113,23930,0.08831516062998705
Sinic,2009,D,P_A,95,23930,0.004010527635041985
Sinic,2009,H_A,D,0,767,0.0012919896640826874
Sinic,2009,H_A,A,0,767,0.0012919896640826874
Sinic,2009,H_A,H_D,15,767,0.020671834625323
Sinic,2009,H_A,H_A,672,767,0.8695090439276486
Sinic,2009,H_A,P_D,5,767,0.007751937984496124
Sinic,2009,H_A,P_A,75,767,0.09819121447028424
Sinic,2009,H_D,D,0,5034,0.00019837333862328903
Sinic,2009,H_D,A,0,5034,0.00019837333862328903
Sinic,2009,H_D,H_D,4164,5034,0.8262249553659988
Sinic,2009,H_D,H_A,90,5034,0.0180519738147193
Sinic,2009,H_D,P_D,441,5034,0.08768101567149375
Sinic,2009,H_D,P_A,16,5034,0.0033723467565959135
Sinic,2009,P_A,D,0,5692,0.00017546938059308652
Sinic,2009,P_A,A,0,5692,0.00017546938059308652
Sinic,2009,P_A,H_D,0,5692,0.00017546938059308652
Sinic,2009,P_A,H_A,0,5692,0.00017546938059308652
Sinic,2009,P_A,P_D,130,5692,0.02298648885769433
Sinic,2009,P_A,P_A,5562,5692,0.9761361642393402
Sinic,2009,P_D,D,0,56371,1.7737415303841924e-05
Sinic,2009,P_D,A,0,56371,1.7737415303841924e-05
Sinic,2009,P_D,H_D,0,56371,1.7737415303841924e-05
Sinic,2009,P_D,H_A,0,56371,1.7737415303841924e-05
Sinic,2009,P_D,P_D,51981,56371,0.9220263223243109
Sinic,2009,P_D,P_A,609,56371,0.010819823335343573
Sinic,2010,A,D,31,1131,0.028119507908611598
Sinic,2010,A,A,945,1131,0.8312829525483304
Sinic,2010,A,H_D,3,1131,0.0035149384885764497
Sinic,2010,A,H_A,46,1131,0.04130052724077329
Sinic,2010,A,P_D,13,1131,0.012302284710017574
Sinic,2010,A,P_A,93,1131,0.08260105448154657
Sinic,2010,D,D,22780,26883,0.847192264782447
Sinic,2010,D,A,133,26883,0.004983265154332466
Sinic,2010,D,H_D,567,26883,0.021123094087021198
Sinic,2010,D,H_A,59,26883,0.002231312755671253
Sinic,2010,D,P_D,1991,26883,0.07407958348828561
Sinic,2010,D,P_A,83,26883,0.0031238378579397544
Sinic,2010,H_A,D,0,901,0.0011013215859030838
Sinic,2010,H_A,A,0,901,0.0011013215859030838
Sinic,2010,H_A,H_D,24,901,0.02753303964757709
Sinic,2010,H_A,H_A,764,901,0.8425110132158591
Sinic,2010,H_A,P_D,7,901,0.00881057268722467
Sinic,2010,H_A,P_A,106,901,0.11784140969162996
Sinic,2010,H_D,D,0,5706,0.00017503938386136881
Sinic,2010,H_D,A,0,5706,0.00017503938386136881
Sinic,2010,H_D,H_D,4772,5706,0.8354629791703133
Sinic,2010,H_D,H_A,86,5706,0.015228426395939087
Sinic,2010,H_D,P_D,452,5706,0.07929284088920006
Sinic,2010,H_D,P_A,25,5706,0.004551023980395589
Sinic,2010,P_A,D,0,6612,0.00015108022359873092
Sinic,2010,P_A,A,0,6612,0.00015108022359873092
Sinic,2010,P_A,H_D,0,6612,0.00015108022359873092
Sinic,2010,P_A,H_A,0,6612,0.00015108022359873092
Sinic,2010,P_A,P_D,179,6612,0.027194440247771567
Sinic,2010,P_A,P_A,6433,6612,0.9720501586342348
Sinic,2010,P_D,D,0,62412,1.6020762908729713e-05
Sinic,2010,P_D,A,0,62412,1.6020762908729713e-05
Sinic,2010,P_D,H_D,0,62412,1.6020762908729713e-05
Sinic,2010,P_D,H_A,0,62412,1.6020762908729713e-05
Sinic,2010,P_D,P_D,56885,62412,0.9113571188259985
Sinic,2010,P_D,P_A,560,62412,0.00898764799179737
Sinic,2011,A,D,35,1229,0.02912621359223301
Sinic,2011,A,A,1036,1229,0.8389967637540453
Sinic,2011,A,H_D,6,1229,0.0056634304207119745
Sinic,2011,A,H_A,41,1229,0.03398058252427184
Sinic,2011,A,P_D,12,1229,0.010517799352750809
Sinic,2011,A,P_A,99,1229,0.08090614886731391
Sinic,2011,D,D,24693,28551,0.8646964073114364
Sinic,2011,D,A,131,28551,0.004622172421037888
Sinic,2011,D,H_D,557,28551,0.019539183416205617
Sinic,2011,D,H_A,70,28551,0.0024861684991946214
Sinic,2011,D,P_D,1871,28551,0.06555080888017369
Sinic,2011,D,P_A,72,28551,0.0025562014146648924
Sinic,2011,H_A,D,0,1005,0.0009881422924901185
Sinic,2011,H_A,A,0,1005,0.0009881422924901185
Sinic,2011,H_A,H_D,30,1005,0.030632411067193676
Sinic,2011,H_A,H_A,865,1005,0.8557312252964426
Sinic,2011,H_A,P_D,10,1005,0.010869565217391304
Sinic,2011,H_A,P_A,100,1005,0.09980237154150198
Sinic,2011,H_D,D,0,6368,0.00015686274509803922
Sinic,2011,H_D,A,0,6368,0.00015686274509803922
Sinic,2011,H_D,H_D,5390,6368,0.8456470588235294
Sinic,2011,H_D,H_A,108,6368,0.017098039215686273
Sinic,2011,H_D,P_D,443,6368,0.06964705882352941
Sinic,2011,H_D,P_A,26,6368,0.0042352941176470585
Sinic,2011,P_A,D,0,7400,0.00013500742540839745
Sinic,2011,P_A,A,0,7400,0.00013500742540839745
Sinic,2011,P_A,H_D,0,7400,0.00013500742540839745
Sinic,2011,P_A,H_A,0,7400,0.00013500742540839745
Sinic,2011,P_A,P_D,193,7400,0.02619144052922911
Sinic,2011,P_A,P_A,7207,7400,0.9731335223437289
Sinic,2011,P_D,D,0,65773,1.5202189115232593e-05
Sinic,2011,P_D,A,0,65773,1.5202189115232593e-05
Sinic,2011,P_D,H_D,0,65773,1.5202189115232593e-05
Sinic,2011,P_D,H_A,0,65773,1.5202189115232593e-05
Sinic,2011,P_D,P_D,59908,65773,0.9107479477044694
Sinic,2011,P_D,P_A,507,65773,0.007722712070538157
Sinic,2012,A,D,35,1363,0.026277372262773723
Sinic,2012,A,A,1171,1363,0.8554744525547445
Sinic,2012,A,H_D,9,1363,0.0072992700729927005
Sinic,2012,A,H_A,50,1363,0.03722627737226277
Sinic,2012,A,P_D,16,1363,0.012408759124087591
Sinic,2012,A,P_A,82,1363,0.060583941605839416
Sinic,2012,D,D,26181,30358,0.8622427136505846
Sinic,2012,D,A,152,30358,0.005038695866952083
Sinic,2012,D,H_D,713,30358,0.023513914045776386
Sinic,2012,D,H_A,93,30358,0.0030956693561666393
Sinic,2012,D,P_D,1757,30358,0.05789560349086119
Sinic,2012,D,P_A,84,30358,0.002799275481640046
Sinic,2012,H_A,D,0,1143,0.0008695652173913044
Sinic,2012,H_A,A,0,1143,0.0008695652173913044
Sinic,2012,H_A,H_D,34,1143,0.030434782608695653
Sinic,2012,H_A,H_A,1005,1143,0.8747826086956522
Sinic,2012,H_A,P_D,10,1143,0.009565217391304347
Sinic,2012,H_A,P_A,94,1143,0.08260869565217391
Sinic,2012,H_D,D,0,7034,0.000142025280499929
Sinic,2012,H_D,A,0,7034,0.000142025280499929
Sinic,2012,H_D,H_D,5980,7034,0.8494532026700753
Sinic,2012,H_D,H_A,113,7034,0.016190881976991905
Sinic,2012,H_D,P_D,455,7034,0.06476352790796762
Sinic,2012,H_D,P_A,24,7034,0.003550632012498225
Sinic,2012,P_A,D,0,8114,0.00012313754463735992
Sinic,2012,P_A,A,0,8114,0.00012313754463735992
Sinic,2012,P_A,H_D,0,8114,0.00012313754463735992
Sinic,2012,P_A,H_A,0,8114,0.00012313754463735992
Sinic,2012,P_A,P_D,233,8114,0.028814185445142224
Sinic,2012,P_A,P_A,7881,8114,0.970570126831671
Sinic,2012,P_D,D,0,67241,1.4870330716155128e-05
Sinic,2012,P_D,A,0,67241,1.4870330716155128e-05
Sinic,2012,P_D,H_D,0,67241,1.4870330716155128e-05
Sinic,2012,P_D,H_A,0,67241,1.4870330716155128e-05
Sinic,2012,P_D,P_D,61448,67241,0.9137669521770164
Sinic,2012,P_D,P_A,471,67241,0.00701879609802522
Sinic,2013,A,D,49,1493,0.03333333333333333
Sinic,2013,A,A,1267,1493,0.8453333333333334
Sinic,2013,A,H_D,5,1493,0.004
Sinic,2013,A,H_A,61,1493,0.04133333333333333
Sinic,2013,A,P_D,19,1493,0.013333333333333334
Sinic,2013,A,P_A,92,1493,0.062
Sinic,2013,D,D,27595,31833,0.8667085427135678
Sinic,2013,D,A,180,31833,0.005684673366834171
Sinic,2013,D,H_D,842,31833,0.02647613065326633
Sinic,2013,D,H_A,85,31833,0.002701005025125628
Sinic,2013,D,P_D,1543,31833,0.04849246231155779
Sinic,2013,D,P_A,78,31833,0.0024811557788944724
Sinic,2013,H_A,D,0,1335,0.0007451564828614009
Sinic,2013,H_A,A,0,1335,0.0007451564828614009
Sinic,2013,H_A,H_D,41,1335,0.03129657228017884
Sinic,2013,H_A,H_A,1158,1335,0.8636363636363636
Sinic,2013,H_A,P_D,4,1335,0.0037257824143070045
Sinic,2013,H_A,P_A,132,1335,0.09910581222056632
Sinic,2013,H_D,D,0,8067,0.00012385434728758978
Sinic,2013,H_D,A,0,8067,0.00012385434728758978
Sinic,2013,H_D,H_D,6788,8067,0.8408471637354471
Sinic,2013,H_D,H_A,124,8067,0.015481793410948724
Sinic,2013,H_D,P_D,564,8067,0.06997770621748824
Sinic,2013,H_D,P_A,28,8067,0.003591776071340104
Sinic,2013,P_A,D,0,8758,0.00011409013120365089
Sinic,2013,P_A,A,0,8758,0.00011409013120365089
Sinic,2013,P_A,H_D,0,8758,0.00011409013120365089
Sinic,2013,P_A,H_A,0,8758,0.00011409013120365089
Sinic,2013,P_A,P_D,237,8758,0.02715345122646891
Sinic,2013,P_A,P_A,8521,8758,0.9722760981175128
Sinic,2013,P_D,D,0,68249,1.4650726676043133e-05
Sinic,2013,P_D,A,0,68249,1.4650726676043133e-05
Sinic,2013,P_D,H_D,0,68249,1.4650726676043133e-05
Sinic,2013,P_D,H_A,0,68249,1.4650726676043133e-05
Sinic,2013,P_D,P_D,62973,68249,0.9226148616971401
Sinic,2013,P_D,P_A,506,68249,0.007427918424753868
Sinic,2014,A,D,53,1659,0.03241296518607443
Sinic,2014,A,A,1426,1659,0.8565426170468188
Sinic,2014,A,H_D,12,1659,0.0078031212484993995
Sinic,2014,A,H_A,65,1659,0.03961584633853541
Sinic,2014,A,P_D,23,1659,0.014405762304921969
Sinic,2014,A,P_A,80,1659,0.048619447779111646
Sinic,2014,D,D,28908,33312,0.8676430865272067
Sinic,2014,D,A,135,33312,0.004081755154716528
Sinic,2014,D,H_D,929,33312,0.0279120021609292
Sinic,2014,D,H_A,104,33312,0.003151355082685555
Sinic,2014,D,P_D,1348,33312,0.040487409586122035
Sinic,2014,D,P_A,60,33312,0.0018307872385125603
Sinic,2014,H_A,D,0,1518,0.0006557377049180328
Sinic,2014,H_A,A,0,1518,0.0006557377049180328
Sinic,2014,H_A,H_D,60,1518,0.04
Sinic,2014,H_A,H_A,1331,1518,0.8734426229508196
Sinic,2014,H_A,P_D,8,1518,0.005901639344262295
Sinic,2014,H_A,P_A,119,1518,0.07868852459016394
Sinic,2014,H_D,D,0,9100,0.00010980564401010212
Sinic,2014,H_D,A,0,9100,0.00010980564401010212
Sinic,2014,H_D,H_D,7702,9100,0.8458328758098166
Sinic,2014,H_D,H_A,155,9100,0.01712968046557593
Sinic,2014,H_D,P_D,537,9100,0.05907543647743494
Sinic,2014,H_D,P_A,46,9100,0.005160865268474799
Sinic,2014,P_A,D,0,9491,0.0001052853232259423
Sinic,2014,P_A,A,0,9491,0.0001052853232259423
Sinic,2014,P_A,H_D,0,9491,0.0001052853232259423
Sinic,2014,P_A,H_A,0,9491,0.0001052853232259423
Sinic,2014,P_A,P_D,254,9491,0.026847757422615286
Sinic,2014,P_A,P_A,9237,9491,0.972625815961255
Sinic,2014,P_D,D,0,68926,1.4506839975048235e-05
Sinic,2014,P_D,A,0,68926,1.4506839975048235e-05
Sinic,2014,P_D,H_D,0,68926,1.4506839975048235e-05
Sinic,2014,P_D,H_A,0,68926,1.4506839975048235e-05
Sinic,2014,P_D,P_D,64047,68926,0.9291340867218894
Sinic,2014,P_D,P_A,354,68926,0.005149928191142124
Sinic,2015,A,D,46,1718,0.027246376811594204
Sinic,2015,A,A,1470,1718,0.8527536231884058
Sinic,2015,A,H_D,14,1718,0.008695652173913044
Sinic,2015,A,H_A,93,1718,0.05449275362318841
Sinic,2015,A,P_D,19,1718,0.011594202898550725
Sinic,2015,A,P_A,76,1718,0.04463768115942029
Sinic,2015,D,D,29689,34060,0.8715178912143717
Sinic,2015,D,A,154,34060,0.004549857633486952
Sinic,2015,D,H_D,1190,34060,0.03496051897730942
Sinic,2015,D,H_A,121,34060,0.003581178266357472
Sinic,2015,D,P_D,1392,34060,0.04089001086095048
Sinic,2015,D,P_A,68,34060,0.002025420494907095
Sinic,2015,H_A,D,0,1735,0.000574052812858783
Sinic,2015,H_A,A,0,1735,0.000574052812858783
Sinic,2015,H_A,H_D,50,1735,0.029276693455797934
Sinic,2015,H_A,H_A,1552,1735,0.8915040183696901
Sinic,2015,H_A,P_D,11,1735,0.006888633754305396
Sinic,2015,H_A,P_A,122,1735,0.07060849598163031
Sinic,2015,H_D,D,0,10387,9.620935154897056e-05
Sinic,2015,H_D,A,0,10387,9.620935154897056e-05
Sinic,2015,H_D,H_D,8870,10387,0.8534731575909178
Sinic,2015,H_D,H_A,142,10387,0.01375793727150279
Sinic,2015,H_D,P_D,586,10387,0.05647488935924572
Sinic,2015,H_D,P_A,25,10387,0.0025014431402732348
Sinic,2015,P_A,D,0,9983,0.0001001001001001001
Sinic,2015,P_A,A,0,9983,0.0001001001001001001
Sinic,2015,P_A,H_D,0,9983,0.0001001001001001001
Sinic,2015,P_A,H_A,0,9983,0.0001001001001001001
Sinic,2015,P_A,P_D,252,9983,0.025325325325325325
Sinic,2015,P_A,P_A,9731,9983,0.9741741741741742
Sinic,2015,P_D,D,0,68756,1.4542704652211219e-05
Sinic,2015,P_D,A,0,68756,1.4542704652211219e-05
Sinic,2015,P_D,H_D,0,68756,1.4542704652211219e-05
Sinic,2015,P_D,H_A,0,68756,1.4542704652211219e-05
Sinic,2015,P_D,P_D,64318,68756,0.9353722205255733
Sinic,2015,P_D,P_A,333,68756,0.004857263353838547
Sinic,2016,A,D,72,1796,0.040488075429839156
Sinic,2016,A,A,1526,1796,0.8469217970049917
Sinic,2016,A,H_D,6,1796,0.003882418191902385
Sinic,2016,A,H_A,81,1796,0.04547975596228508
Sinic,2016,A,P_D,23,1796,0.013311148086522463
Sinic,2016,A,P_A,88,1796,0.04936217415418746
Sinic,2016,D,D,30667,34914,0.8782108187050772
Sinic,2016,D,A,179,34914,0.005154491566679076
Sinic,2016,D,H_D,1032,34914,0.029581054379886028
Sinic,2016,D,H_A,117,34914,0.0033790555826007274
Sinic,2016,D,P_D,1373,34914,0.039345952292316945
Sinic,2016,D,P_A,57,34914,0.0016608917270410355
Sinic,2016,H_A,D,0,2026,0.0004918839153959665
Sinic,2016,H_A,A,0,2026,0.0004918839153959665
Sinic,2016,H_A,H_D,65,2026,0.03246433841613379
Sinic,2016,H_A,H_A,1790,2026,0.8809640924741761
Sinic,2016,H_A,P_D,13,2026,0.006886374815543532
Sinic,2016,H_A,P_A,158,2026,0.07820954254795869
Sinic,2016,H_D,D,0,12237,8.167265599477295e-05
Sinic,2016,H_D,A,0,12237,8.167265599477295e-05
Sinic,2016,H_D,H_D,10297,12237,0.8410650114341719
Sinic,2016,H_D,H_A,199,12237,0.01633453119895459
Sinic,2016,H_D,P_D,698,12237,0.05708918654034629
Sinic,2016,H_D,P_A,47,12237,0.003920287487749101
Sinic,2016,P_A,D,0,10441,9.571209800918837e-05
Sinic,2016,P_A,A,0,10441,9.571209800918837e-05
Sinic,2016,P_A,H_D,0,10441,9.571209800918837e-05
Sinic,2016,P_A,H_A,0,10441,9.571209800918837e-05
Sinic,2016,P_A,P_D,287,10441,0.027565084226646247
Sinic,2016,P_A,P_A,10154,10441,0.9719563552833078
Sinic,2016,P_D,D,0,68935,1.4504946186649647e-05
Sinic,2016,P_D,A,0,68935,1.4504946186649647e-05
Sinic,2016,P_D,H_D,0,68935,1.4504946186649647e-05
Sinic,2016,P_D,H_A,0,68935,1.4504946186649647e-05
Sinic,2016,P_D,P_D,65031,68935,0.9432856604101999
Sinic,2016,P_D,P_A,348,68935,0.005062226219140727
Sinic,2017,A,D,59,1705,0.035046728971962614
Sinic,2017,A,A,1442,1705,0.842873831775701
Sinic,2017,A,H_D,6,1705,0.0040887850467289715
Sinic,2017,A,H_A,73,1705,0.04322429906542056
Sinic,2017,A,P_D,17,1705,0.010514018691588784
Sinic,2017,A,P_A,108,1705,0.06366822429906542
Sinic,2017,D,D,26742,30739,0.8698042021726403
Sinic,2017,D,A,155,30739,0.005073830742210369
Sinic,2017,D,H_D,849,30739,0.02764587263383855
Sinic,2017,D,H_A,98,30739,0.003219931047941196
Sinic,2017,D,P_D,1392,30739,0.04530670656345541
Sinic,2017,D,P_A,48,30739,0.0015937032459506927
Sinic,2017,H_A,D,0,2187,0.00045578851412944393
Sinic,2017,H_A,A,0,2187,0.00045578851412944393
Sinic,2017,H_A,H_D,80,2187,0.03691886964448496
Sinic,2017,H_A,H_A,1907,2187,0.8696444849589791
Sinic,2017,H_A,P_D,20,2187,0.009571558796718322
Sinic,2017,H_A,P_A,180,2187,0.08249772105742935
Sinic,2017,H_D,D,0,11400,8.766546857192952e-05
Sinic,2017,H_D,A,0,11400,8.766546857192952e-05
Sinic,2017,H_D,H_D,9480,11400,0.8311563075304638
Sinic,2017,H_D,H_A,207,11400,0.01823441746296134
Sinic,2017,H_D,P_D,711,11400,0.062417813623213816
Sinic,2017,H_D,P_A,35,11400,0.0031559568685894626
Sinic,2017,P_A,D,0,10852,9.208951100469657e-05
Sinic,2017,P_A,A,0,10852,9.208951100469657e-05
Sinic,2017,P_A,H_D,0,10852,9.208951100469657e-05
Sinic,2017,P_A,H_A,0,10852,9.208951100469657e-05
Sinic,2017,P_A,P_D,366,10852,0.03379685053872364
Sinic,2017,P_A,P_A,10486,10852,0.9657427019062529
Sinic,2017,P_D,D,0,67425,1.4829754419266817e-05
Sinic,2017,P_D,A,0,67425,1.4829754419266817e-05
Sinic,2017,P_D,H_D,0,67425,1.4829754419266817e-05
Sinic,2017,P_D,H_A,0,67425,1.4829754419266817e-05
Sinic,2017,P_D,P_D,63499,67425,0.9416894056234428
Sinic,2017,P_D,P_A,316,67425,0.004701032150907581
Sinic,2018,A,D,97,1597,0.06109725685785536
Sinic,2018,A,A,1270,1597,0.7923940149625935
Sinic,2018,A,H_D,11,1597,0.007481296758104738
Sinic,2018,A,H_A,73,1597,0.046134663341645885
Sinic,2018,A,P_D,28,1597,0.01807980049875312
Sinic,2018,A,P_A,118,1597,0.07418952618453865
Sinic,2018,D,D,22775,26801,0.8495971351835273
Sinic,2018,D,A,169,26801,0.006341390629662787
Sinic,2018,D,H_D,727,26801,0.027156072814085348
Sinic,2018,D,H_A,91,26801,0.0034318113995822144
Sinic,2018,D,P_D,1592,26801,0.05942256042972247
Sinic,2018,D,P_A,44,26801,0.0016786034019695612
Sinic,2018,H_A,D,0,2285,0.0004363001745200698
Sinic,2018,H_A,A,0,2285,0.0004363001745200698
Sinic,2018,H_A,H_D,116,2285,0.051047120418848166
Sinic,2018,H_A,H_A,1915,2285,0.8359511343804538
Sinic,2018,H_A,P_D,22,2285,0.010034904013961605
Sinic,2018,H_A,P_A,232,2285,0.10165794066317627
Sinic,2018,H_D,D,0,10415,9.595087315294569e-05
Sinic,2018,H_D,A,0,10415,9.595087315294569e-05
Sinic,2018,H_D,H_D,8499,10415,0.8155824218000384
Sinic,2018,H_D,H_A,199,10415,0.019190174630589137
Sinic,2018,H_D,P_D,785,10415,0.07541738629821532
Sinic,2018,H_D,P_A,33,10415,0.0032623296872001536
Sinic,2018,P_A,D,0,11173,8.944543828264758e-05
Sinic,2018,P_A,A,0,11173,8.944543828264758e-05
Sinic,2018,P_A,H_D,0,11173,8.944543828264758e-05
Sinic,2018,P_A,H_A,0,11173,8.944543828264758e-05
Sinic,2018,P_A,P_D,517,11173,0.04633273703041145
Sinic,2018,P_A,P_A,10656,11173,0.9532200357781753
Sinic,2018,P_D,D,0,66005,1.5148760831363995e-05
Sinic,2018,P_D,A,0,66005,1.5148760831363995e-05
Sinic,2018,P_D,H_D,0,66005,1.5148760831363995e-05
Sinic,2018,P_D,H_A,0,66005,1.5148760831363995e-05
Sinic,2018,P_D,P_D,61483,66005,0.9314064109555839
Sinic,2018,P_D,P_A,282,66005,0.00428709931527601
Sinic,2019,A,D,0,1439,0.0006915629322268327
Sinic,2019,A,A,1205,1439,0.8340248962655602
Sinic,2019,A,H_D,0,1439,0.0006915629322268327
Sinic,2019,A,H_A,104,1439,0.07261410788381743
Sinic,2019,A,P_D,0,1439,0.0006915629322268327
Sinic,2019,A,P_A,130,1439,0.09059474412171507
Sinic,2019,D,D,18882,22872,0.825342016696534
Sinic,2019,D,A,137,22872,0.006031732156125705
Sinic,2019,D,H_D,617,22872,0.027011670090475982
Sinic,2019,D,H_A,69,22872,0.0030595742820927487
Sinic,2019,D,P_D,1506,22872,0.0658682634730539
Sinic,2019,D,P_A,46,22872,0.0020542855894051314
Sinic,2019,H_A,D,0,2278,0.000437636761487965
Sinic,2019,H_A,A,0,2278,0.000437636761487965
Sinic,2019,H_A,H_D,0,2278,0.000437636761487965
Sinic,2019,H_A,H_A,2001,2278,0.8761487964989059
Sinic,2019,H_A,P_D,0,2278,0.000437636761487965
Sinic,2019,H_A,P_A,277,2278,0.12166301969365427
Sinic,2019,H_D,D,0,9353,0.00010683760683760684
Sinic,2019,H_D,A,0,9353,0.00010683760683760684
Sinic,2019,H_D,H_D,7420,9353,0.7928418803418803
Sinic,2019,H_D,H_A,158,9353,0.016987179487179486
Sinic,2019,H_D,P_D,806,9353,0.08621794871794872
Sinic,2019,H_D,P_A,32,9353,0.0035256410256410257
Sinic,2019,P_A,D,0,11365,8.793527963418924e-05
Sinic,2019,P_A,A,0,11365,8.793527963418924e-05
Sinic,2019,P_A,H_D,0,11365,8.793527963418924e-05
Sinic,2019,P_A,H_A,0,11365,8.793527963418924e-05
Sinic,2019,P_A,P_D,0,11365,8.793527963418924e-05
Sinic,2019,P_A,P_A,11365,11365,0.9994723883221949
Sinic,2019,P_D,D,0,64427,1.5519756650215724e-05
Sinic,2019,P_D,A,0,64427,1.5519756650215724e-05
Sinic,2019,P_D,H_D,0,64427,1.5519756650215724e-05
Sinic,2019,P_D,H_A,0,64427,1.5519756650215724e-05
Sinic,2019,P_D,P_D,58691,64427,0.9108855573144613
Sinic,2019,P_D,P_A,227,64427,0.0035385045162491854
Sinic,2020,A,D,899,1342,0.6671608598962194
Sinic,2020,A,A,263,1342,0.19570051890289103
Sinic,2020,A,H_D,39,1342,0.029651593773165306
Sinic,2020,A,H_A,37,1342,0.028169014084507043
Sinic,2020,A,P_D,77,1342,0.05782060785767235
Sinic,2020,A,P_A,27,1342,0.020756115641215715
Sinic,2020,D,D,16682,18882,0.8832124516914607
Sinic,2020,D,A,102,18882,0.005452909100534703
Sinic,2020,D,H_D,423,18882,0.022446926782783632
Sinic,2020,D,H_A,38,18882,0.0020646937370956643
Sinic,2020,D,P_D,1609,18882,0.08523479273651331
Sinic,2020,D,P_A,28,18882,0.0015352850865583143
Sinic,2020,H_A,D,0,2332,0.00042753313381787086
Sinic,2020,H_A,A,0,2332,0.00042753313381787086
Sinic,2020,H_A,H_D,1405,2332,0.6011115861479265
Sinic,2020,H_A,H_A,657,2332,0.28131680205215903
Sinic,2020,H_A,P_D,173,2332,0.07439076528430953
Sinic,2020,H_A,P_A,97,2332,0.04189824711415135
Sinic,2020,H_D,D,0,8037,0.00012431626056688214
Sinic,2020,H_D,A,0,8037,0.00012431626056688214
Sinic,2020,H_D,H_D,7123,8037,0.8856290402784684
Sinic,2020,H_D,H_A,113,8037,0.014172053704624566
Sinic,2020,H_D,P_D,781,8037,0.09721531576330183
Sinic,2020,H_D,P_A,20,8037,0.002610641471904525
Sinic,2020,P_A,D,0,12077,8.275405494869249e-05
Sinic,2020,P_A,A,0,12077,8.275405494869249e-05
Sinic,2020,P_A,H_D,0,12077,8.275405494869249e-05
Sinic,2020,P_A,H_A,0,12077,8.275405494869249e-05
Sinic,2020,P_A,P_D,9672,12077,0.8004799735187024
Sinic,2020,P_A,P_A,2405,12077,0.19910625620655412
Sinic,2020,P_D,D,0,61003,1.63907556138338e-05
Sinic,2020,P_D,A,0,61003,1.63907556138338e-05
Sinic,2020,P_D,H_D,0,61003,1.63907556138338e-05
Sinic,2020,P_D,H_A,0,61003,1.63907556138338e-05
Sinic,2020,P_D,P_D,60839,61003,0.9972135715456483
Sinic,2020,P_D,P_A,164,61003,0.0027044746762825765
Sinic,2021,A,D,24,365,0.06720430107526881
Sinic,2021,A,A,283,365,0.7634408602150538
Sinic,2021,A,H_D,3,365,0.010752688172043012
Sinic,2021,A,H_A,14,365,0.04032258064516129
Sinic,2021,A,P_D,4,365,0.013440860215053764
Sinic,2021,A,P_A,37,365,0.10215053763440861
Sinic,2021,D,D,15452,17581,0.8786104161928587
Sinic,2021,D,A,45,17581,0.0026154196042756424
Sinic,2021,D,H_D,357,17581,0.020354787355014784
Sinic,2021,D,H_A,16,17581,0.000966568114623607
Sinic,2021,D,P_D,1698,17581,0.09659995451444167
Sinic,2021,D,P_A,13,17581,0.0007959972708664999
Sinic,2021,H_A,D,0,845,0.0011737089201877935
Sinic,2021,H_A,A,0,845,0.0011737089201877935
Sinic,2021,H_A,H_D,53,845,0.06338028169014084
Sinic,2021,H_A,H_A,709,845,0.8333333333333334
Sinic,2021,H_A,P_D,4,845,0.005868544600938967
Sinic,2021,H_A,P_A,79,845,0.09389671361502347
Sinic,2021,H_D,D,0,8990,0.00011114816049794375
Sinic,2021,H_D,A,0,8990,0.00011114816049794375
Sinic,2021,H_D,H_D,7951,8990,0.8838501722796488
Sinic,2021,H_D,H_A,51,8990,0.0057797043458930756
Sinic,2021,H_D,P_D,978,8990,0.10881404912748693
Sinic,2021,H_D,P_A,10,8990,0.0012226297654773814
Sinic,2021,P_A,D,0,2741,0.000363901018922853
Sinic,2021,P_A,A,0,2741,0.000363901018922853
Sinic,2021,P_A,H_D,0,2741,0.000363901018922853
Sinic,2021,P_A,H_A,0,2741,0.000363901018922853
Sinic,2021,P_A,P_D,106,2741,0.03893740902474527
Sinic,2021,P_A,P_A,2635,2741,0.9592430858806404
Sinic,2021,P_D,D,0,73151,1.3669045080510675e-05
Sinic,2021,P_D,A,0,73151,1.3669045080510675e-05
Sinic,2021,P_D,H_D,0,73151,1.3669045080510675e-05
Sinic,2021,P_D,H_A,0,73151,1.3669045080510675e-05
Sinic,2021,P_D,P_D,73068,73151,0.9987834549878345
Sinic,2021,P_D,P_A,83,73151,0.0011481997867628967
Sinic,2022,A,D,17,328,0.05373134328358209
Sinic,2022,A,A,262,328,0.7850746268656716
Sinic,2022,A,H_D,2,328,0.008955223880597015
Sinic,2022,A,H_A,16,328,0.050746268656716415
Sinic,2022,A,P_D,4,328,0.014925373134328358
Sinic,2022,A,P_A,27,328,0.08358208955223881
Sinic,2022,D,D,13389,15476,0.8648194794290512
Sinic,2022,D,A,13,15476,0.0009042175289026675
Sinic,2022,D,H_D,280,15476,0.01814893754440354
Sinic,2022,D,H_A,0,15476,6.458696635019054e-05
Sinic,2022,D,P_D,1793,15476,0.11586901763224182
Sinic,2022,D,P_A,1,15476,0.00012917393270038107
Sinic,2022,H_A,D,0,790,0.0012547051442910915
Sinic,2022,H_A,A,0,790,0.0012547051442910915
Sinic,2022,H_A,H_D,29,790,0.037641154328732745
Sinic,2022,H_A,H_A,684,790,0.8594730238393977
Sinic,2022,H_A,P_D,9,790,0.012547051442910916
Sinic,2022,H_A,P_A,68,790,0.08657465495608532
Sinic,2022,H_D,D,0,8364,0.00011946004061641381
Sinic,2022,H_D,A,0,8364,0.00011946004061641381
Sinic,2022,H_D,H_D,7455,8364,0.8906940628359814
Sinic,2022,H_D,H_A,4,8364,0.000597300203082069
Sinic,2022,H_D,P_D,900,8364,0.10763349659538884
Sinic,2022,H_D,P_A,5,8364,0.0007167602436984828
Sinic,2022,P_A,D,0,2857,0.00034916201117318437
Sinic,2022,P_A,A,0,2857,0.00034916201117318437
Sinic,2022,P_A,H_D,0,2857,0.00034916201117318437
Sinic,2022,P_A,H_A,0,2857,0.00034916201117318437
Sinic,2022,P_A,P_D,231,2857,0.08100558659217877
Sinic,2022,P_A,P_A,2626,2857,0.9172486033519553
Sinic,2022,P_D,D,0,75858,1.3181308903974165e-05
Sinic,2022,P_D,A,0,75858,1.3181308903974165e-05
Sinic,2022,P_D,H_D,0,75858,1.3181308903974165e-05
Sinic,2022,P_D,H_A,0,75858,1.3181308903974165e-05
Sinic,2022,P_D,P_D,75747,75858,0.998457786858235
Sinic,2022,P_D,P_A,111,75858,0.0014763065972451064
Sinic,2023,A,D,0,275,0.0035460992907801418
Sinic,2023,A,A,0,275,0.0035460992907801418
Sinic,2023,A,H_D,0,275,0.0035460992907801418
Sinic,2023,A,H_A,0,275,0.0035460992907801418
Sinic,2023,A,P_D,0,275,0.0035460992907801418
Sinic,2023,A,P_A,0,275,0.0035460992907801418
Sinic,2023,D,D,0,13406,7.455453664355477e-05
Sinic,2023,D,A,0,13406,7.455453664355477e-05
Sinic,2023,D,H_D,0,13406,7.455453664355477e-05
Sinic,2023,D,H_A,0,13406,7.455453664355477e-05
Sinic,2023,D,P_D,0,13406,7.455453664355477e-05
Sinic,2023,D,P_A,0,13406,7.455453664355477e-05
Sinic,2023,H_A,D,0,704,0.0014064697609001407
Sinic,2023,H_A,A,0,704,0.0014064697609001407
Sinic,2023,H_A,H_D,0,704,0.0014064697609001407
Sinic,2023,H_A,H_A,0,704,0.0014064697609001407
Sinic,2023,H_A,P_D,0,704,0.0014064697609001407
Sinic,2023,H_A,P_A,0,704,0.0014064697609001407
Sinic,2023,H_D,D,0,7766,0.00012865045670912132
Sinic,2023,H_D,A,0,7766,0.00012865045670912132
Sinic,2023,H_D,H_D,0,7766,0.00012865045670912132
Sinic,2023,H_D,H_A,0,7766,0.00012865045670912132
Sinic,2023,H_D,P_D,0,7766,0.00012865045670912132
Sinic,2023,H_D,P_A,0,7766,0.00012865045670912132
Sinic,2023,P_A,D,0,2838,0.000351493848857645
Sinic,2023,P_A,A,0,2838,0.000351493848857645
Sinic,2023,P_A,H_D,0,2838,0.000351493848857645
Sinic,2023,P_A,H_A,0,2838,0.000351493848857645
Sinic,2023,P_A,P_D,0,2838,0.000351493848857645
Sinic,2023,P_A,P_A,0,2838,0.000351493848857645
Sinic,2023,P_D,D,0,78684,1.2707933562923332e-05
Sinic,2023,P_D,A,0,78684,1.2707933562923332e-05
Sinic,2023,P_D,H_D,0,78684,1.2707933562923332e-05
Sinic,2023,P_D,H_A,0,78684,1.2707933562923332e-05
Sinic,2023,P_D,P_D,0,78684,1.2707933562923332e-05
Sinic,2023,P_D,P_A,0,78684,1.2707933562923332e-05
United States,2000,A,D,3,184,0.020942408376963352
United States,2000,A,A,143,184,0.7539267015706806
United States,2000,A,H_D,0,184,0.005235602094240838
United States,2000,A,H_A,18,184,0.09947643979057591
United States,2000,A,P_D,0,184,0.005235602094240838
United States,2000,A,P_A,20,184,0.1099476439790576
United States,2000,D,D,2516,3198,0.7853354134165367
United States,2000,D,A,29,3198,0.0093603744149766
United States,2000,D,H_D,180,3198,0.056474258970358814
United States,2000,D,H_A,5,3198,0.00187207488299532
United States,2000,D,P_D,361,3198,0.11294851794071763
United States,2000,D,P_A,24,3198,0.0078003120124804995
United States,2000,H_A,D,0,164,0.005847953216374269
United States,2000,H_A,A,0,164,0.005847953216374269
United States,2000,H_A,H_D,3,164,0.023391812865497075
United States,2000,H_A,H_A,125,164,0.7368421052631579
United States,2000,H_A,P_D,1,164,0.011695906432748537
United States,2000,H_A,P_A,35,164,0.21052631578947367
United States,2000,H_D,D,0,2212,0.0004506534474988734
United States,2000,H_D,A,0,2212,0.0004506534474988734
United States,2000,H_D,H_D,1783,2212,0.8039657503379901
United States,2000,H_D,H_A,34,2212,0.015772870662460567
United States,2000,H_D,P_D,310,2212,0.14015322217214962
United States,2000,H_D,P_A,21,2212,0.009914375844975214
United States,2000,P_A,D,0,406,0.002421307506053269
United States,2000,P_A,A,0,406,0.002421307506053269
United States,2000,P_A,H_D,0,406,0.002421307506053269
United States,2000,P_A,H_A,0,406,0.002421307506053269
United States,2000,P_A,P_D,6,406,0.01694915254237288
United States,2000,P_A,P_A,400,406,0.9709443099273608
United States,2000,P_D,D,0,5387,0.0001853911753800519
United States,2000,P_D,A,0,5387,0.0001853911753800519
United States,2000,P_D,H_D,0,5387,0.0001853911753800519
United States,2000,P_D,H_A,0,5387,0.0001853911753800519
United States,2000,P_D,P_D,5059,5387,0.9380793474230626
United States,2000,P_D,P_A,154,5387,0.028735632183908046
United States,2001,A,D,4,291,0.016778523489932886
United States,2001,A,A,220,291,0.7416107382550335
United States,2001,A,H_D,2,291,0.010067114093959731
United States,2001,A,H_A,23,291,0.08053691275167785
United States,2001,A,P_D,3,291,0.013422818791946308
United States,2001,A,P_A,39,291,0.1342281879194631
United States,2001,D,D,3648,4932,0.7388135250050617
United States,2001,D,A,57,4932,0.011743267867989472
United States,2001,D,H_D,345,4932,0.07005466693662685
United States,2001,D,H_A,26,4932,0.005466693662684754
United States,2001,D,P_D,675,4932,0.13686981170277385
United States,2001,D,P_A,66,4932,0.01356549908888439
United States,2001,H_A,D,0,266,0.003663003663003663
United States,2001,H_A,A,0,266,0.003663003663003663
United States,2001,H_A,H_D,7,266,0.029304029304029304
United States,2001,H_A,H_A,193,266,0.7106227106227107
United States,2001,H_A,P_D,2,266,0.01098901098901099
United States,2001,H_A,P_A,64,266,0.23809523809523808
United States,2001,H_D,D,0,3601,0.0002771618625277162
United States,2001,H_D,A,0,3601,0.0002771618625277162
United States,2001,H_D,H_D,2695,3601,0.7472283813747228
United States,2001,H_D,H_A,68,3601,0.019124168514412416
United States,2001,H_D,P_D,632,3601,0.17544345898004435
United States,2001,H_D,P_A,67,3601,0.018847006651884702
United States,2001,P_A,D,0,872,0.0011376564277588168
United States,2001,P_A,A,0,872,0.0011376564277588168
United States,2001,P_A,H_D,0,872,0.0011376564277588168
United States,2001,P_A,H_A,0,872,0.0011376564277588168
United States,2001,P_A,P_D,29,872,0.034129692832764506
United States,2001,P_A,P_A,843,872,0.9601820250284414
United States,2001,P_D,D,0,9247,0.0001080613788631943
United States,2001,P_D,A,0,9247,0.0001080613788631943
United States,2001,P_D,H_D,0,9247,0.0001080613788631943
United States,2001,P_D,H_A,0,9247,0.0001080613788631943
United States,2001,P_D,P_D,8529,9247,0.9217635617030473
United States,2001,P_D,P_A,425,9247,0.046034147395720766
United States,2002,A,D,18,487,0.038461538461538464
United States,2002,A,A,364,487,0.7388663967611336
United States,2002,A,H_D,13,487,0.02834008097165992
United States,2002,A,H_A,40,487,0.08299595141700405
United States,2002,A,P_D,7,487,0.016194331983805668
United States,2002,A,P_A,45,487,0.0931174089068826
United States,2002,D,D,6874,8911,0.7709127607086791
United States,2002,D,A,85,8911,0.009643417806683112
United States,2002,D,H_D,434,8911,0.048777752859385515
United States,2002,D,H_A,21,8911,0.002466920834267773
United States,2002,D,P_D,754,8911,0.08466023772146221
United States,2002,D,P_A,79,8911,0.008970621215519175
United States,2002,H_A,D,0,393,0.0025
United States,2002,H_A,A,0,393,0.0025
United States,2002,H_A,H_D,14,393,0.0375
United States,2002,H_A,H_A,317,393,0.795
United States,2002,H_A,P_D,4,393,0.0125
United States,2002,H_A,P_A,58,393,0.1475
United States,2002,H_D,D,0,5039,0.00019817677368212446
United States,2002,H_D,A,0,5039,0.00019817677368212446
United States,2002,H_D,H_D,3903,5039,0.7736821244550138
United States,2002,H_D,H_A,90,5039,0.018034086405073327
United States,2002,H_D,P_D,582,5039,0.11553705905667856
United States,2002,H_D,P_A,50,5039,0.010107015457788348
United States,2002,P_A,D,0,1894,0.0005260389268805891
United States,2002,P_A,A,0,1894,0.0005260389268805891
United States,2002,P_A,H_D,0,1894,0.0005260389268805891
United States,2002,P_A,H_A,0,1894,0.0005260389268805891
United States,2002,P_A,P_D,61,1894,0.03261441346659653
United States,2002,P_A,P_A,1833,1894,0.9647553918990005
United States,2002,P_D,D,0,16283,6.138735420503377e-05
United States,2002,P_D,A,0,16283,6.138735420503377e-05
United States,2002,P_D,H_D,0,16283,6.138735420503377e-05
United States,2002,P_D,H_A,0,16283,6.138735420503377e-05
United States,2002,P_D,P_D,14518,16283,0.8912829957028852
United States,2002,P_D,P_A,426,16283,0.026212400245549418
United States,2003,A,D,11,583,0.020338983050847456
United States,2003,A,A,485,583,0.823728813559322
United States,2003,A,H_D,6,583,0.011864406779661017
United States,2003,A,H_A,27,583,0.04745762711864407
United States,2003,A,P_D,3,583,0.006779661016949152
United States,2003,A,P_A,51,583,0.08813559322033898
United States,2003,D,D,8324,10260,0.810850297068277
United States,2003,D,A,81,10260,0.007986753676828674
United States,2003,D,H_D,481,10260,0.04694652771013928
United States,2003,D,H_A,40,10260,0.003993376838414337
United States,2003,D,P_D,640,10260,0.06243303788838025
United States,2003,D,P_A,98,10260,0.009642544073244375
United States,2003,H_A,D,0,529,0.0018656716417910447
United States,2003,H_A,A,0,529,0.0018656716417910447
United States,2003,H_A,H_D,17,529,0.033582089552238806
United States,2003,H_A,H_A,432,529,0.8078358208955224
United States,2003,H_A,P_D,1,529,0.0037313432835820895
United States,2003,H_A,P_A,79,529,0.14925373134328357
United States,2003,H_D,D,0,5952,0.0001678133915086424
United States,2003,H_D,A,0,5952,0.0001678133915086424
United States,2003,H_D,H_D,4783,5952,0.8028192649773452
United States,2003,H_D,H_A,96,5952,0.01627789897633831
United States,2003,H_D,P_D,583,5952,0.09800302064104716
United States,2003,H_D,P_A,63,5952,0.010740057056553114
United States,2003,P_A,D,0,2635,0.0003785011355034065
United States,2003,P_A,A,0,2635,0.0003785011355034065
United States,2003,P_A,H_D,0,2635,0.0003785011355034065
United States,2003,P_A,H_A,0,2635,0.0003785011355034065
United States,2003,P_A,P_D,54,2635,0.020817562452687358
United States,2003,P_A,P_A,2581,2635,0.9772899318697956
United States,2003,P_D,D,0,19234,5.1972350709422586e-05
United States,2003,P_D,A,0,19234,5.1972350709422586e-05
United States,2003,P_D,H_D,0,19234,5.1972350709422586e-05
United States,2003,P_D,H_A,0,19234,5.1972350709422586e-05
United States,2003,P_D,P_D,17211,19234,0.8945481004105815
United States,2003,P_D,P_A,460,19234,0.023959253677043813
United States,2004,A,D,12,673,0.01911764705882353
United States,2004,A,A,552,673,0.8132352941176471
United States,2004,A,H_D,3,673,0.0058823529411764705
United States,2004,A,H_A,36,673,0.054411764705882354
United States,2004,A,P_D,11,673,0.01764705882352941
United States,2004,A,P_A,59,673,0.08823529411764706
United States,2004,D,D,9213,11319,0.8135263994349284
United States,2004,D,A,118,11319,0.010506798516687269
United States,2004,D,H_D,514,11319,0.04547059862263818
United States,2004,D,H_A,50,11319,0.00450291365000883
United States,2004,D,P_D,875,11319,0.07734416387073989
United States,2004,D,P_A,120,11319,0.010683383365707223
United States,2004,H_A,D,0,650,0.0015220700152207
United States,2004,H_A,A,0,650,0.0015220700152207
United States,2004,H_A,H_D,28,650,0.0441400304414003
United States,2004,H_A,H_A,535,650,0.8158295281582952
United States,2004,H_A,P_D,6,650,0.0106544901065449
United States,2004,H_A,P_A,81,650,0.1248097412480974
United States,2004,H_D,D,0,6828,0.0001463057790782736
United States,2004,H_D,A,0,6828,0.0001463057790782736
United States,2004,H_D,H_D,5511,6828,0.806437454279444
United States,2004,H_D,H_A,136,6828,0.020043891733723482
United States,2004,H_D,P_D,712,6828,0.10431602048280907
United States,2004,H_D,P_A,82,6828,0.012143379663496708
United States,2004,P_A,D,0,3455,0.00028885037550548814
United States,2004,P_A,A,0,3455,0.00028885037550548814
United States,2004,P_A,H_D,0,3455,0.00028885037550548814
United States,2004,P_A,H_A,0,3455,0.00028885037550548814
United States,2004,P_A,P_D,118,3455,0.03437319468515309
United States,2004,P_A,P_A,3337,3455,0.9641825534373195
United States,2004,P_D,D,0,21180,4.7198753952895644e-05
United States,2004,P_D,A,0,21180,4.7198753952895644e-05
United States,2004,P_D,H_D,0,21180,4.7198753952895644e-05
United States,2004,P_D,H_A,0,21180,4.7198753952895644e-05
United States,2004,P_D,P_D,19460,21180,0.9185349506773021
United States,2004,P_D,P_A,690,21180,0.03261433898145089
United States,2005,A,D,21,791,0.02756892230576441
United States,2005,A,A,636,791,0.7982456140350878
United States,2005,A,H_D,9,791,0.012531328320802004
United States,2005,A,H_A,43,791,0.05513784461152882
United States,2005,A,P_D,14,791,0.018796992481203006
United States,2005,A,P_A,68,791,0.08646616541353383
United States,2005,D,D,9961,12382,0.8041004116555008
United States,2005,D,A,156,12382,0.012672532084914036
United States,2005,D,H_D,554,12382,0.04479780450399548
United States,2005,D,H_A,47,12382,0.0038744047138590683
United States,2005,D,P_D,844,12382,0.06820566631689402
United States,2005,D,P_A,119,12382,0.009686011784647671
United States,2005,H_A,D,0,841,0.0011792452830188679
United States,2005,H_A,A,0,841,0.0011792452830188679
United States,2005,H_A,H_D,25,841,0.030660377358490566
United States,2005,H_A,H_A,682,841,0.8054245283018868
United States,2005,H_A,P_D,13,841,0.01650943396226415
United States,2005,H_A,P_A,121,841,0.14386792452830188
United States,2005,H_D,D,0,7684,0.0001300221037576388
United States,2005,H_D,A,0,7684,0.0001300221037576388
United States,2005,H_D,H_D,6180,7684,0.8036666233259654
United States,2005,H_D,H_A,131,7684,0.01716291769600832
United States,2005,H_D,P_D,733,7684,0.09543622415810687
United States,2005,H_D,P_A,106,7684,0.013912365102067352
United States,2005,P_A,D,0,4512,0.0002212878955521133
United States,2005,P_A,A,0,4512,0.0002212878955521133
United States,2005,P_A,H_D,0,4512,0.0002212878955521133
United States,2005,P_A,H_A,0,4512,0.0002212878955521133
United States,2005,P_A,P_D,118,4512,0.026333259570701484
United States,2005,P_A,P_A,4394,4512,0.972560300951538
United States,2005,P_D,D,0,24084,4.15092773234818e-05
United States,2005,P_D,A,0,24084,4.15092773234818e-05
United States,2005,P_D,H_D,0,24084,4.15092773234818e-05
United States,2005,P_D,H_A,0,24084,4.15092773234818e-05
United States,2005,P_D,P_D,21518,24084,0.8932381387240048
United States,2005,P_D,P_A,604,24084,0.02511311278070649
United States,2006,A,D,27,933,0.029787234042553193
United States,2006,A,A,763,933,0.8127659574468085
United States,2006,A,H_D,10,933,0.011702127659574468
United States,2006,A,H_A,50,933,0.05425531914893617
United States,2006,A,P_D,11,933,0.01276595744680851
United States,2006,A,P_A,72,933,0.07765957446808511
United States,2006,D,D,10918,13218,0.825633270321361
United States,2006,D,A,117,13218,0.008922495274102079
United States,2006,D,H_D,607,13218,0.045973534971644615
United States,2006,D,H_A,50,13218,0.0038563327032136107
United States,2006,D,P_D,810,13218,0.06132325141776938
United States,2006,D,P_A,124,13218,0.00945179584120983
United States,2006,H_A,D,0,981,0.0010121457489878543
United States,2006,H_A,A,0,981,0.0010121457489878543
United States,2006,H_A,H_D,25,981,0.02631578947368421
United States,2006,H_A,H_A,812,981,0.8228744939271255
United States,2006,H_A,P_D,11,981,0.012145748987854251
United States,2006,H_A,P_A,133,981,0.13562753036437247
United States,2006,H_D,D,0,8291,0.00012051096649795132
United States,2006,H_D,A,0,8291,0.00012051096649795132
United States,2006,H_D,H_D,6782,8291,0.8174258857556037
United States,2006,H_D,H_A,119,8291,0.014461315979754157
United States,2006,H_D,P_D,692,8291,0.08351409978308026
United States,2006,H_D,P_A,97,8291,0.011810074716799228
United States,2006,P_A,D,0,5554,0.0001798237727027513
United States,2006,P_A,A,0,5554,0.0001798237727027513
United States,2006,P_A,H_D,0,5554,0.0001798237727027513
United States,2006,P_A,H_A,0,5554,0.0001798237727027513
United States,2006,P_A,P_D,129,5554,0.02337709045135767
United States,2006,P_A,P_A,5425,5554,0.9757237906851286
United States,2006,P_D,D,0,25909,3.8586201574317025e-05
United States,2006,P_D,A,0,25909,3.8586201574317025e-05
United States,2006,P_D,H_D,0,25909,3.8586201574317025e-05
United States,2006,P_D,H_A,0,25909,3.8586201574317025e-05
United States,2006,P_D,P_D,23621,25909,0.9114832535885168
United States,2006,P_D,P_A,560,25909,0.02164685908319185
United States,2007,A,D,20,1018,0.02048780487804878
United States,2007,A,A,855,1018,0.8351219512195122
United States,2007,A,H_D,4,1018,0.004878048780487805
United States,2007,A,H_A,55,1018,0.054634146341463415
United States,2007,A,P_D,11,1018,0.011707317073170732
United States,2007,A,P_A,73,1018,0.0721951219512195
United States,2007,D,D,11395,13726,0.829825966649676
United States,2007,D,A,102,13726,0.007500182043253477
United States,2007,D,H_D,673,13726,0.04907886113740625
United States,2007,D,H_A,60,13726,0.004441855384839438
United States,2007,D,P_D,745,13726,0.0543217068375446
United States,2007,D,P_A,121,13726,0.008883710769678876
United States,2007,H_A,D,0,1101,0.0009025270758122744
United States,2007,H_A,A,0,1101,0.0009025270758122744
United States,2007,H_A,H_D,38,1101,0.0351985559566787
United States,2007,H_A,H_A,900,1101,0.8131768953068592
United States,2007,H_A,P_D,14,1101,0.013537906137184115
United States,2007,H_A,P_A,149,1101,0.13537906137184116
United States,2007,H_D,D,0,8993,0.00011111111111111112
United States,2007,H_D,A,0,8993,0.00011111111111111112
United States,2007,H_D,H_D,7401,8993,0.8224444444444444
United States,2007,H_D,H_A,136,8993,0.015222222222222222
United States,2007,H_D,P_D,737,8993,0.082
United States,2007,H_D,P_A,92,8993,0.010333333333333333
United States,2007,P_A,D,0,6543,0.00015267175572519084
United States,2007,P_A,A,0,6543,0.00015267175572519084
United States,2007,P_A,H_D,0,6543,0.00015267175572519084
United States,2007,P_A,H_A,0,6543,0.00015267175572519084
United States,2007,P_A,P_D,142,6543,0.02183206106870229
United States,2007,P_A,P_A,6401,6543,0.9774045801526717
United States,2007,P_D,D,0,27577,3.625290023201856e-05
United States,2007,P_D,A,0,27577,3.625290023201856e-05
United States,2007,P_D,H_D,0,27577,3.625290023201856e-05
United States,2007,P_D,H_A,0,27577,3.625290023201856e-05
United States,2007,P_D,P_D,25220,27577,0.9143343967517401
United States,2007,P_D,P_A,541,27577,0.01964907192575406
United States,2008,A,D,31,1091,0.029143897996357013
United States,2008,A,A,928,1091,0.8460837887067395
United States,2008,A,H_D,7,1091,0.007285974499089253
United States,2008,A,H_A,47,1091,0.04371584699453552
United States,2008,A,P_D,7,1091,0.007285974499089253
United States,2008,A,P_A,71,1091,0.06557377049180328
United States,2008,D,D,11859,13993,0.8471428571428572
United States,2008,D,A,105,13993,0.007571428571428572
United States,2008,D,H_D,570,13993,0.040785714285714286
United States,2008,D,H_A,44,13993,0.0032142857142857142
United States,2008,D,P_D,730,13993,0.05221428571428571
United States,2008,D,P_A,102,13993,0.007357142857142857
United States,2008,H_A,D,0,1241,0.0008012820512820513
United States,2008,H_A,A,0,1241,0.0008012820512820513
United States,2008,H_A,H_D,55,1241,0.04487179487179487
United States,2008,H_A,H_A,1027,1241,0.8237179487179487
United States,2008,H_A,P_D,6,1241,0.005608974358974359
United States,2008,H_A,P_A,153,1241,0.1233974358974359
United States,2008,H_D,D,0,9678,0.00010325245224574084
United States,2008,H_D,A,0,9678,0.00010325245224574084
United States,2008,H_D,H_D,8107,9678,0.8371708828084667
United States,2008,H_D,H_A,117,9678,0.012183789364997418
United States,2008,H_D,P_D,698,9678,0.07217346411977285
United States,2008,H_D,P_A,97,9678,0.010118740320082602
United States,2008,P_A,D,0,7510,0.00013303179459890914
United States,2008,P_A,A,0,7510,0.00013303179459890914
United States,2008,P_A,H_D,0,7510,0.00013303179459890914
United States,2008,P_A,H_A,0,7510,0.00013303179459890914
United States,2008,P_A,P_D,201,7510,0.026872422508979647
United States,2008,P_A,P_A,7309,7510,0.9724624185180258
United States,2008,P_D,D,0,29051,3.441393075917131e-05
United States,2008,P_D,A,0,29051,3.441393075917131e-05
United States,2008,P_D,H_D,0,29051,3.441393075917131e-05
United States,2008,P_D,H_A,0,29051,3.441393075917131e-05
United States,2008,P_D,P_D,26757,29051,0.920847959253906
United States,2008,P_D,P_A,412,29051,0.014212953403537752
United States,2009,A,D,20,1182,0.017661900756938603
United States,2009,A,A,1009,1182,0.8494533221194281
United States,2009,A,H_D,6,1182,0.005887300252312868
United States,2009,A,H_A,53,1182,0.045416316232127836
United States,2009,A,P_D,17,1182,0.015138772077375946
United States,2009,A,P_A,77,1182,0.0656013456686291
United States,2009,D,D,12265,14590,0.8403096526683566
United States,2009,D,A,126,14590,0.008700417894087827
United States,2009,D,H_D,599,14590,0.04110433650750154
United States,2009,D,H_A,42,14590,0.0029458107830376105
United States,2009,D,P_D,737,14590,0.0505583339042269
United States,2009,D,P_A,118,14590,0.008152360073987806
United States,2009,H_A,D,0,1313,0.0007575757575757576
United States,2009,H_A,A,0,1313,0.0007575757575757576
United States,2009,H_A,H_D,30,1313,0.023484848484848483
United States,2009,H_A,H_A,1141,1313,0.8651515151515151
United States,2009,H_A,P_D,11,1313,0.00909090909090909
United States,2009,H_A,P_A,131,1313,0.1
United States,2009,H_D,D,0,10217,9.780907668231612e-05
United States,2009,H_D,A,0,10217,9.780907668231612e-05
United States,2009,H_D,H_D,8495,10217,0.8309859154929577
United States,2009,H_D,H_A,134,10217,0.013204225352112676
United States,2009,H_D,P_D,735,10217,0.07198748043818466
United States,2009,H_D,P_A,78,10217,0.007726917057902973
United States,2009,P_A,D,0,8278,0.00012070006035003017
United States,2009,P_A,A,0,8278,0.00012070006035003017
United States,2009,P_A,H_D,0,8278,0.00012070006035003017
United States,2009,P_A,H_A,0,8278,0.00012070006035003017
United States,2009,P_A,P_D,207,8278,0.025105612552806276
United States,2009,P_A,P_A,8071,8278,0.9742908871454435
United States,2009,P_D,D,0,30443,3.284072249589491e-05
United States,2009,P_D,A,0,30443,3.284072249589491e-05
United States,2009,P_D,H_D,0,30443,3.284072249589491e-05
United States,2009,P_D,H_A,0,30443,3.284072249589491e-05
United States,2009,P_D,P_D,28063,30443,0.9216420361247948
United States,2009,P_D,P_A,377,30443,0.012413793103448275
United States,2010,A,D,43,1256,0.03483768804433888
United States,2010,A,A,1058,1256,0.838479809976247
United States,2010,A,H_D,7,1256,0.006334125098970704
United States,2010,A,H_A,50,1256,0.040380047505938245
United States,2010,A,P_D,14,1256,0.011876484560570071
United States,2010,A,P_A,84,1256,0.06730007917656373
United States,2010,D,D,12751,15076,0.8454551481800703
United States,2010,D,A,102,15076,0.0068288801962474305
United States,2010,D,H_D,577,15076,0.038321288868262283
United States,2010,D,H_A,44,15076,0.002983491347875091
United States,2010,D,P_D,748,15076,0.049658555990187626
United States,2010,D,P_A,82,15076,0.005502884041636279
United States,2010,H_A,D,0,1466,0.0006788866259334691
United States,2010,H_A,A,0,1466,0.0006788866259334691
United States,2010,H_A,H_D,50,1466,0.034623217922606926
United States,2010,H_A,H_A,1251,1466,0.8499660556687033
United States,2010,H_A,P_D,12,1466,0.008825526137135099
United States,2010,H_A,P_A,153,1466,0.10454854039375425
United States,2010,H_D,D,0,10602,9.425959091337543e-05
United States,2010,H_D,A,0,10602,9.425959091337543e-05
United States,2010,H_D,H_D,8792,10602,0.8288245829013102
United States,2010,H_D,H_A,149,10602,0.014138938637006316
United States,2010,H_D,P_D,778,10602,0.07342822132151947
United States,2010,H_D,P_A,77,10602,0.007352248091243284
United States,2010,P_A,D,0,8955,0.0001115822361080116
United States,2010,P_A,A,0,8955,0.0001115822361080116
United States,2010,P_A,H_D,0,8955,0.0001115822361080116
United States,2010,P_A,H_A,0,8955,0.0001115822361080116
United States,2010,P_A,P_D,262,8955,0.02934612809640705
United States,2010,P_A,P_A,8693,8955,0.9700959607230529
United States,2010,P_D,D,0,31816,3.142381296546523e-05
United States,2010,P_D,A,0,31816,3.142381296546523e-05
United States,2010,P_D,H_D,0,31816,3.142381296546523e-05
United States,2010,P_D,H_A,0,31816,3.142381296546523e-05
United States,2010,P_D,P_D,29250,31816,0.9191779530528235
United States,2010,P_D,P_A,349,31816,0.01099833453791283
United States,2011,A,D,40,1284,0.031758326878388844
United States,2011,A,A,1095,1284,0.8489542989930287
United States,2011,A,H_D,5,1284,0.004647560030983733
United States,2011,A,H_A,49,1284,0.038729666924864445
United States,2011,A,P_D,16,1284,0.013168086754453912
United States,2011,A,P_A,79,1284,0.061967467079783116
United States,2011,D,D,13121,15633,0.839002557544757
United States,2011,D,A,107,15633,0.00690537084398977
United States,2011,D,H_D,615,15633,0.03938618925831202
United States,2011,D,H_A,43,15633,0.002813299232736573
United States,2011,D,P_D,761,15633,0.04872122762148338
United States,2011,D,P_A,80,15633,0.005179028132992328
United States,2011,H_A,D,0,1585,0.000628140703517588
United States,2011,H_A,A,0,1585,0.000628140703517588
United States,2011,H_A,H_D,49,1585,0.031407035175879394
United States,2011,H_A,H_A,1365,1585,0.8580402010050251
United States,2011,H_A,P_D,13,1585,0.008793969849246231
United States,2011,H_A,P_A,158,1585,0.09987437185929648
United States,2011,H_D,D,0,11030,9.06043308870164e-05
United States,2011,H_D,A,0,11030,9.06043308870164e-05
United States,2011,H_D,H_D,9246,11030,0.8378182477122407
United States,2011,H_D,H_A,123,11030,0.011234937029990033
United States,2011,H_D,P_D,740,11030,0.06713780918727916
United States,2011,H_D,P_A,77,11030,0.007067137809187279
United States,2011,P_A,D,0,9544,0.00010470107842110774
United States,2011,P_A,A,0,9544,0.00010470107842110774
United States,2011,P_A,H_D,0,9544,0.00010470107842110774
United States,2011,P_A,H_A,0,9544,0.00010470107842110774
United States,2011,P_A,P_D,249,9544,0.026175269605276934
United States,2011,P_A,P_A,9295,9544,0.9733012250026175
United States,2011,P_D,D,0,33073,3.0229746070133012e-05
United States,2011,P_D,A,0,33073,3.0229746070133012e-05
United States,2011,P_D,H_D,0,33073,3.0229746070133012e-05
United States,2011,P_D,H_A,0,33073,3.0229746070133012e-05
United States,2011,P_D,P_D,30162,33073,0.911819830713422
United States,2011,P_D,P_A,315,33073,0.009552599758162032
United States,2012,A,D,45,1359,0.03367496339677892
United States,2012,A,A,1157,1359,0.8477306002928258
United States,2012,A,H_D,9,1359,0.007320644216691069
United States,2012,A,H_A,52,1359,0.038799414348462666
United States,2012,A,P_D,18,1359,0.013909224011713031
United States,2012,A,P_A,78,1359,0.057833089311859445
United States,2012,D,D,13288,15966,0.8319664433731923
United States,2012,D,A,96,15966,0.006072747761848118
United States,2012,D,H_D,680,15966,0.04263444562699555
United States,2012,D,H_A,48,15966,0.0030676767044387405
United States,2012,D,P_D,854,15966,0.05352782821010455
United States,2012,D,P_A,70,15966,0.004445000939084705
United States,2012,H_A,D,0,1655,0.0006016847172081829
United States,2012,H_A,A,0,1655,0.0006016847172081829
United States,2012,H_A,H_D,63,1655,0.03850782190132371
United States,2012,H_A,H_A,1449,1655,0.8724428399518652
United States,2012,H_A,P_D,14,1655,0.009025270758122744
United States,2012,H_A,P_A,129,1655,0.07821901323706378
United States,2012,H_D,D,0,11473,8.710801393728223e-05
United States,2012,H_D,A,0,11473,8.710801393728223e-05
United States,2012,H_D,H_D,9720,11473,0.8467770034843206
United States,2012,H_D,H_A,123,11473,0.010801393728222997
United States,2012,H_D,P_D,720,11473,0.06280487804878049
United States,2012,H_D,P_A,55,11473,0.004878048780487805
United States,2012,P_A,D,0,10118,9.876543209876543e-05
United States,2012,P_A,A,0,10118,9.876543209876543e-05
United States,2012,P_A,H_D,0,10118,9.876543209876543e-05
United States,2012,P_A,H_A,0,10118,9.876543209876543e-05
United States,2012,P_A,P_D,304,10118,0.030123456790123456
United States,2012,P_A,P_A,9814,10118,0.9693827160493828
United States,2012,P_D,D,0,33808,2.9572674848440043e-05
United States,2012,P_D,A,0,33808,2.9572674848440043e-05
United States,2012,P_D,H_D,0,33808,2.9572674848440043e-05
United States,2012,P_D,H_A,0,33808,2.9572674848440043e-05
United States,2012,P_D,P_D,30934,33808,0.9148306964364927
United States,2012,P_D,P_A,293,33808,0.008694366405441372
United States,2013,A,D,50,1437,0.035318559556786706
United States,2013,A,A,1219,1437,0.8448753462603878
United States,2013,A,H_D,8,1437,0.006232686980609419
United States,2013,A,H_A,59,1437,0.04155124653739612
United States,2013,A,P_D,22,1437,0.01592797783933518
United States,2013,A,P_A,79,1437,0.055401662049861494
United States,2013,D,D,13525,16218,0.8336517719568567
United States,2013,D,A,124,16218,0.007704160246533128
United States,2013,D,H_D,672,16218,0.04147919876733436
United States,2013,D,H_A,52,16218,0.0032665639445300463
United States,2013,D,P_D,832,16218,0.05134052388289676
United States,2013,D,P_A,63,16218,0.003944530046224961
United States,2013,H_A,D,0,1774,0.0005614823133071309
United States,2013,H_A,A,0,1774,0.0005614823133071309
United States,2013,H_A,H_D,74,1774,0.04211117349803481
United States,2013,H_A,H_A,1533,1774,0.8613138686131386
United States,2013,H_A,P_D,29,1774,0.016844469399213923
United States,2013,H_A,P_A,138,1774,0.07804604154969118
United States,2013,H_D,D,0,12048,8.295313148071339e-05
United States,2013,H_D,A,0,12048,8.295313148071339e-05
United States,2013,H_D,H_D,10086,12048,0.836748237245956
United States,2013,H_D,H_A,163,12048,0.013604313562836997
United States,2013,H_D,P_D,674,12048,0.055993363749481544
United States,2013,H_D,P_A,70,12048,0.005889672335130651
United States,2013,P_A,D,0,10565,9.458948164964057e-05
United States,2013,P_A,A,0,10565,9.458948164964057e-05
United States,2013,P_A,H_D,0,10565,9.458948164964057e-05
United States,2013,P_A,H_A,0,10565,9.458948164964057e-05
United States,2013,P_A,P_D,336,10565,0.03187665531592887
United States,2013,P_A,P_A,10229,10565,0.9676503972758229
United States,2013,P_D,D,0,34685,2.882508935777701e-05
United States,2013,P_D,A,0,34685,2.882508935777701e-05
United States,2013,P_D,H_D,0,34685,2.882508935777701e-05
United States,2013,P_D,H_A,0,34685,2.882508935777701e-05
United States,2013,P_D,P_D,31572,34685,0.9100945462930935
United States,2013,P_D,P_A,264,34685,0.007638648679810908
United States,2014,A,D,60,1504,0.04037061548643282
United States,2014,A,A,1240,1504,0.8213103904698875
United States,2014,A,H_D,18,1504,0.01257445400397088
United States,2014,A,H_A,77,1504,0.05162144275314361
United States,2014,A,P_D,26,1504,0.01786896095301125
United States,2014,A,P_A,83,1504,0.05559232296492389
United States,2014,D,D,14071,16881,0.8332543818095689
United States,2014,D,A,133,16881,0.00793462813832307
United States,2014,D,H_D,764,16881,0.04529843675982947
United States,2014,D,H_A,54,16881,0.003256750355281857
United States,2014,D,P_D,799,16881,0.04737091425864519
United States,2014,D,P_A,65,16881,0.003908100426338228
United States,2014,H_A,D,0,1912,0.0005211047420531526
United States,2014,H_A,A,0,1912,0.0005211047420531526
United States,2014,H_A,H_D,91,1912,0.047941636268890045
United States,2014,H_A,H_A,1641,1912,0.8556539864512767
United States,2014,H_A,P_D,18,1912,0.009900990099009901
United States,2014,H_A,P_A,162,1912,0.08494007295466388
United States,2014,H_D,D,0,12619,7.92016473942658e-05
United States,2014,H_D,A,0,12619,7.92016473942658e-05
United States,2014,H_D,H_D,10557,12619,0.8362109931886583
United States,2014,H_D,H_A,164,12619,0.013068271820053858
United States,2014,H_D,P_D,750,12619,0.059480437193093615
United States,2014,H_D,P_A,54,12619,0.004356090606684619
United States,2014,P_A,D,0,10944,9.131586156515387e-05
United States,2014,P_A,A,0,10944,9.131586156515387e-05
United States,2014,P_A,H_D,0,10944,9.131586156515387e-05
United States,2014,P_A,H_A,0,10944,9.131586156515387e-05
United States,2014,P_A,P_D,377,10944,0.03451739567162816
United States,2014,P_A,P_A,10567,10944,0.965026025020546
United States,2014,P_D,D,0,35280,2.8339048374755574e-05
United States,2014,P_D,A,0,35280,2.8339048374755574e-05
United States,2014,P_D,H_D,0,35280,2.8339048374755574e-05
United States,2014,P_D,H_A,0,35280,2.8339048374755574e-05
United States,2014,P_D,P_D,32152,35280,0.9111854223935161
United States,2014,P_D,P_A,211,35280,0.006007878255448182
United States,2015,A,D,58,1530,0.038386467143786594
United States,2015,A,A,1284,1530,0.8360442420299284
United States,2015,A,H_D,8,1530,0.005855562784645413
United States,2015,A,H_A,91,1530,0.05985686402081978
United States,2015,A,P_D,14,1530,0.009759271307742356
United States,2015,A,P_A,75,1530,0.0494469746258946
United States,2015,D,D,14374,17460,0.822980477471804
United States,2015,D,A,120,17460,0.006927348714719185
United States,2015,D,H_D,900,17460,0.05158298505753707
United States,2015,D,H_A,70,17460,0.00406480792351291
United States,2015,D,P_D,809,17460,0.04637316081754165
United States,2015,D,P_A,51,17460,0.0029770424228545258
United States,2015,H_A,D,0,2035,0.0004897159647404506
United States,2015,H_A,A,0,2035,0.0004897159647404506
United States,2015,H_A,H_D,92,2035,0.0455435847208619
United States,2015,H_A,H_A,1781,2035,0.8726738491674828
United States,2015,H_A,P_D,25,2035,0.012732615083251714
United States,2015,H_A,P_A,137,2035,0.06758080313418217
United States,2015,H_D,D,0,13191,7.576905591756326e-05
United States,2015,H_D,A,0,13191,7.576905591756326e-05
United States,2015,H_D,H_D,11077,13191,0.8393696014547659
United States,2015,H_D,H_A,164,13191,0.01250189422639794
United States,2015,H_D,P_D,702,13191,0.053265646310046974
United States,2015,H_D,P_A,45,13191,0.0034853765722079105
United States,2015,P_A,D,0,11246,8.88651915044877e-05
United States,2015,P_A,A,0,11246,8.88651915044877e-05
United States,2015,P_A,H_D,0,11246,8.88651915044877e-05
United States,2015,P_A,H_A,0,11246,8.88651915044877e-05
United States,2015,P_A,P_D,406,11246,0.03616813294232649
United States,2015,P_A,P_A,10840,11246,0.9633875411001511
United States,2015,P_D,D,0,35872,2.787145684104908e-05
United States,2015,P_D,A,0,35872,2.787145684104908e-05
United States,2015,P_D,H_D,0,35872,2.787145684104908e-05
United States,2015,P_D,H_A,0,35872,2.787145684104908e-05
United States,2015,P_D,P_D,32466,35872,0.9049025892583406
United States,2015,P_D,P_A,216,35872,0.006048106134507651
United States,2016,A,D,68,1554,0.044202434336963484
United States,2016,A,A,1293,1554,0.8289557975656631
United States,2016,A,H_D,9,1554,0.0064061499039077515
United States,2016,A,H_A,73,1554,0.04740550928891736
United States,2016,A,P_D,18,1554,0.012171684817424727
United States,2016,A,P_A,93,1554,0.06021780909673286
United States,2016,D,D,14542,17689,0.8218241410488246
United States,2016,D,A,141,17689,0.008024412296564195
United States,2016,D,H_D,788,17689,0.04458634719710669
United States,2016,D,H_A,78,17689,0.004464285714285714
United States,2016,D,P_D,872,17689,0.04933318264014466
United States,2016,D,P_A,60,17689,0.0034471066907775768
United States,2016,H_A,D,0,2225,0.00044802867383512545
United States,2016,H_A,A,0,2225,0.00044802867383512545
United States,2016,H_A,H_D,100,2225,0.04525089605734767
United States,2016,H_A,H_A,1934,2225,0.8669354838709677
United States,2016,H_A,P_D,21,2225,0.00985663082437276
United States,2016,H_A,P_A,170,2225,0.07661290322580645
United States,2016,H_D,D,0,14290,6.994474365251452e-05
United States,2016,H_D,A,0,14290,6.994474365251452e-05
United States,2016,H_D,H_D,11843,14290,0.8284255438203819
United States,2016,H_D,H_A,182,14290,0.012799888088410157
United States,2016,H_D,P_D,844,14290,0.059103308386374766
United States,2016,H_D,P_A,56,14290,0.003986850388193327
United States,2016,P_A,D,0,11457,8.722958827634333e-05
United States,2016,P_A,A,0,11457,8.722958827634333e-05
United States,2016,P_A,H_D,0,11457,8.722958827634333e-05
United States,2016,P_A,H_A,0,11457,8.722958827634333e-05
United States,2016,P_A,P_D,485,11457,0.04239357990230286
United States,2016,P_A,P_A,10972,11457,0.9571702721563154
United States,2016,P_D,D,0,36183,2.7631942525559546e-05
United States,2016,P_D,A,0,36183,2.7631942525559546e-05
United States,2016,P_D,H_D,0,36183,2.7631942525559546e-05
United States,2016,P_D,H_A,0,36183,2.7631942525559546e-05
United States,2016,P_D,P_D,32694,36183,0.9034263608731694
United States,2016,P_D,P_A,257,36183,0.007129041171594363
United States,2017,A,D,77,1434,0.05412907702984039
United States,2017,A,A,1181,1434,0.8202637057598889
United States,2017,A,H_D,17,1434,0.012491325468424705
United States,2017,A,H_A,68,1434,0.047883414295628035
United States,2017,A,P_D,18,1434,0.0131852879944483
United States,2017,A,P_A,73,1434,0.05135322692574601
United States,2017,D,D,11874,14610,0.8124102072928782
United States,2017,D,A,117,14610,0.008072791954573442
United States,2017,D,H_D,547,14610,0.037490593144968186
United States,2017,D,H_A,51,14610,0.003557501539303551
United States,2017,D,P_D,875,14610,0.059930218239036735
United States,2017,D,P_A,45,14610,0.0031470205924608334
United States,2017,H_A,D,0,2267,0.00043975373790677223
United States,2017,H_A,A,0,2267,0.00043975373790677223
United States,2017,H_A,H_D,155,2267,0.06860158311345646
United States,2017,H_A,H_A,1880,2267,0.8271767810026385
United States,2017,H_A,P_D,27,2267,0.012313104661389622
United States,2017,H_A,P_A,205,2267,0.09058927000879508
United States,2017,H_D,D,0,12740,7.844983133286264e-05
United States,2017,H_D,A,0,12740,7.844983133286264e-05
United States,2017,H_D,H_D,10471,12740,0.8215266337177375
United States,2017,H_D,H_A,186,12740,0.014670118459245313
United States,2017,H_D,P_D,812,12740,0.06377971287361732
United States,2017,H_D,P_A,65,12740,0.0051776888679689334
United States,2017,P_A,D,0,11608,8.609556607834697e-05
United States,2017,P_A,A,0,11608,8.609556607834697e-05
United States,2017,P_A,H_D,0,11608,8.609556607834697e-05
United States,2017,P_A,H_A,0,11608,8.609556607834697e-05
United States,2017,P_A,P_D,580,11608,0.050021523891519586
United States,2017,P_A,P_A,11028,11608,0.9495479982780887
United States,2017,P_D,D,0,34934,2.8619673163332475e-05
United States,2017,P_D,A,0,34934,2.8619673163332475e-05
United States,2017,P_D,H_D,0,34934,2.8619673163332475e-05
United States,2017,P_D,H_A,0,34934,2.8619673163332475e-05
United States,2017,P_D,P_D,31318,34934,0.8963395438024098
United States,2017,P_D,P_A,229,34934,0.0065825248275664695
United States,2018,A,D,87,1298,0.06743295019157088
United States,2018,A,A,1030,1298,0.7900383141762453
United States,2018,A,H_D,11,1298,0.009195402298850575
United States,2018,A,H_A,54,1298,0.0421455938697318
United States,2018,A,P_D,22,1298,0.017624521072796936
United States,2018,A,P_A,94,1298,0.07279693486590039
United States,2018,D,D,9532,11951,0.7972068907844121
United States,2018,D,A,118,11951,0.009951496905837097
United States,2018,D,H_D,359,11951,0.030105368790767688
United States,2018,D,H_A,45,11951,0.00384679712326476
United States,2018,D,P_D,801,11951,0.0670680715838769
United States,2018,D,P_A,48,11951,0.004097675196521157
United States,2018,H_A,D,0,2185,0.0004562043795620438
United States,2018,H_A,A,0,2185,0.0004562043795620438
United States,2018,H_A,H_D,147,2185,0.06751824817518248
United States,2018,H_A,H_A,1753,2185,0.8001824817518248
United States,2018,H_A,P_D,36,2185,0.01687956204379562
United States,2018,H_A,P_A,249,2185,0.11405109489051095
United States,2018,H_D,D,0,11190,8.930963650977941e-05
United States,2018,H_D,A,0,11190,8.930963650977941e-05
United States,2018,H_D,H_D,8722,11190,0.7790479592748057
United States,2018,H_D,H_A,179,11190,0.016075734571760293
United States,2018,H_D,P_D,875,11190,0.07823524158256676
United States,2018,H_D,P_A,75,11190,0.0067875323747432345
United States,2018,P_A,D,0,11645,8.582217645039479e-05
United States,2018,P_A,A,0,11645,8.582217645039479e-05
United States,2018,P_A,H_D,0,11645,8.582217645039479e-05
United States,2018,P_A,H_A,0,11645,8.582217645039479e-05
United States,2018,P_A,P_D,743,11645,0.06385169927909372
United States,2018,P_A,P_A,10902,11645,0.9357191898386543
United States,2018,P_D,D,0,33630,2.972916728602432e-05
United States,2018,P_D,A,0,33630,2.972916728602432e-05
United States,2018,P_D,H_D,0,33630,2.972916728602432e-05
United States,2018,P_D,H_A,0,33630,2.972916728602432e-05
United States,2018,P_D,P_D,29465,33630,0.8759996432499926
United States,2018,P_D,P_A,200,33630,0.005975562624490888
United States,2019,A,D,0,1148,0.0008658008658008658
United States,2019,A,A,980,1148,0.8493506493506493
United States,2019,A,H_D,0,1148,0.0008658008658008658
United States,2019,A,H_A,54,1148,0.047619047619047616
United States,2019,A,P_D,0,1148,0.0008658008658008658
United States,2019,A,P_A,114,1148,0.09956709956709957
United States,2019,D,D,7404,9619,0.7692707251194681
United States,2019,D,A,144,9619,0.015063370039476418
United States,2019,D,H_D,265,9619,0.027633492624142945
United States,2019,D,H_A,43,9619,0.004570953667151465
United States,2019,D,P_D,740,9619,0.07697901516725535
United States,2019,D,P_A,49,9619,0.005194265530853937
United States,2019,H_A,D,0,2031,0.0004906771344455348
United States,2019,H_A,A,0,2031,0.0004906771344455348
United States,2019,H_A,H_D,0,2031,0.0004906771344455348
United States,2019,H_A,H_A,1751,2031,0.8596663395485771
United States,2019,H_A,P_D,0,2031,0.0004906771344455348
United States,2019,H_A,P_A,280,2031,0.1378802747791953
United States,2019,H_D,D,0,9239,0.00010815487778498811
United States,2019,H_D,A,0,9239,0.00010815487778498811
United States,2019,H_D,H_D,7020,9239,0.7593553969284015
United States,2019,H_D,H_A,196,9239,0.021306510923642656
United States,2019,H_D,P_D,801,9239,0.08674021198356045
United States,2019,H_D,P_A,47,9239,0.005191434133679429
United States,2019,P_A,D,0,11568,8.639308855291577e-05
United States,2019,P_A,A,0,11568,8.639308855291577e-05
United States,2019,P_A,H_D,0,11568,8.639308855291577e-05
United States,2019,P_A,H_A,0,11568,8.639308855291577e-05
United States,2019,P_A,P_D,0,11568,8.639308855291577e-05
United States,2019,P_A,P_A,11568,11568,0.9994816414686825
United States,2019,P_D,D,0,31942,3.1299884190428495e-05
United States,2019,P_D,A,0,31942,3.1299884190428495e-05
United States,2019,P_D,H_D,0,31942,3.1299884190428495e-05
United States,2019,P_D,H_A,0,31942,3.1299884190428495e-05
United States,2019,P_D,P_D,27284,31942,0.8540173401358415
United States,2019,P_D,P_A,229,31942,0.007198973363798554
United States,2020,A,D,411,1124,0.36427939876215737
United States,2020,A,A,540,1124,0.47833775419982316
United States,2020,A,H_D,15,1124,0.014146772767462422
United States,2020,A,H_A,36,1124,0.032714412024756855
United States,2020,A,P_D,29,1124,0.026525198938992044
United States,2020,A,P_A,93,1124,0.08311229000884174
United States,2020,D,D,6376,7404,0.8604776683308595
United States,2020,D,A,81,7404,0.01106463365267845
United States,2020,D,H_D,176,7404,0.023883416542976658
United States,2020,D,H_A,30,7404,0.004182971258939415
United States,2020,D,P_D,706,7404,0.09539873161516664
United States,2020,D,P_A,35,7404,0.0048576440426393195
United States,2020,H_A,D,0,2044,0.00048756704046806434
United States,2020,H_A,A,0,2044,0.00048756704046806434
United States,2020,H_A,H_D,930,2044,0.4539249146757679
United States,2020,H_A,H_A,855,2044,0.4173573866406631
United States,2020,H_A,P_D,101,2044,0.04973183812774257
United States,2020,H_A,P_A,158,2044,0.07752315943442223
United States,2020,H_D,D,0,7285,0.00013713658804168953
United States,2020,H_D,A,0,7285,0.00013713658804168953
United States,2020,H_D,H_D,6412,7285,0.8794569391113549
United States,2020,H_D,H_A,138,7285,0.019061985737794843
United States,2020,H_D,P_D,698,7285,0.09585847504114098
United States,2020,H_D,P_A,37,7285,0.005211190345584202
United States,2020,P_A,D,0,12287,8.134049129656744e-05
United States,2020,P_A,A,0,12287,8.134049129656744e-05
United States,2020,P_A,H_D,0,12287,8.134049129656744e-05
United States,2020,P_A,H_A,0,12287,8.134049129656744e-05
United States,2020,P_A,P_D,5544,12287,0.4510330242394664
United States,2020,P_A,P_A,6743,12287,0.5485602733040508
United States,2020,P_D,D,0,28825,3.468368479467259e-05
United States,2020,P_D,A,0,28825,3.468368479467259e-05
United States,2020,P_D,H_D,0,28825,3.468368479467259e-05
United States,2020,P_D,H_A,0,28825,3.468368479467259e-05
United States,2020,P_D,P_D,28667,28825,0.9943118756936737
United States,2020,P_D,P_A,158,28825,0.0055147058823529415
United States,2021,A,D,6,621,0.011146496815286623
United States,2021,A,A,504,621,0.804140127388535
United States,2021,A,H_D,1,621,0.0031847133757961785
United States,2021,A,H_A,17,621,0.028662420382165606
United States,2021,A,P_D,1,621,0.0031847133757961785
United States,2021,A,P_A,92,621,0.1480891719745223
United States,2021,D,D,6005,6787,0.8840153076243744
United States,2021,D,A,34,6787,0.005151604356785399
United States,2021,D,H_D,133,6787,0.01972328525169267
United States,2021,D,H_A,16,6787,0.002502207830438622
United States,2021,D,P_D,582,6787,0.08581100971445393
United States,2021,D,P_A,17,6787,0.0026493965263467765
United States,2021,H_A,D,0,1059,0.0009380863039399625
United States,2021,H_A,A,0,1059,0.0009380863039399625
United States,2021,H_A,H_D,39,1059,0.0375234521575985
United States,2021,H_A,H_A,896,1059,0.8414634146341463
United States,2021,H_A,P_D,8,1059,0.008442776735459663
United States,2021,H_A,P_A,116,1059,0.10975609756097561
United States,2021,H_D,D,0,7533,0.0001326259946949602
United States,2021,H_D,A,0,7533,0.0001326259946949602
United States,2021,H_D,H_D,6825,7533,0.9053050397877984
United States,2021,H_D,H_A,54,7533,0.007294429708222812
United States,2021,H_D,P_D,641,7533,0.08514588859416446
United States,2021,H_D,P_A,13,7533,0.001856763925729443
United States,2021,P_A,D,0,7224,0.00013829345871940258
United States,2021,P_A,A,0,7224,0.00013829345871940258
United States,2021,P_A,H_D,0,7224,0.00013829345871940258
United States,2021,P_A,H_A,0,7224,0.00013829345871940258
United States,2021,P_A,P_D,72,7224,0.010095422486516388
United States,2021,P_A,P_A,7152,7224,0.9892131102198866
United States,2021,P_D,D,0,35745,2.797046319087044e-05
United States,2021,P_D,A,0,35745,2.797046319087044e-05
United States,2021,P_D,H_D,0,35745,2.797046319087044e-05
United States,2021,P_D,H_A,0,35745,2.797046319087044e-05
United States,2021,P_D,P_D,35672,35745,0.9977903334079212
United States,2021,P_D,P_A,73,35745,0.0020698142761244125
United States,2022,A,D,7,538,0.014678899082568808
United States,2022,A,A,444,538,0.8165137614678899
United States,2022,A,H_D,3,538,0.007339449541284404
United States,2022,A,H_A,17,538,0.03302752293577982
United States,2022,A,P_D,1,538,0.003669724770642202
United States,2022,A,P_A,66,538,0.12293577981651377
United States,2022,D,D,5286,6011,0.8785310734463276
United States,2022,D,A,17,6011,0.0029910269192422734
United States,2022,D,H_D,94,6011,0.015785975407111998
United States,2022,D,H_A,0,6011,0.00016616816218012627
United States,2022,D,P_D,611,6011,0.1016949152542373
United States,2022,D,P_A,3,6011,0.0006646726487205051
United States,2022,H_A,D,0,983,0.00101010101010101
United States,2022,H_A,A,0,983,0.00101010101010101
United States,2022,H_A,H_D,34,983,0.03535353535353535
United States,2022,H_A,H_A,806,983,0.8151515151515152
United States,2022,H_A,P_D,5,983,0.006060606060606061
United States,2022,H_A,P_A,138,983,0.1404040404040404
United States,2022,H_D,D,0,6998,0.00014275517487508923
United States,2022,H_D,A,0,6998,0.00014275517487508923
United States,2022,H_D,H_D,6368,6998,0.9092077087794432
United States,2022,H_D,H_A,17,6998,0.002569593147751606
United States,2022,H_D,P_D,611,6998,0.0873661670235546
United States,2022,H_D,P_A,2,6998,0.00042826552462526765
United States,2022,P_A,D,0,7463,0.00013386880856760375
United States,2022,P_A,A,0,7463,0.00013386880856760375
United States,2022,P_A,H_D,0,7463,0.00013386880856760375
United States,2022,P_A,H_A,0,7463,0.00013386880856760375
United States,2022,P_A,P_D,198,7463,0.026639892904953145
United States,2022,P_A,P_A,7265,7463,0.9726907630522088
United States,2022,P_D,D,0,36976,2.7039450558364655e-05
United States,2022,P_D,A,0,36976,2.7039450558364655e-05
United States,2022,P_D,H_D,0,36976,2.7039450558364655e-05
United States,2022,P_D,H_A,0,36976,2.7039450558364655e-05
United States,2022,P_D,P_D,36863,36976,0.9967823053835546
United States,2022,P_D,P_A,113,36976,0.0030824973636535704
United States,2023,A,D,0,461,0.002136752136752137
United States,2023,A,A,0,461,0.002136752136752137
United States,2023,A,H_D,0,461,0.002136752136752137
United States,2023,A,H_A,0,461,0.002136752136752137
United States,2023,A,P_D,0,461,0.002136752136752137
United States,2023,A,P_A,0,461,0.002136752136752137
United States,2023,D,D,0,5293,0.00018867924528301886
United States,2023,D,A,0,5293,0.00018867924528301886
United States,2023,D,H_D,0,5293,0.00018867924528301886
United States,2023,D,H_A,0,5293,0.00018867924528301886
United States,2023,D,P_D,0,5293,0.00018867924528301886
United States,2023,D,P_A,0,5293,0.00018867924528301886
United States,2023,H_A,D,0,840,0.0011806375442739079
United States,2023,H_A,A,0,840,0.0011806375442739079
United States,2023,H_A,H_D,0,840,0.0011806375442739079
United States,2023,H_A,H_A,0,840,0.0011806375442739079
United States,2023,H_A,P_D,0,840,0.0011806375442739079
United States,2023,H_A,P_A,0,840,0.0011806375442739079
United States,2023,H_D,D,0,6499,0.0001537042729787888
United States,2023,H_D,A,0,6499,0.0001537042729787888
United States,2023,H_D,H_D,0,6499,0.0001537042729787888
United States,2023,H_D,H_A,0,6499,0.0001537042729787888
United States,2023,H_D,P_D,0,6499,0.0001537042729787888
United States,2023,H_D,P_A,0,6499,0.0001537042729787888
United States,2023,P_A,D,0,7587,0.0001316829075585989
United States,2023,P_A,A,0,7587,0.0001316829075585989
United States,2023,P_A,H_D,0,7587,0.0001316829075585989
United States,2023,P_A,H_A,0,7587,0.0001316829075585989
United States,2023,P_A,P_D,0,7587,0.0001316829075585989
United States,2023,P_A,P_A,0,7587,0.0001316829075585989
United States,2023,P_D,D,0,38289,2.6112387716732817e-05
United States,2023,P_D,A,0,38289,2.6112387716732817e-05
United States,2023,P_D,H_D,0,38289,2.6112387716732817e-05
United States,2023,P_D,H_A,0,38289,2.6112387716732817e-05
United States,2023,P_D,P_D,0,38289,2.6112387716732817e-05
United States,2023,P_D,P_A,0,38289,2.6112387716732817e-05
