year,origin_group,destination_group,compartment,count
2000,Anglosphere ex-US,Anglosphere ex-US,A,35
2000,Anglosphere ex-US,Anglosphere ex-US,H_A,20
2000,Anglosphere ex-US,Anglosphere ex-US,P_A,112
2000,Anglosphere ex-US,Continental Europe,A,9
2000,Anglosphere ex-US,Continental Europe,H_A,7
2000,Anglosphere ex-US,Continental Europe,P_A,17
2000,Anglosphere ex-US,Other Civilizations,P_A,1
2000,Anglosphere ex-US,Other Western,P_A,1
2000,Anglosphere ex-US,Sinic,A,5
2000,Anglosphere ex-US,Sinic,H_A,2
2000,Anglosphere ex-US,Sinic,P_A,14
2000,Anglosphere ex-US,United States,A,3
2000,Anglosphere ex-US,United States,H_A,6
2000,Anglosphere ex-US,United States,P_A,11
2000,Anglosphere ex-US,Unknown,A,49
2000,Anglosphere ex-US,Unknown,H_A,31
2000,Anglosphere ex-US,Unknown,P_A,96
2000,Continental Europe,Anglosphere ex-US,A,6
2000,Continental Europe,Anglosphere ex-US,H_A,6
2000,Continental Europe,Anglosphere ex-US,P_A,15
2000,Continental Europe,Continental Europe,A,40
2000,Continental Europe,Continental Europe,H_A,52
2000,Continental Europe,Continental Europe,P_A,156
2000,Continental Europe,Hindu,A,2
2000,Continental Europe,Islamic,P_A,3
2000,Continental Europe,Japanese,A,2
2000,Continental Europe,Japanese,P_A,3
2000,Continental Europe,Other Civilizations,A,12
2000,Continental Europe,Other Civilizations,H_A,1
2000,Continental Europe,Other Civilizations,P_A,9
2000,Continental Europe,Other Western,P_A,2
2000,Continental Europe,Sinic,A,3
2000,Continental Europe,Sinic,H_A,4
2000,Continental Europe,Sinic,P_A,5
2000,Continental Europe,United States,A,5
2000,Continental Europe,United States,H_A,9
2000,Continental Europe,United States,P_A,12
2000,Continental Europe,Unknown,A,92
2000,Continental Europe,Unknown,H_A,46
2000,Continental Europe,Unknown,P_A,160
2000,Hindu,Anglosphere ex-US,P_A,1
2000,Hindu,Hindu,A,1
2000,Hindu,Hindu,H_A,1
2000,Hindu,Hindu,P_A,5
2000,Hindu,Sinic,P_A,1
2000,Hindu,United States,A,1
2000,Hindu,United States,P_A,2
2000,Hindu,Unknown,A,4
2000,Hindu,Unknown,H_A,1
2000,Hindu,Unknown,P_A,6
2000,Islamic,Islamic,A,7
2000,Islamic,Islamic,H_A,2
2000,Islamic,Islamic,P_A,5
2000,Islamic,Japanese,A,2
2000,Islamic,Other Western,A,1
2000,Islamic,United States,P_A,1
2000,Islamic,Unknown,A,6
2000,Islamic,Unknown,H_A,3
2000,Islamic,Unknown,P_A,10
2000,Japanese,Anglosphere ex-US,A,1
2000,Japanese,Continental Europe,A,2
2000,Japanese,Continental Europe,P_A,3
2000,Japanese,Islamic,H_A,1
2000,Japanese,Japanese,A,20
2000,Japanese,Japanese,H_A,7
2000,Japanese,Japanese,P_A,28
2000,Japanese,Other Civilizations,P_A,2
2000,Japanese,Other Western,A,1
2000,Japanese,Sinic,A,1
2000,Japanese,Sinic,H_A,2
2000,Japanese,Sinic,P_A,2
2000,Japanese,United States,A,3
2000,Japanese,United States,P_A,2
2000,Japanese,Unknown,A,33
2000,Japanese,Unknown,H_A,11
2000,Japanese,Unknown,P_A,35
2000,Other Civilizations,Anglosphere ex-US,H_A,2
2000,Other Civilizations,Anglosphere ex-US,P_A,2
2000,Other Civilizations,Continental Europe,A,8
2000,Other Civilizations,Continental Europe,H_A,3
2000,Other Civilizations,Continental Europe,P_A,8
2000,Other Civilizations,Hindu,A,1
2000,Other Civilizations,Islamic,P_A,1
2000,Other Civilizations,Other Civilizations,A,33
2000,Other Civilizations,Other Civilizations,H_A,7
2000,Other Civilizations,Other Civilizations,P_A,50
2000,Other Civilizations,Sinic,A,2
2000,Other Civilizations,United States,A,5
2000,Other Civilizations,United States,H_A,2
2000,Other Civilizations,United States,P_A,3
2000,Other Civilizations,Unknown,A,61
2000,Other Civilizations,Unknown,H_A,11
2000,Other Civilizations,Unknown,P_A,71
2000,Other Western,Anglosphere ex-US,A,1
2000,Other Western,Continental Europe,A,1
2000,Other Western,Other Western,A,2
2000,Other Western,Other Western,H_A,9
2000,Other Western,Other Western,P_A,17
2000,Other Western,United States,A,3
2000,Other Western,United States,H_A,4
2000,Other Western,United States,P_A,4
2000,Other Western,Unknown,A,10
2000,Other Western,Unknown,H_A,2
2000,Other Western,Unknown,P_A,8
2000,Sinic,Anglosphere ex-US,A,2
2000,Sinic,Anglosphere ex-US,P_A,3
2000,Sinic,Continental Europe,A,1
2000,Sinic,Continental Europe,P_A,2
2000,Sinic,Islamic,P_A,1
2000,Sinic,Japanese,H_A,1
2000,Sinic,Japanese,P_A,1
2000,Sinic,Other Civilizations,A,2
2000,Sinic,Other Civilizations,P_A,1
2000,Sinic,Sinic,A,36
2000,Sinic,Sinic,H_A,17
2000,Sinic,Sinic,P_A,59
2000,Sinic,United States,A,3
2000,Sinic,United States,H_A,1
2000,Sinic,United States,P_A,2
2000,Sinic,Unknown,A,43
2000,Sinic,Unknown,H_A,9
2000,Sinic,Unknown,P_A,52
2000,United States,Anglosphere ex-US,A,5
2000,United States,Anglosphere ex-US,H_A,13
2000,United States,Anglosphere ex-US,P_A,18
2000,United States,Continental Europe,A,12
2000,United States,Continental Europe,H_A,19
2000,United States,Continental Europe,P_A,31
2000,United States,Hindu,A,1
2000,United States,Hindu,H_A,1
2000,United States,Hindu,P_A,4
2000,United States,Islamic,A,1
2000,United States,Islamic,P_A,4
2000,United States,Japanese,A,5
2000,United States,Japanese,P_A,4
2000,United States,Other Civilizations,A,2
2000,United States,Other Civilizations,H_A,1
2000,United States,Other Civilizations,P_A,5
2000,United States,Other Western,H_A,1
2000,United States,Other Western,P_A,1
2000,United States,Sinic,A,8
2000,United States,Sinic,H_A,6
2000,United States,Sinic,P_A,11
2000,United States,United States,A,36
2000,United States,United States,H_A,37
2000,United States,United States,P_A,111
2000,United States,Unknown,A,114
2000,United States,Unknown,H_A,86
2000,United States,Unknown,P_A,217
2001,Anglosphere ex-US,Anglosphere ex-US,A,36
2001,Anglosphere ex-US,Anglosphere ex-US,H_A,39
2001,Anglosphere ex-US,Anglosphere ex-US,P_A,226
2001,Anglosphere ex-US,Continental Europe,A,8
2001,Anglosphere ex-US,Continental Europe,H_A,9
2001,Anglosphere ex-US,Continental Europe,P_A,49
2001,Anglosphere ex-US,Islamic,H_A,2
2001,Anglosphere ex-US,Islamic,P_A,1
2001,Anglosphere ex-US,Japanese,P_A,1
2001,Anglosphere ex-US,Other Civilizations,A,2
2001,Anglosphere ex-US,Other Civilizations,P_A,5
2001,Anglosphere ex-US,Other Western,A,1
2001,Anglosphere ex-US,Other Western,P_A,1
2001,Anglosphere ex-US,Sinic,A,6
2001,Anglosphere ex-US,Sinic,H_A,5
2001,Anglosphere ex-US,Sinic,P_A,27
2001,Anglosphere ex-US,United States,A,3
2001,Anglosphere ex-US,United States,H_A,10
2001,Anglosphere ex-US,United States,P_A,26
2001,Anglosphere ex-US,Unknown,A,68
2001,Anglosphere ex-US,Unknown,H_A,59
2001,Anglosphere ex-US,Unknown,P_A,207
2001,Continental Europe,Anglosphere ex-US,A,9
2001,Continental Europe,Anglosphere ex-US,H_A,13
2001,Continental Europe,Anglosphere ex-US,P_A,39
2001,Continental Europe,Continental Europe,A,66
2001,Continental Europe,Continental Europe,H_A,83
2001,Continental Europe,Continental Europe,P_A,352
2001,Continental Europe,Hindu,A,2
2001,Continental Europe,Hindu,H_A,1
2001,Continental Europe,Hindu,P_A,1
2001,Continental Europe,Islamic,P_A,4
2001,Continental Europe,Japanese,A,3
2001,Continental Europe,Japanese,H_A,1
2001,Continental Europe,Japanese,P_A,6
2001,Continental Europe,Other Civilizations,A,9
2001,Continental Europe,Other Civilizations,H_A,5
2001,Continental Europe,Other Civilizations,P_A,21
2001,Continental Europe,Other Western,P_A,2
2001,Continental Europe,Sinic,A,4
2001,Continental Europe,Sinic,H_A,5
2001,Continental Europe,Sinic,P_A,19
2001,Continental Europe,United States,A,5
2001,Continental Europe,United States,H_A,14
2001,Continental Europe,United States,P_A,32
2001,Continental Europe,Unknown,A,132
2001,Continental Europe,Unknown,H_A,95
2001,Continental Europe,Unknown,P_A,341
2001,Hindu,Anglosphere ex-US,H_A,1
2001,Hindu,Anglosphere ex-US,P_A,1
2001,Hindu,Hindu,A,1
2001,Hindu,Hindu,P_A,9
2001,Hindu,Islamic,A,1
2001,Hindu,Sinic,P_A,2
2001,Hindu,United States,A,1
2001,Hindu,United States,P_A,3
2001,Hindu,Unknown,A,5
2001,Hindu,Unknown,H_A,2
2001,Hindu,Unknown,P_A,14
2001,Islamic,Anglosphere ex-US,P_A,3
2001,Islamic,Continental Europe,A,3
2001,Islamic,Continental Europe,P_A,6
2001,Islamic,Hindu,P_A,1
2001,Islamic,Islamic,A,8
2001,Islamic,Islamic,H_A,3
2001,Islamic,Islamic,P_A,13
2001,Islamic,Japanese,A,2
2001,Islamic,Other Western,P_A,1
2001,Islamic,United States,H_A,1
2001,Islamic,United States,P_A,1
2001,Islamic,Unknown,A,10
2001,Islamic,Unknown,H_A,1
2001,Islamic,Unknown,P_A,24
2001,Japanese,Anglosphere ex-US,A,1
2001,Japanese,Anglosphere ex-US,H_A,1
2001,Japanese,Anglosphere ex-US,P_A,1
2001,Japanese,Continental Europe,A,2
2001,Japanese,Continental Europe,H_A,2
2001,Japanese,Continental Europe,P_A,5
2001,Japanese,Islamic,H_A,1
2001,Japanese,Islamic,P_A,1
2001,Japanese,Japanese,A,33
2001,Japanese,Japanese,H_A,12
2001,Japanese,Japanese,P_A,57
2001,Japanese,Other Civilizations,A,1
2001,Japanese,Other Civilizations,P_A,2
2001,Japanese,Other Western,A,1
2001,Japanese,Sinic,A,1
2001,Japanese,Sinic,H_A,3
2001,Japanese,Sinic,P_A,4
2001,Japanese,United States,A,5
2001,Japanese,United States,H_A,1
2001,Japanese,United States,P_A,2
2001,Japanese,Unknown,A,51
2001,Japanese,Unknown,H_A,29
2001,Japanese,Unknown,P_A,70
2001,Other Civilizations,Anglosphere ex-US,H_A,4
2001,Other Civilizations,Anglosphere ex-US,P_A,6
2001,Other Civilizations,Continental Europe,A,10
2001,Other Civilizations,Continental Europe,H_A,8
2001,Other Civilizations,Continental Europe,P_A,16
2001,Other Civilizations,Hindu,A,1
2001,Other Civilizations,Islamic,P_A,1
2001,Other Civilizations,Other Civilizations,A,53
2001,Other Civilizations,Other Civilizations,H_A,17
2001,Other Civilizations,Other Civilizations,P_A,109
2001,Other Civilizations,Sinic,A,2
2001,Other Civilizations,United States,A,7
2001,Other Civilizations,United States,H_A,2
2001,Other Civilizations,United States,P_A,9
2001,Other Civilizations,Unknown,A,97
2001,Other Civilizations,Unknown,H_A,26
2001,Other Civilizations,Unknown,P_A,125
2001,Other Western,Anglosphere ex-US,A,1
2001,Other Western,Anglosphere ex-US,P_A,1
2001,Other Western,Continental Europe,A,3
2001,Other Western,Continental Europe,H_A,1
2001,Other Western,Continental Europe,P_A,1
2001,Other Western,Other Civilizations,P_A,1
2001,Other Western,Other Western,A,3
2001,Other Western,Other Western,H_A,10
2001,Other Western,Other Western,P_A,35
2001,Other Western,United States,A,1
2001,Other Western,United States,H_A,4
2001,Other Western,United States,P_A,11
2001,Other Western,Unknown,A,19
2001,Other Western,Unknown,H_A,10
2001,Other Western,Unknown,P_A,17
2001,Sinic,Anglosphere ex-US,A,3
2001,Sinic,Anglosphere ex-US,P_A,9
2001,Sinic,Continental Europe,A,2
2001,Sinic,Continental Europe,H_A,1
2001,Sinic,Continental Europe,P_A,2
2001,Sinic,Hindu,P_A,1
2001,Sinic,Islamic,P_A,1
2001,Sinic,Japanese,A,1
2001,Sinic,Japanese,H_A,1
2001,Sinic,Japanese,P_A,1
2001,Sinic,Other Civilizations,A,3
2001,Sinic,Other Civilizations,P_A,2
2001,Sinic,Sinic,A,71
2001,Sinic,Sinic,H_A,32
2001,Sinic,Sinic,P_A,131
2001,Sinic,United States,A,4
2001,Sinic,United States,H_A,2
2001,Sinic,United States,P_A,11
2001,Sinic,Unknown,A,66
2001,Sinic,Unknown,H_A,18
2001,Sinic,Unknown,P_A,126
2001,United States,Anglosphere ex-US,A,10
2001,United States,Anglosphere ex-US,H_A,20
2001,United States,Anglosphere ex-US,P_A,46
2001,United States,Continental Europe,A,24
2001,United States,Continental Europe,H_A,27
2001,United States,Continental Europe,P_A,62
2001,United States,Hindu,A,3
2001,United States,Hindu,H_A,1
2001,United States,Hindu,P_A,10
2001,United States,Islamic,A,1
2001,United States,Islamic,H_A,1
2001,United States,Islamic,P_A,4
2001,United States,Japanese,A,8
2001,United States,Japanese,P_A,10
2001,United States,Other Civilizations,A,3
2001,United States,Other Civilizations,H_A,4
2001,United States,Other Civilizations,P_A,8
2001,United States,Other Western,A,2
2001,United States,Other Western,H_A,3
2001,United States,Other Western,P_A,6
2001,United States,Sinic,A,9
2001,United States,Sinic,H_A,13
2001,United States,Sinic,P_A,28
2001,United States,United States,A,47
2001,United States,United States,H_A,57
2001,United States,United States,P_A,259
2001,United States,Unknown,A,184
2001,United States,Unknown,H_A,140
2001,United States,Unknown,P_A,439
2002,Anglosphere ex-US,Anglosphere ex-US,A,47
2002,Anglosphere ex-US,Anglosphere ex-US,H_A,63
2002,Anglosphere ex-US,Anglosphere ex-US,P_A,456
2002,Anglosphere ex-US,Continental Europe,A,7
2002,Anglosphere ex-US,Continental Europe,H_A,19
2002,Anglosphere ex-US,Continental Europe,P_A,100
2002,Anglosphere ex-US,Hindu,P_A,2
2002,Anglosphere ex-US,Islamic,A,4
2002,Anglosphere ex-US,Islamic,P_A,12
2002,Anglosphere ex-US,Japanese,P_A,2
2002,Anglosphere ex-US,Other Civilizations,A,4
2002,Anglosphere ex-US,Other Civilizations,H_A,3
2002,Anglosphere ex-US,Other Civilizations,P_A,15
2002,Anglosphere ex-US,Other Western,A,2
2002,Anglosphere ex-US,Other Western,P_A,2
2002,Anglosphere ex-US,Sinic,A,19
2002,Anglosphere ex-US,Sinic,H_A,9
2002,Anglosphere ex-US,Sinic,P_A,84
2002,Anglosphere ex-US,United States,A,8
2002,Anglosphere ex-US,United States,H_A,12
2002,Anglosphere ex-US,United States,P_A,57
2002,Anglosphere ex-US,Unknown,A,108
2002,Anglosphere ex-US,Unknown,H_A,88
2002,Anglosphere ex-US,Unknown,P_A,510
2002,Continental Europe,Anglosphere ex-US,A,13
2002,Continental Europe,Anglosphere ex-US,H_A,24
2002,Continental Europe,Anglosphere ex-US,P_A,71
2002,Continental Europe,Continental Europe,A,105
2002,Continental Europe,Continental Europe,H_A,127
2002,Continental Europe,Continental Europe,P_A,722
2002,Continental Europe,Hindu,A,2
2002,Continental Europe,Hindu,H_A,1
2002,Continental Europe,Hindu,P_A,3
2002,Continental Europe,Islamic,A,1
2002,Continental Europe,Islamic,P_A,10
2002,Continental Europe,Japanese,A,3
2002,Continental Europe,Japanese,H_A,4
2002,Continental Europe,Japanese,P_A,10
2002,Continental Europe,Other Civilizations,A,14
2002,Continental Europe,Other Civilizations,H_A,7
2002,Continental Europe,Other Civilizations,P_A,35
2002,Continental Europe,Other Western,H_A,1
2002,Continental Europe,Other Western,P_A,4
2002,Continental Europe,Sinic,A,6
2002,Continental Europe,Sinic,H_A,6
2002,Continental Europe,Sinic,P_A,28
2002,Continental Europe,United States,A,11
2002,Continental Europe,United States,H_A,20
2002,Continental Europe,United States,P_A,61
2002,Continental Europe,Unknown,A,209
2002,Continental Europe,Unknown,H_A,147
2002,Continental Europe,Unknown,P_A,727
2002,Hindu,Anglosphere ex-US,A,1
2002,Hindu,Anglosphere ex-US,P_A,3
2002,Hindu,Continental Europe,H_A,1
2002,Hindu,Continental Europe,P_A,2
2002,Hindu,Hindu,A,8
2002,Hindu,Hindu,H_A,3
2002,Hindu,Hindu,P_A,29
2002,Hindu,Islamic,A,1
2002,Hindu,Islamic,P_A,1
2002,Hindu,Japanese,A,1
2002,Hindu,Other Civilizations,P_A,1
2002,Hindu,Sinic,P_A,3
2002,Hindu,United States,A,2
2002,Hindu,United States,P_A,4
2002,Hindu,Unknown,A,9
2002,Hindu,Unknown,H_A,5
2002,Hindu,Unknown,P_A,28
2002,Islamic,Anglosphere ex-US,A,5
2002,Islamic,Anglosphere ex-US,P_A,6
2002,Islamic,Continental Europe,A,2
2002,Islamic,Continental Europe,P_A,9
2002,Islamic,Hindu,P_A,2
2002,Islamic,Islamic,A,23
2002,Islamic,Islamic,H_A,9
2002,Islamic,Islamic,P_A,55
2002,Islamic,Japanese,A,2
2002,Islamic,Other Civilizations,P_A,1
2002,Islamic,Other Western,P_A,1
2002,Islamic,Sinic,A,1
2002,Islamic,United States,H_A,2
2002,Islamic,United States,P_A,7
2002,Islamic,Unknown,A,27
2002,Islamic,Unknown,H_A,5
2002,Islamic,Unknown,P_A,52
2002,Japanese,Anglosphere ex-US,P_A,8
2002,Japanese,Continental Europe,A,2
2002,Japanese,Continental Europe,H_A,2
2002,Japanese,Continental Europe,P_A,6
2002,Japanese,Islamic,A,2
2002,Japanese,Islamic,H_A,1
2002,Japanese,Islamic,P_A,2
2002,Japanese,Japanese,A,44
2002,Japanese,Japanese,H_A,23
2002,Japanese,Japanese,P_A,154
2002,Japanese,Other Civilizations,A,2
2002,Japanese,Other Civilizations,P_A,2
2002,Japanese,Other Western,P_A,1
2002,Japanese,Sinic,A,8
2002,Japanese,Sinic,H_A,5
2002,Japanese,Sinic,P_A,9
2002,Japanese,United States,A,7
2002,Japanese,United States,H_A,1
2002,Japanese,United States,P_A,5
2002,Japanese,Unknown,A,80
2002,Japanese,Unknown,H_A,39
2002,Japanese,Unknown,P_A,183
2002,Other Civilizations,Anglosphere ex-US,A,4
2002,Other Civilizations,Anglosphere ex-US,H_A,6
2002,Other Civilizations,Anglosphere ex-US,P_A,11
2002,Other Civilizations,Continental Europe,A,12
2002,Other Civilizations,Continental Europe,H_A,11
2002,Other Civilizations,Continental Europe,P_A,28
2002,Other Civilizations,Hindu,A,1
2002,Other Civilizations,Islamic,A,1
2002,Other Civilizations,Islamic,P_A,1
2002,Other Civilizations,Japanese,A,1
2002,Other Civilizations,Japanese,H_A,2
2002,Other Civilizations,Other Civilizations,A,81
2002,Other Civilizations,Other Civilizations,H_A,27
2002,Other Civilizations,Other Civilizations,P_A,185
2002,Other Civilizations,Sinic,A,2
2002,Other Civilizations,Sinic,P_A,1
2002,Other Civilizations,United States,A,7
2002,Other Civilizations,United States,H_A,8
2002,Other Civilizations,United States,P_A,19
2002,Other Civilizations,Unknown,A,149
2002,Other Civilizations,Unknown,H_A,43
2002,Other Civilizations,Unknown,P_A,225
2002,Other Western,Anglosphere ex-US,A,2
2002,Other Western,Anglosphere ex-US,P_A,3
2002,Other Western,Continental Europe,A,2
2002,Other Western,Continental Europe,H_A,3
2002,Other Western,Continental Europe,P_A,2
2002,Other Western,Other Civilizations,H_A,1
2002,Other Western,Other Civilizations,P_A,1
2002,Other Western,Other Western,A,6
2002,Other Western,Other Western,H_A,9
2002,Other Western,Other Western,P_A,71
2002,Other Western,United States,A,1
2002,Other Western,United States,H_A,6
2002,Other Western,United States,P_A,14
2002,Other Western,Unknown,A,23
2002,Other Western,Unknown,H_A,12
2002,Other Western,Unknown,P_A,46
2002,Sinic,Anglosphere ex-US,A,7
2002,Sinic,Anglosphere ex-US,H_A,3
2002,Sinic,Anglosphere ex-US,P_A,19
2002,Sinic,Continental Europe,A,4
2002,Sinic,Continental Europe,H_A,1
2002,Sinic,Continental Europe,P_A,9
2002,Sinic,Hindu,P_A,2
2002,Sinic,Islamic,A,1
2002,Sinic,Islamic,H_A,2
2002,Sinic,Islamic,P_A,2
2002,Sinic,Japanese,A,1
2002,Sinic,Japanese,H_A,2
2002,Sinic,Japanese,P_A,3
2002,Sinic,Other Civilizations,A,4
2002,Sinic,Other Civilizations,P_A,2
2002,Sinic,Sinic,A,112
2002,Sinic,Sinic,H_A,63
2002,Sinic,Sinic,P_A,386
2002,Sinic,United States,A,2
2002,Sinic,United States,H_A,4
2002,Sinic,United States,P_A,25
2002,Sinic,Unknown,A,128
2002,Sinic,Unknown,H_A,50
2002,Sinic,Unknown,P_A,279
2002,United States,Anglosphere ex-US,A,18
2002,United States,Anglosphere ex-US,H_A,21
2002,United States,Anglosphere ex-US,P_A,97
2002,United States,Continental Europe,A,38
2002,United States,Continental Europe,H_A,39
2002,United States,Continental Europe,P_A,128
2002,United States,Hindu,A,6
2002,United States,Hindu,H_A,2
2002,United States,Hindu,P_A,12
2002,United States,Islamic,A,8
2002,United States,Islamic,H_A,2
2002,United States,Islamic,P_A,16
2002,United States,Japanese,A,12
2002,United States,Japanese,H_A,2
2002,United States,Japanese,P_A,24
2002,United States,Other Civilizations,A,6
2002,United States,Other Civilizations,H_A,10
2002,United States,Other Civilizations,P_A,18
2002,United States,Other Western,A,1
2002,United States,Other Western,H_A,6
2002,United States,Other Western,P_A,13
2002,United States,Sinic,A,28
2002,United States,Sinic,H_A,27
2002,United States,Sinic,P_A,108
2002,United States,United States,A,67
2002,United States,United States,H_A,77
2002,United States,United States,P_A,565
2002,United States,Unknown,A,303
2002,United States,Unknown,H_A,207
2002,United States,Unknown,P_A,913
2003,Anglosphere ex-US,Anglosphere ex-US,A,36
2003,Anglosphere ex-US,Anglosphere ex-US,H_A,54
2003,Anglosphere ex-US,Anglosphere ex-US,P_A,646
2003,Anglosphere ex-US,Continental Europe,A,7
2003,Anglosphere ex-US,Continental Europe,H_A,24
2003,Anglosphere ex-US,Continental Europe,P_A,132
2003,Anglosphere ex-US,Hindu,A,1
2003,Anglosphere ex-US,Hindu,H_A,2
2003,Anglosphere ex-US,Hindu,P_A,4
2003,Anglosphere ex-US,Islamic,A,7
2003,Anglosphere ex-US,Islamic,H_A,3
2003,Anglosphere ex-US,Islamic,P_A,21
2003,Anglosphere ex-US,Japanese,P_A,6
2003,Anglosphere ex-US,Other Civilizations,A,5
2003,Anglosphere ex-US,Other Civilizations,H_A,4
2003,Anglosphere ex-US,Other Civilizations,P_A,24
2003,Anglosphere ex-US,Other Western,A,1
2003,Anglosphere ex-US,Other Western,P_A,4
2003,Anglosphere ex-US,Sinic,A,26
2003,Anglosphere ex-US,Sinic,H_A,14
2003,Anglosphere ex-US,Sinic,P_A,138
2003,Anglosphere ex-US,United States,A,11
2003,Anglosphere ex-US,United States,H_A,12
2003,Anglosphere ex-US,United States,P_A,95
2003,Anglosphere ex-US,Unknown,A,125
2003,Anglosphere ex-US,Unknown,H_A,112
2003,Anglosphere ex-US,Unknown,P_A,733
2003,Continental Europe,Anglosphere ex-US,A,15
2003,Continental Europe,Anglosphere ex-US,H_A,33
2003,Continental Europe,Anglosphere ex-US,P_A,108
2003,Continental Europe,Continental Europe,A,124
2003,Continental Europe,Continental Europe,H_A,160
2003,Continental Europe,Continental Europe,P_A,1027
2003,Continental Europe,Hindu,A,5
2003,Continental Europe,Hindu,H_A,2
2003,Continental Europe,Hindu,P_A,3
2003,Continental Europe,Islamic,A,4
2003,Continental Europe,Islamic,H_A,1
2003,Continental Europe,Islamic,P_A,17
2003,Continental Europe,Japanese,A,6
2003,Continental Europe,Japanese,H_A,5
2003,Continental Europe,Japanese,P_A,13
2003,Continental Europe,Other Civilizations,A,18
2003,Continental Europe,Other Civilizations,H_A,13
2003,Continental Europe,Other Civilizations,P_A,43
2003,Continental Europe,Other Western,H_A,2
2003,Continental Europe,Other Western,P_A,4
2003,Continental Europe,Sinic,A,9
2003,Continental Europe,Sinic,H_A,6
2003,Continental Europe,Sinic,P_A,41
2003,Continental Europe,United States,A,9
2003,Continental Europe,United States,H_A,27
2003,Continental Europe,United States,P_A,86
2003,Continental Europe,Unknown,A,241
2003,Continental Europe,Unknown,H_A,202
2003,Continental Europe,Unknown,P_A,993
2003,Hindu,Anglosphere ex-US,A,1
2003,Hindu,Anglosphere ex-US,P_A,3
2003,Hindu,Continental Europe,A,1
2003,Hindu,Continental Europe,H_A,1
2003,Hindu,Continental Europe,P_A,3
2003,Hindu,Hindu,A,11
2003,Hindu,Hindu,H_A,7
2003,Hindu,Hindu,P_A,46
2003,Hindu,Islamic,A,2
2003,Hindu,Islamic,P_A,1
2003,Hindu,Japanese,A,1
2003,Hindu,Other Civilizations,P_A,1
2003,Hindu,Sinic,P_A,5
2003,Hindu,United States,A,1
2003,Hindu,United States,H_A,3
2003,Hindu,United States,P_A,10
2003,Hindu,Unknown,A,14
2003,Hindu,Unknown,H_A,2
2003,Hindu,Unknown,P_A,48
2003,Islamic,Anglosphere ex-US,A,7
2003,Islamic,Anglosphere ex-US,H_A,1
2003,Islamic,Anglosphere ex-US,P_A,10
2003,Islamic,Continental Europe,A,4
2003,Islamic,Continental Europe,H_A,1
2003,Islamic,Continental Europe,P_A,9
2003,Islamic,Hindu,P_A,4
2003,Islamic,Islamic,A,33
2003,Islamic,Islamic,H_A,15
2003,Islamic,Islamic,P_A,84
2003,Islamic,Japanese,A,2
2003,Islamic,Other Civilizations,P_A,1
2003,Islamic,Other Western,P_A,1
2003,Islamic,Sinic,A,2
2003,Islamic,United States,A,1
2003,Islamic,United States,H_A,2
2003,Islamic,United States,P_A,10
2003,Islamic,Unknown,A,49
2003,Islamic,Unknown,H_A,12
2003,Islamic,Unknown,P_A,81
2003,Japanese,Anglosphere ex-US,A,3
2003,Japanese,Anglosphere ex-US,P_A,11
2003,Japanese,Continental Europe,A,1
2003,Japanese,Continental Europe,H_A,2
2003,Japanese,Continental Europe,P_A,14
2003,Japanese,Hindu,P_A,1
2003,Japanese,Islamic,A,5
2003,Japanese,Islamic,H_A,1
2003,Japanese,Islamic,P_A,4
2003,Japanese,Japanese,A,53
2003,Japanese,Japanese,H_A,27
2003,Japanese,Japanese,P_A,212
2003,Japanese,Other Civilizations,A,2
2003,Japanese,Other Civilizations,P_A,4
2003,Japanese,Other Western,P_A,1
2003,Japanese,Sinic,A,8
2003,Japanese,Sinic,H_A,9
2003,Japanese,Sinic,P_A,14
2003,Japanese,United States,A,5
2003,Japanese,United States,H_A,3
2003,Japanese,United States,P_A,9
2003,Japanese,Unknown,A,87
2003,Japanese,Unknown,H_A,45
2003,Japanese,Unknown,P_A,231
2003,Other Civilizations,Anglosphere ex-US,A,4
2003,Other Civilizations,Anglosphere ex-US,H_A,5
2003,Other Civilizations,Anglosphere ex-US,P_A,22
2003,Other Civilizations,Continental Europe,A,15
2003,Other Civilizations,Continental Europe,H_A,15
2003,Other Civilizations,Continental Europe,P_A,40
2003,Other Civilizations,Hindu,A,1
2003,Other Civilizations,Islamic,A,2
2003,Other Civilizations,Islamic,P_A,4
2003,Other Civilizations,Japanese,A,1
2003,Other Civilizations,Japanese,H_A,2
2003,Other Civilizations,Other Civilizations,A,103
2003,Other Civilizations,Other Civilizations,H_A,35
2003,Other Civilizations,Other Civilizations,P_A,267
2003,Other Civilizations,Sinic,A,3
2003,Other Civilizations,Sinic,P_A,11
2003,Other Civilizations,United States,A,8
2003,Other Civilizations,United States,H_A,8
2003,Other Civilizations,United States,P_A,28
2003,Other Civilizations,Unknown,A,173
2003,Other Civilizations,Unknown,H_A,63
2003,Other Civilizations,Unknown,P_A,309
2003,Other Western,Anglosphere ex-US,A,2
2003,Other Western,Anglosphere ex-US,P_A,3
2003,Other Western,Continental Europe,A,2
2003,Other Western,Continental Europe,H_A,2
2003,Other Western,Continental Europe,P_A,4
2003,Other Western,Other Civilizations,H_A,1
2003,Other Western,Other Civilizations,P_A,2
2003,Other Western,Other Western,A,9
2003,Other Western,Other Western,H_A,8
2003,Other Western,Other Western,P_A,97
2003,Other Western,Sinic,A,1
2003,Other Western,Sinic,P_A,1
2003,Other Western,United States,A,1
2003,Other Western,United States,H_A,7
2003,Other Western,United States,P_A,20
2003,Other Western,Unknown,A,21
2003,Other Western,Unknown,H_A,17
2003,Other Western,Unknown,P_A,64
2003,Sinic,Anglosphere ex-US,A,8
2003,Sinic,Anglosphere ex-US,H_A,7
2003,Sinic,Anglosphere ex-US,P_A,31
2003,Sinic,Continental Europe,A,7
2003,Sinic,Continental Europe,H_A,2
2003,Sinic,Continental Europe,P_A,15
2003,Sinic,Hindu,H_A,1
2003,Sinic,Hindu,P_A,3
2003,Sinic,Islamic,A,1
2003,Sinic,Islamic,H_A,2
2003,Sinic,Islamic,P_A,2
2003,Sinic,Japanese,A,1
2003,Sinic,Japanese,H_A,2
2003,Sinic,Japanese,P_A,5
2003,Sinic,Other Civilizations,A,5
2003,Sinic,Other Civilizations,H_A,1
2003,Sinic,Other Civilizations,P_A,3
2003,Sinic,Sinic,A,171
2003,Sinic,Sinic,H_A,98
2003,Sinic,Sinic,P_A,608
2003,Sinic,United States,A,8
2003,Sinic,United States,H_A,7
2003,Sinic,United States,P_A,50
2003,Sinic,Unknown,A,166
2003,Sinic,Unknown,H_A,66
2003,Sinic,Unknown,P_A,416
2003,United States,Anglosphere ex-US,A,22
2003,United States,Anglosphere ex-US,H_A,23
2003,United States,Anglosphere ex-US,P_A,143
2003,United States,Continental Europe,A,51
2003,United States,Continental Europe,H_A,53
2003,United States,Continental Europe,P_A,178
2003,United States,Hindu,A,5
2003,United States,Hindu,H_A,2
2003,United States,Hindu,P_A,23
2003,United States,Islamic,A,9
2003,United States,Islamic,H_A,6
2003,United States,Islamic,P_A,25
2003,United States,Japanese,A,19
2003,United States,Japanese,H_A,4
2003,United States,Japanese,P_A,30
2003,United States,Other Civilizations,A,4
2003,United States,Other Civilizations,H_A,17
2003,United States,Other Civilizations,P_A,29
2003,United States,Other Western,A,1
2003,United States,Other Western,H_A,6
2003,United States,Other Western,P_A,18
2003,United States,Sinic,A,41
2003,United States,Sinic,H_A,44
2003,United States,Sinic,P_A,214
2003,United States,United States,A,81
2003,United States,United States,H_A,109
2003,United States,United States,P_A,750
2003,United States,Unknown,A,350
2003,United States,Unknown,H_A,265
2003,United States,Unknown,P_A,1225
2004,Anglosphere ex-US,Anglosphere ex-US,A,42
2004,Anglosphere ex-US,Anglosphere ex-US,H_A,56
2004,Anglosphere ex-US,Anglosphere ex-US,P_A,800
2004,Anglosphere ex-US,Continental Europe,A,12
2004,Anglosphere ex-US,Continental Europe,H_A,24
2004,Anglosphere ex-US,Continental Europe,P_A,174
2004,Anglosphere ex-US,Hindu,A,3
2004,Anglosphere ex-US,Hindu,H_A,3
2004,Anglosphere ex-US,Hindu,P_A,7
2004,Anglosphere ex-US,Islamic,A,9
2004,Anglosphere ex-US,Islamic,H_A,6
2004,Anglosphere ex-US,Islamic,P_A,31
2004,Anglosphere ex-US,Japanese,A,4
2004,Anglosphere ex-US,Japanese,P_A,10
2004,Anglosphere ex-US,Other Civilizations,A,5
2004,Anglosphere ex-US,Other Civilizations,H_A,5
2004,Anglosphere ex-US,Other Civilizations,P_A,37
2004,Anglosphere ex-US,Other Western,P_A,5
2004,Anglosphere ex-US,Sinic,A,44
2004,Anglosphere ex-US,Sinic,H_A,20
2004,Anglosphere ex-US,Sinic,P_A,185
2004,Anglosphere ex-US,United States,A,9
2004,Anglosphere ex-US,United States,H_A,19
2004,Anglosphere ex-US,United States,P_A,126
2004,Anglosphere ex-US,Unknown,A,154
2004,Anglosphere ex-US,Unknown,H_A,152
2004,Anglosphere ex-US,Unknown,P_A,954
2004,Continental Europe,Anglosphere ex-US,A,20
2004,Continental Europe,Anglosphere ex-US,H_A,33
2004,Continental Europe,Anglosphere ex-US,P_A,148
2004,Continental Europe,Continental Europe,A,150
2004,Continental Europe,Continental Europe,H_A,208
2004,Continental Europe,Continental Europe,P_A,1301
2004,Continental Europe,Hindu,A,5
2004,Continental Europe,Hindu,H_A,2
2004,Continental Europe,Hindu,P_A,3
2004,Continental Europe,Islamic,A,6
2004,Continental Europe,Islamic,H_A,4
2004,Continental Europe,Islamic,P_A,22
2004,Continental Europe,Japanese,A,8
2004,Continental Europe,Japanese,H_A,5
2004,Continental Europe,Japanese,P_A,16
2004,Continental Europe,Other Civilizations,A,15
2004,Continental Europe,Other Civilizations,H_A,19
2004,Continental Europe,Other Civilizations,P_A,51
2004,Continental Europe,Other Western,A,1
2004,Continental Europe,Other Western,H_A,2
2004,Continental Europe,Other Western,P_A,6
2004,Continental Europe,Sinic,A,12
2004,Continental Europe,Sinic,H_A,6
2004,Continental Europe,Sinic,P_A,65
2004,Continental Europe,United States,A,12
2004,Continental Europe,United States,H_A,29
2004,Continental Europe,United States,P_A,120
2004,Continental Europe,Unknown,A,287
2004,Continental Europe,Unknown,H_A,238
2004,Continental Europe,Unknown,P_A,1257
2004,Hindu,Anglosphere ex-US,A,1
2004,Hindu,Anglosphere ex-US,P_A,5
2004,Hindu,Continental Europe,A,1
2004,Hindu,Continental Europe,H_A,1
2004,Hindu,Continental Europe,P_A,3
2004,Hindu,Hindu,A,14
2004,Hindu,Hindu,H_A,8
2004,Hindu,Hindu,P_A,61
2004,Hindu,Islamic,A,2
2004,Hindu,Islamic,P_A,1
2004,Hindu,Japanese,P_A,1
2004,Hindu,Other Civilizations,P_A,1
2004,Hindu,Sinic,H_A,1
2004,Hindu,Sinic,P_A,8
2004,Hindu,United States,A,1
2004,Hindu,United States,H_A,4
2004,Hindu,United States,P_A,17
2004,Hindu,Unknown,A,16
2004,Hindu,Unknown,H_A,7
2004,Hindu,Unknown,P_A,58
2004,Islamic,Anglosphere ex-US,A,5
2004,Islamic,Anglosphere ex-US,H_A,1
2004,Islamic,Anglosphere ex-US,P_A,13
2004,Islamic,Continental Europe,A,5
2004,Islamic,Continental Europe,P_A,12
2004,Islamic,Hindu,P_A,5
2004,Islamic,Islamic,A,34
2004,Islamic,Islamic,H_A,23
2004,Islamic,Islamic,P_A,105
2004,Islamic,Japanese,A,2
2004,Islamic,Other Civilizations,P_A,1
2004,Islamic,Other Western,P_A,1
2004,Islamic,Sinic,A,2
2004,Islamic,Sinic,P_A,5
2004,Islamic,United States,A,2
2004,Islamic,United States,H_A,1
2004,Islamic,United States,P_A,11
2004,Islamic,Unknown,A,63
2004,Islamic,Unknown,H_A,16
2004,Islamic,Unknown,P_A,107
2004,Japanese,Anglosphere ex-US,A,3
2004,Japanese,Anglosphere ex-US,H_A,1
2004,Japanese,Anglosphere ex-US,P_A,11
2004,Japanese,Continental Europe,H_A,2
2004,Japanese,Continental Europe,P_A,18
2004,Japanese,Hindu,P_A,2
2004,Japanese,Islamic,A,5
2004,Japanese,Islamic,H_A,2
2004,Japanese,Islamic,P_A,8
2004,Japanese,Japanese,A,49
2004,Japanese,Japanese,H_A,40
2004,Japanese,Japanese,P_A,275
2004,Japanese,Other Civilizations,A,4
2004,Japanese,Other Civilizations,P_A,7
2004,Japanese,Other Western,P_A,1
2004,Japanese,Sinic,A,13
2004,Japanese,Sinic,H_A,7
2004,Japanese,Sinic,P_A,35
2004,Japanese,United States,A,5
2004,Japanese,United States,H_A,6
2004,Japanese,United States,P_A,11
2004,Japanese,Unknown,A,99
2004,Japanese,Unknown,H_A,57
2004,Japanese,Unknown,P_A,277
2004,Other Civilizations,Anglosphere ex-US,A,7
2004,Other Civilizations,Anglosphere ex-US,H_A,6
2004,Other Civilizations,Anglosphere ex-US,P_A,24
2004,Other Civilizations,Continental Europe,A,22
2004,Other Civilizations,Continental Europe,H_A,14
2004,Other Civilizations,Continental Europe,P_A,57
2004,Other Civilizations,Hindu,A,1
2004,Other Civilizations,Islamic,A,4
2004,Other Civilizations,Islamic,P_A,5
2004,Other Civilizations,Japanese,A,2
2004,Other Civilizations,Japanese,H_A,2
2004,Other Civilizations,Other Civilizations,A,114
2004,Other Civilizations,Other Civilizations,H_A,47
2004,Other Civilizations,Other Civilizations,P_A,349
2004,Other Civilizations,Sinic,A,3
2004,Other Civilizations,Sinic,H_A,1
2004,Other Civilizations,Sinic,P_A,19
2004,Other Civilizations,United States,A,11
2004,Other Civilizations,United States,H_A,5
2004,Other Civilizations,United States,P_A,38
2004,Other Civilizations,Unknown,A,208
2004,Other Civilizations,Unknown,H_A,75
2004,Other Civilizations,Unknown,P_A,395
2004,Other Western,Anglosphere ex-US,A,1
2004,Other Western,Anglosphere ex-US,H_A,1
2004,Other Western,Anglosphere ex-US,P_A,5
2004,Other Western,Continental Europe,A,2
2004,Other Western,Continental Europe,H_A,2
2004,Other Western,Continental Europe,P_A,5
2004,Other Western,Other Civilizations,H_A,1
2004,Other Western,Other Civilizations,P_A,2
2004,Other Western,Other Western,A,8
2004,Other Western,Other Western,H_A,9
2004,Other Western,Other Western,P_A,116
2004,Other Western,Sinic,A,1
2004,Other Western,Sinic,P_A,2
2004,Other Western,United States,A,1
2004,Other Western,United States,H_A,8
2004,Other Western,United States,P_A,28
2004,Other Western,Unknown,A,22
2004,Other Western,Unknown,H_A,25
2004,Other Western,Unknown,P_A,87
2004,Sinic,Anglosphere ex-US,A,10
2004,Sinic,Anglosphere ex-US,H_A,9
2004,Sinic,Anglosphere ex-US,P_A,41
2004,Sinic,Continental Europe,A,8
2004,Sinic,Continental Europe,H_A,4
2004,Sinic,Continental Europe,P_A,20
2004,Sinic,Hindu,A,1
2004,Sinic,Hindu,H_A,1
2004,Sinic,Hindu,P_A,5
2004,Sinic,Islamic,A,2
2004,Sinic,Islamic,H_A,1
2004,Sinic,Islamic,P_A,4
2004,Sinic,Japanese,A,2
2004,Sinic,Japanese,H_A,2
2004,Sinic,Japanese,P_A,7
2004,Sinic,Other Civilizations,A,4
2004,Sinic,Other Civilizations,H_A,1
2004,Sinic,Other Civilizations,P_A,5
2004,Sinic,Sinic,A,222
2004,Sinic,Sinic,H_A,127
2004,Sinic,Sinic,P_A,858
2004,Sinic,United States,A,11
2004,Sinic,United States,H_A,17
2004,Sinic,United States,P_A,72
2004,Sinic,Unknown,A,198
2004,Sinic,Unknown,H_A,95
2004,Sinic,Unknown,P_A,565
2004,United States,Anglosphere ex-US,A,28
2004,United States,Anglosphere ex-US,H_A,35
2004,United States,Anglosphere ex-US,P_A,191
2004,United States,Continental Europe,A,62
2004,United States,Continental Europe,H_A,64
2004,United States,Continental Europe,P_A,218
2004,United States,Hindu,A,8
2004,United States,Hindu,H_A,5
2004,United States,Hindu,P_A,34
2004,United States,Islamic,A,13
2004,United States,Islamic,H_A,6
2004,United States,Islamic,P_A,41
2004,United States,Japanese,A,21
2004,United States,Japanese,H_A,9
2004,United States,Japanese,P_A,40
2004,United States,Other Civilizations,A,5
2004,United States,Other Civilizations,H_A,16
2004,United States,Other Civilizations,P_A,37
2004,United States,Other Western,A,2
2004,United States,Other Western,H_A,6
2004,United States,Other Western,P_A,21
2004,United States,Sinic,A,62
2004,United States,Sinic,H_A,64
2004,United States,Sinic,P_A,347
2004,United States,United States,A,90
2004,United States,United States,H_A,123
2004,United States,United States,P_A,970
2004,United States,Unknown,A,382
2004,United States,Unknown,H_A,322
2004,United States,Unknown,P_A,1556
2005,Anglosphere ex-US,Anglosphere ex-US,A,56
2005,Anglosphere ex-US,Anglosphere ex-US,H_A,68
2005,Anglosphere ex-US,Anglosphere ex-US,P_A,967
2005,Anglosphere ex-US,Continental Europe,A,15
2005,Anglosphere ex-US,Continental Europe,H_A,24
2005,Anglosphere ex-US,Continental Europe,P_A,227
2005,Anglosphere ex-US,Hindu,A,3
2005,Anglosphere ex-US,Hindu,H_A,4
2005,Anglosphere ex-US,Hindu,P_A,12
2005,Anglosphere ex-US,Islamic,A,11
2005,Anglosphere ex-US,Islamic,H_A,7
2005,Anglosphere ex-US,Islamic,P_A,43
2005,Anglosphere ex-US,Japanese,A,4
2005,Anglosphere ex-US,Japanese,H_A,4
2005,Anglosphere ex-US,Japanese,P_A,17
2005,Anglosphere ex-US,Other Civilizations,A,5
2005,Anglosphere ex-US,Other Civilizations,H_A,3
2005,Anglosphere ex-US,Other Civilizations,P_A,45
2005,Anglosphere ex-US,Other Western,P_A,5
2005,Anglosphere ex-US,Sinic,A,46
2005,Anglosphere ex-US,Sinic,H_A,34
2005,Anglosphere ex-US,Sinic,P_A,253
2005,Anglosphere ex-US,United States,A,12
2005,Anglosphere ex-US,United States,H_A,24
2005,Anglosphere ex-US,United States,P_A,167
2005,Anglosphere ex-US,Unknown,A,173
2005,Anglosphere ex-US,Unknown,H_A,163
2005,Anglosphere ex-US,Unknown,P_A,1189
2005,Continental Europe,Anglosphere ex-US,A,22
2005,Continental Europe,Anglosphere ex-US,H_A,42
2005,Continental Europe,Anglosphere ex-US,P_A,201
2005,Continental Europe,Continental Europe,A,165
2005,Continental Europe,Continental Europe,H_A,230
2005,Continental Europe,Continental Europe,P_A,1688
2005,Continental Europe,Hindu,A,5
2005,Continental Europe,Hindu,H_A,2
2005,Continental Europe,Hindu,P_A,6
2005,Continental Europe,Islamic,A,10
2005,Continental Europe,Islamic,H_A,5
2005,Continental Europe,Islamic,P_A,31
2005,Continental Europe,Japanese,A,11
2005,Continental Europe,Japanese,H_A,4
2005,Continental Europe,Japanese,P_A,19
2005,Continental Europe,Other Civilizations,A,17
2005,Continental Europe,Other Civilizations,H_A,23
2005,Continental Europe,Other Civilizations,P_A,68
2005,Continental Europe,Other Western,A,1
2005,Continental Europe,Other Western,H_A,2
2005,Continental Europe,Other Western,P_A,8
2005,Continental Europe,Sinic,A,17
2005,Continental Europe,Sinic,H_A,11
2005,Continental Europe,Sinic,P_A,99
2005,Continental Europe,United States,A,18
2005,Continental Europe,United States,H_A,33
2005,Continental Europe,United States,P_A,160
2005,Continental Europe,Unknown,A,334
2005,Continental Europe,Unknown,H_A,316
2005,Continental Europe,Unknown,P_A,1569
2005,Hindu,Anglosphere ex-US,A,1
2005,Hindu,Anglosphere ex-US,H_A,1
2005,Hindu,Anglosphere ex-US,P_A,6
2005,Hindu,Continental Europe,A,1
2005,Hindu,Continental Europe,H_A,2
2005,Hindu,Continental Europe,P_A,6
2005,Hindu,Hindu,A,20
2005,Hindu,Hindu,H_A,14
2005,Hindu,Hindu,P_A,89
2005,Hindu,Islamic,A,2
2005,Hindu,Islamic,P_A,1
2005,Hindu,Japanese,P_A,1
2005,Hindu,Other Civilizations,H_A,1
2005,Hindu,Other Civilizations,P_A,1
2005,Hindu,Sinic,A,1
2005,Hindu,Sinic,P_A,12
2005,Hindu,United States,A,1
2005,Hindu,United States,H_A,3
2005,Hindu,United States,P_A,22
2005,Hindu,Unknown,A,21
2005,Hindu,Unknown,H_A,14
2005,Hindu,Unknown,P_A,80
2005,Islamic,Anglosphere ex-US,A,5
2005,Islamic,Anglosphere ex-US,H_A,1
2005,Islamic,Anglosphere ex-US,P_A,18
2005,Islamic,Continental Europe,A,7
2005,Islamic,Continental Europe,H_A,1
2005,Islamic,Continental Europe,P_A,18
2005,Islamic,Hindu,P_A,6
2005,Islamic,Islamic,A,47
2005,Islamic,Islamic,H_A,27
2005,Islamic,Islamic,P_A,128
2005,Islamic,Japanese,A,3
2005,Islamic,Other Civilizations,P_A,2
2005,Islamic,Other Western,P_A,1
2005,Islamic,Sinic,A,4
2005,Islamic,Sinic,P_A,10
2005,Islamic,United States,A,3
2005,Islamic,United States,H_A,1
2005,Islamic,United States,P_A,12
2005,Islamic,Unknown,A,81
2005,Islamic,Unknown,H_A,19
2005,Islamic,Unknown,P_A,143
2005,Japanese,Anglosphere ex-US,A,3
2005,Japanese,Anglosphere ex-US,H_A,1
2005,Japanese,Anglosphere ex-US,P_A,13
2005,Japanese,Continental Europe,A,2
2005,Japanese,Continental Europe,H_A,2
2005,Japanese,Continental Europe,P_A,18
2005,Japanese,Hindu,A,1
2005,Japanese,Hindu,H_A,1
2005,Japanese,Hindu,P_A,2
2005,Japanese,Islamic,A,6
2005,Japanese,Islamic,H_A,2
2005,Japanese,Islamic,P_A,12
2005,Japanese,Japanese,A,63
2005,Japanese,Japanese,H_A,52
2005,Japanese,Japanese,P_A,329
2005,Japanese,Other Civilizations,A,5
2005,Japanese,Other Civilizations,H_A,1
2005,Japanese,Other Civilizations,P_A,7
2005,Japanese,Other Western,P_A,1
2005,Japanese,Sinic,A,22
2005,Japanese,Sinic,H_A,11
2005,Japanese,Sinic,P_A,47
2005,Japanese,United States,A,7
2005,Japanese,United States,H_A,7
2005,Japanese,United States,P_A,20
2005,Japanese,Unknown,A,121
2005,Japanese,Unknown,H_A,66
2005,Japanese,Unknown,P_A,342
2005,Other Civilizations,Anglosphere ex-US,A,10
2005,Other Civilizations,Anglosphere ex-US,H_A,10
2005,Other Civilizations,Anglosphere ex-US,P_A,35
2005,Other Civilizations,Continental Europe,A,22
2005,Other Civilizations,Continental Europe,H_A,13
2005,Other Civilizations,Continental Europe,P_A,82
2005,Other Civilizations,Hindu,A,2
2005,Other Civilizations,Islamic,A,4
2005,Other Civilizations,Islamic,P_A,5
2005,Other Civilizations,Japanese,A,4
2005,Other Civilizations,Japanese,H_A,2
2005,Other Civilizations,Japanese,P_A,3
2005,Other Civilizations,Other Civilizations,A,114
2005,Other Civilizations,Other Civilizations,H_A,56
2005,Other Civilizations,Other Civilizations,P_A,436
2005,Other Civilizations,Sinic,A,5
2005,Other Civilizations,Sinic,H_A,1
2005,Other Civilizations,Sinic,P_A,29
2005,Other Civilizations,United States,A,12
2005,Other Civilizations,United States,H_A,7
2005,Other Civilizations,United States,P_A,48
2005,Other Civilizations,Unknown,A,230
2005,Other Civilizations,Unknown,H_A,88
2005,Other Civilizations,Unknown,P_A,494
2005,Other Western,Anglosphere ex-US,A,1
2005,Other Western,Anglosphere ex-US,H_A,1
2005,Other Western,Anglosphere ex-US,P_A,6
2005,Other Western,Continental Europe,A,2
2005,Other Western,Continental Europe,H_A,4
2005,Other Western,Continental Europe,P_A,6
2005,Other Western,Other Civilizations,H_A,1
2005,Other Western,Other Civilizations,P_A,2
2005,Other Western,Other Western,A,9
2005,Other Western,Other Western,H_A,12
2005,Other Western,Other Western,P_A,139
2005,Other Western,Sinic,A,1
2005,Other Western,Sinic,P_A,2
2005,Other Western,United States,A,1
2005,Other Western,United States,H_A,8
2005,Other Western,United States,P_A,32
2005,Other Western,Unknown,A,21
2005,Other Western,Unknown,H_A,31
2005,Other Western,Unknown,P_A,98
2005,Sinic,Anglosphere ex-US,A,12
2005,Sinic,Anglosphere ex-US,H_A,10
2005,Sinic,Anglosphere ex-US,P_A,69
2005,Sinic,Continental Europe,A,7
2005,Sinic,Continental Europe,H_A,6
2005,Sinic,Continental Europe,P_A,24
2005,Sinic,Hindu,A,1
2005,Sinic,Hindu,H_A,1
2005,Sinic,Hindu,P_A,7
2005,Sinic,Islamic,A,2
2005,Sinic,Islamic,H_A,1
2005,Sinic,Islamic,P_A,6
2005,Sinic,Japanese,A,4
2005,Sinic,Japanese,H_A,2
2005,Sinic,Japanese,P_A,9
2005,Sinic,Other Civilizations,A,4
2005,Sinic,Other Civilizations,H_A,1
2005,Sinic,Other Civilizations,P_A,6
2005,Sinic,Sinic,A,282
2005,Sinic,Sinic,H_A,154
2005,Sinic,Sinic,P_A,1276
2005,Sinic,United States,A,23
2005,Sinic,United States,H_A,19
2005,Sinic,United States,P_A,104
2005,Sinic,Unknown,A,241
2005,Sinic,Unknown,H_A,106
2005,Sinic,Unknown,P_A,750
2005,United States,Anglosphere ex-US,A,30
2005,United States,Anglosphere ex-US,H_A,57
2005,United States,Anglosphere ex-US,P_A,251
2005,United States,Continental Europe,A,71
2005,United States,Continental Europe,H_A,71
2005,United States,Continental Europe,P_A,295
2005,United States,Hindu,A,13
2005,United States,Hindu,H_A,9
2005,United States,Hindu,P_A,54
2005,United States,Islamic,A,14
2005,United States,Islamic,H_A,9
2005,United States,Islamic,P_A,53
2005,United States,Japanese,A,27
2005,United States,Japanese,H_A,9
2005,United States,Japanese,P_A,54
2005,United States,Other Civilizations,A,5
2005,United States,Other Civilizations,H_A,21
2005,United States,Other Civilizations,P_A,49
2005,United States,Other Western,A,2
2005,United States,Other Western,H_A,7
2005,United States,Other Western,P_A,31
2005,United States,Sinic,A,79
2005,United States,Sinic,H_A,98
2005,United States,Sinic,P_A,550
2005,United States,United States,A,97
2005,United States,United States,H_A,154
2005,United States,United States,P_A,1252
2005,United States,Unknown,A,453
2005,United States,Unknown,H_A,406
2005,United States,Unknown,P_A,1923
2006,Anglosphere ex-US,Anglosphere ex-US,A,62
2006,Anglosphere ex-US,Anglosphere ex-US,H_A,80
2006,Anglosphere ex-US,Anglosphere ex-US,P_A,1148
2006,Anglosphere ex-US,Continental Europe,A,20
2006,Anglosphere ex-US,Continental Europe,H_A,30
2006,Anglosphere ex-US,Continental Europe,P_A,267
2006,Anglosphere ex-US,Hindu,A,7
2006,Anglosphere ex-US,Hindu,H_A,5
2006,Anglosphere ex-US,Hindu,P_A,18
2006,Anglosphere ex-US,Islamic,A,14
2006,Anglosphere ex-US,Islamic,H_A,14
2006,Anglosphere ex-US,Islamic,P_A,65
2006,Anglosphere ex-US,Japanese,A,4
2006,Anglosphere ex-US,Japanese,H_A,4
2006,Anglosphere ex-US,Japanese,P_A,21
2006,Anglosphere ex-US,Other Civilizations,A,4
2006,Anglosphere ex-US,Other Civilizations,H_A,6
2006,Anglosphere ex-US,Other Civilizations,P_A,52
2006,Anglosphere ex-US,Other Western,P_A,5
2006,Anglosphere ex-US,Sinic,A,47
2006,Anglosphere ex-US,Sinic,H_A,39
2006,Anglosphere ex-US,Sinic,P_A,358
2006,Anglosphere ex-US,United States,A,17
2006,Anglosphere ex-US,United States,H_A,29
2006,Anglosphere ex-US,United States,P_A,226
2006,Anglosphere ex-US,Unknown,A,210
2006,Anglosphere ex-US,Unknown,H_A,212
2006,Anglosphere ex-US,Unknown,P_A,1419
2006,Continental Europe,Anglosphere ex-US,A,31
2006,Continental Europe,Anglosphere ex-US,H_A,46
2006,Continental Europe,Anglosphere ex-US,P_A,258
2006,Continental Europe,Continental Europe,A,176
2006,Continental Europe,Continental Europe,H_A,290
2006,Continental Europe,Continental Europe,P_A,2124
2006,Continental Europe,Hindu,A,7
2006,Continental Europe,Hindu,H_A,2
2006,Continental Europe,Hindu,P_A,11
2006,Continental Europe,Islamic,A,20
2006,Continental Europe,Islamic,H_A,11
2006,Continental Europe,Islamic,P_A,47
2006,Continental Europe,Japanese,A,11
2006,Continental Europe,Japanese,H_A,5
2006,Continental Europe,Japanese,P_A,20
2006,Continental Europe,Other Civilizations,A,19
2006,Continental Europe,Other Civilizations,H_A,30
2006,Continental Europe,Other Civilizations,P_A,87
2006,Continental Europe,Other Western,A,1
2006,Continental Europe,Other Western,H_A,2
2006,Continental Europe,Other Western,P_A,9
2006,Continental Europe,Sinic,A,25
2006,Continental Europe,Sinic,H_A,17
2006,Continental Europe,Sinic,P_A,128
2006,Continental Europe,United States,A,18
2006,Continental Europe,United States,H_A,37
2006,Continental Europe,United States,P_A,201
2006,Continental Europe,Unknown,A,400
2006,Continental Europe,Unknown,H_A,406
2006,Continental Europe,Unknown,P_A,1977
2006,Hindu,Anglosphere ex-US,A,2
2006,Hindu,Anglosphere ex-US,H_A,1
2006,Hindu,Anglosphere ex-US,P_A,6
2006,Hindu,Continental Europe,A,1
2006,Hindu,Continental Europe,H_A,4
2006,Hindu,Continental Europe,P_A,7
2006,Hindu,Hindu,A,26
2006,Hindu,Hindu,H_A,24
2006,Hindu,Hindu,P_A,123
2006,Hindu,Islamic,A,4
2006,Hindu,Islamic,H_A,1
2006,Hindu,Islamic,P_A,2
2006,Hindu,Japanese,P_A,1
2006,Hindu,Other Civilizations,H_A,1
2006,Hindu,Other Civilizations,P_A,1
2006,Hindu,Sinic,A,1
2006,Hindu,Sinic,P_A,14
2006,Hindu,United States,A,1
2006,Hindu,United States,H_A,6
2006,Hindu,United States,P_A,27
2006,Hindu,Unknown,A,38
2006,Hindu,Unknown,H_A,17
2006,Hindu,Unknown,P_A,103
2006,Islamic,Anglosphere ex-US,A,7
2006,Islamic,Anglosphere ex-US,P_A,24
2006,Islamic,Continental Europe,A,7
2006,Islamic,Continental Europe,H_A,4
2006,Islamic,Continental Europe,P_A,22
2006,Islamic,Hindu,A,2
2006,Islamic,Hindu,P_A,6
2006,Islamic,Islamic,A,74
2006,Islamic,Islamic,H_A,27
2006,Islamic,Islamic,P_A,166
2006,Islamic,Japanese,A,2
2006,Islamic,Japanese,H_A,1
2006,Islamic,Other Civilizations,P_A,2
2006,Islamic,Other Western,P_A,1
2006,Islamic,Sinic,A,5
2006,Islamic,Sinic,H_A,1
2006,Islamic,Sinic,P_A,17
2006,Islamic,United States,A,5
2006,Islamic,United States,P_A,15
2006,Islamic,Unknown,A,104
2006,Islamic,Unknown,H_A,21
2006,Islamic,Unknown,P_A,183
2006,Japanese,Anglosphere ex-US,A,5
2006,Japanese,Anglosphere ex-US,H_A,3
2006,Japanese,Anglosphere ex-US,P_A,18
2006,Japanese,Continental Europe,A,3
2006,Japanese,Continental Europe,H_A,4
2006,Japanese,Continental Europe,P_A,22
2006,Japanese,Hindu,A,4
2006,Japanese,Hindu,H_A,1
2006,Japanese,Hindu,P_A,4
2006,Japanese,Islamic,A,6
2006,Japanese,Islamic,H_A,5
2006,Japanese,Islamic,P_A,15
2006,Japanese,Japanese,A,65
2006,Japanese,Japanese,H_A,57
2006,Japanese,Japanese,P_A,400
2006,Japanese,Other Civilizations,A,6
2006,Japanese,Other Civilizations,H_A,1
2006,Japanese,Other Civilizations,P_A,7
2006,Japanese,Other Western,P_A,1
2006,Japanese,Sinic,A,27
2006,Japanese,Sinic,H_A,14
2006,Japanese,Sinic,P_A,78
2006,Japanese,United States,A,8
2006,Japanese,United States,H_A,7
2006,Japanese,United States,P_A,32
2006,Japanese,Unknown,A,126
2006,Japanese,Unknown,H_A,72
2006,Japanese,Unknown,P_A,421
2006,Other Civilizations,Anglosphere ex-US,A,14
2006,Other Civilizations,Anglosphere ex-US,H_A,14
2006,Other Civilizations,Anglosphere ex-US,P_A,45
2006,Other Civilizations,Continental Europe,A,27
2006,Other Civilizations,Continental Europe,H_A,15
2006,Other Civilizations,Continental Europe,P_A,100
2006,Other Civilizations,Hindu,A,2
2006,Other Civilizations,Islamic,A,5
2006,Other Civilizations,Islamic,P_A,5
2006,Other Civilizations,Japanese,A,4
2006,Other Civilizations,Japanese,H_A,2
2006,Other Civilizations,Japanese,P_A,5
2006,Other Civilizations,Other Civilizations,A,139
2006,Other Civilizations,Other Civilizations,H_A,70
2006,Other Civilizations,Other Civilizations,P_A,527
2006,Other Civilizations,Other Western,A,1
2006,Other Civilizations,Sinic,A,7
2006,Other Civilizations,Sinic,P_A,43
2006,Other Civilizations,United States,A,15
2006,Other Civilizations,United States,H_A,10
2006,Other Civilizations,United States,P_A,56
2006,Other Civilizations,Unknown,A,260
2006,Other Civilizations,Unknown,H_A,98
2006,Other Civilizations,Unknown,P_A,610
2006,Other Western,Anglosphere ex-US,A,2
2006,Other Western,Anglosphere ex-US,H_A,2
2006,Other Western,Anglosphere ex-US,P_A,8
2006,Other Western,Continental Europe,A,2
2006,Other Western,Continental Europe,H_A,2
2006,Other Western,Continental Europe,P_A,11
2006,Other Western,Other Civilizations,H_A,1
2006,Other Western,Other Civilizations,P_A,2
2006,Other Western,Other Western,A,11
2006,Other Western,Other Western,H_A,18
2006,Other Western,Other Western,P_A,154
2006,Other Western,Sinic,A,1
2006,Other Western,Sinic,H_A,1
2006,Other Western,Sinic,P_A,2
2006,Other Western,United States,A,2
2006,Other Western,United States,H_A,5
2006,Other Western,United States,P_A,39
2006,Other Western,Unknown,A,28
2006,Other Western,Unknown,H_A,31
2006,Other Western,Unknown,P_A,124
2006,Sinic,Anglosphere ex-US,A,18
2006,Sinic,Anglosphere ex-US,H_A,10
2006,Sinic,Anglosphere ex-US,P_A,105
2006,Sinic,Continental Europe,A,10
2006,Sinic,Continental Europe,H_A,8
2006,Sinic,Continental Europe,P_A,31
2006,Sinic,Hindu,A,3
2006,Sinic,Hindu,H_A,1
2006,Sinic,Hindu,P_A,7
2006,Sinic,Islamic,A,2
2006,Sinic,Islamic,H_A,1
2006,Sinic,Islamic,P_A,9
2006,Sinic,Japanese,A,9
2006,Sinic,Japanese,H_A,2
2006,Sinic,Japanese,P_A,11
2006,Sinic,Other Civilizations,A,5
2006,Sinic,Other Civilizations,H_A,1
2006,Sinic,Other Civilizations,P_A,9
2006,Sinic,Other Western,P_A,1
2006,Sinic,Sinic,A,352
2006,Sinic,Sinic,H_A,201
2006,Sinic,Sinic,P_A,1796
2006,Sinic,United States,A,27
2006,Sinic,United States,H_A,27
2006,Sinic,United States,P_A,134
2006,Sinic,Unknown,A,280
2006,Sinic,Unknown,H_A,118
2006,Sinic,Unknown,P_A,999
2006,United States,Anglosphere ex-US,A,31
2006,United States,Anglosphere ex-US,H_A,64
2006,United States,Anglosphere ex-US,P_A,306
2006,United States,Continental Europe,A,84
2006,United States,Continental Europe,H_A,86
2006,United States,Continental Europe,P_A,365
2006,United States,Hindu,A,18
2006,United States,Hindu,H_A,15
2006,United States,Hindu,P_A,65
2006,United States,Islamic,A,17
2006,United States,Islamic,H_A,14
2006,United States,Islamic,P_A,75
2006,United States,Japanese,A,28
2006,United States,Japanese,H_A,12
2006,United States,Japanese,P_A,67
2006,United States,Other Civilizations,A,10
2006,United States,Other Civilizations,H_A,24
2006,United States,Other Civilizations,P_A,58
2006,United States,Other Western,A,6
2006,United States,Other Western,H_A,8
2006,United States,Other Western,P_A,34
2006,United States,Sinic,A,117
2006,United States,Sinic,H_A,117
2006,United States,Sinic,P_A,811
2006,United States,United States,A,117
2006,United States,United States,H_A,167
2006,United States,United States,P_A,1500
2006,United States,Unknown,A,505
2006,United States,Unknown,H_A,474
2006,United States,Unknown,P_A,2273
2007,Anglosphere ex-US,Anglosphere ex-US,A,66
2007,Anglosphere ex-US,Anglosphere ex-US,H_A,104
2007,Anglosphere ex-US,Anglosphere ex-US,P_A,1279
2007,Anglosphere ex-US,Continental Europe,A,20
2007,Anglosphere ex-US,Continental Europe,H_A,35
2007,Anglosphere ex-US,Continental Europe,P_A,306
2007,Anglosphere ex-US,Hindu,A,7
2007,Anglosphere ex-US,Hindu,H_A,7
2007,Anglosphere ex-US,Hindu,P_A,21
2007,Anglosphere ex-US,Islamic,A,14
2007,Anglosphere ex-US,Islamic,H_A,20
2007,Anglosphere ex-US,Islamic,P_A,91
2007,Anglosphere ex-US,Japanese,A,2
2007,Anglosphere ex-US,Japanese,H_A,7
2007,Anglosphere ex-US,Japanese,P_A,24
2007,Anglosphere ex-US,Other Civilizations,A,3
2007,Anglosphere ex-US,Other Civilizations,H_A,7
2007,Anglosphere ex-US,Other Civilizations,P_A,61
2007,Anglosphere ex-US,Other Western,H_A,1
2007,Anglosphere ex-US,Other Western,P_A,7
2007,Anglosphere ex-US,Sinic,A,64
2007,Anglosphere ex-US,Sinic,H_A,54
2007,Anglosphere ex-US,Sinic,P_A,439
2007,Anglosphere ex-US,United States,A,24
2007,Anglosphere ex-US,United States,H_A,41
2007,Anglosphere ex-US,United States,P_A,273
2007,Anglosphere ex-US,Unknown,A,220
2007,Anglosphere ex-US,Unknown,H_A,275
2007,Anglosphere ex-US,Unknown,P_A,1576
2007,Continental Europe,Anglosphere ex-US,A,40
2007,Continental Europe,Anglosphere ex-US,H_A,56
2007,Continental Europe,Anglosphere ex-US,P_A,298
2007,Continental Europe,Continental Europe,A,187
2007,Continental Europe,Continental Europe,H_A,336
2007,Continental Europe,Continental Europe,P_A,2457
2007,Continental Europe,Hindu,A,7
2007,Continental Europe,Hindu,H_A,2
2007,Continental Europe,Hindu,P_A,16
2007,Continental Europe,Islamic,A,28
2007,Continental Europe,Islamic,H_A,15
2007,Continental Europe,Islamic,P_A,57
2007,Continental Europe,Japanese,A,13
2007,Continental Europe,Japanese,H_A,4
2007,Continental Europe,Japanese,P_A,24
2007,Continental Europe,Other Civilizations,A,23
2007,Continental Europe,Other Civilizations,H_A,34
2007,Continental Europe,Other Civilizations,P_A,106
2007,Continental Europe,Other Western,H_A,2
2007,Continental Europe,Other Western,P_A,12
2007,Continental Europe,Sinic,A,28
2007,Continental Europe,Sinic,H_A,21
2007,Continental Europe,Sinic,P_A,160
2007,Continental Europe,United States,A,25
2007,Continental Europe,United States,H_A,38
2007,Continental Europe,United States,P_A,241
2007,Continental Europe,Unknown,A,448
2007,Continental Europe,Unknown,H_A,453
2007,Continental Europe,Unknown,P_A,2242
2007,Hindu,Anglosphere ex-US,A,3
2007,Hindu,Anglosphere ex-US,H_A,2
2007,Hindu,Anglosphere ex-US,P_A,8
2007,Hindu,Continental Europe,A,3
2007,Hindu,Continental Europe,H_A,4
2007,Hindu,Continental Europe,P_A,8
2007,Hindu,Hindu,A,27
2007,Hindu,Hindu,H_A,32
2007,Hindu,Hindu,P_A,152
2007,Hindu,Islamic,A,3
2007,Hindu,Islamic,H_A,1
2007,Hindu,Islamic,P_A,3
2007,Hindu,Japanese,A,1
2007,Hindu,Japanese,P_A,1
2007,Hindu,Other Civilizations,H_A,2
2007,Hindu,Other Civilizations,P_A,1
2007,Hindu,Sinic,A,1
2007,Hindu,Sinic,P_A,19
2007,Hindu,United States,A,4
2007,Hindu,United States,H_A,7
2007,Hindu,United States,P_A,31
2007,Hindu,Unknown,A,41
2007,Hindu,Unknown,H_A,29
2007,Hindu,Unknown,P_A,121
2007,Islamic,Anglosphere ex-US,A,8
2007,Islamic,Anglosphere ex-US,H_A,3
2007,Islamic,Anglosphere ex-US,P_A,28
2007,Islamic,Continental Europe,A,12
2007,Islamic,Continental Europe,H_A,4
2007,Islamic,Continental Europe,P_A,28
2007,Islamic,Hindu,A,4
2007,Islamic,Hindu,P_A,7
2007,Islamic,Islamic,A,96
2007,Islamic,Islamic,H_A,41
2007,Islamic,Islamic,P_A,217
2007,Islamic,Japanese,A,3
2007,Islamic,Japanese,H_A,1
2007,Islamic,Other Civilizations,P_A,2
2007,Islamic,Other Western,P_A,1
2007,Islamic,Sinic,A,4
2007,Islamic,Sinic,H_A,2
2007,Islamic,Sinic,P_A,23
2007,Islamic,United States,A,6
2007,Islamic,United States,H_A,1
2007,Islamic,United States,P_A,19
2007,Islamic,Unknown,A,136
2007,Islamic,Unknown,H_A,28
2007,Islamic,Unknown,P_A,230
2007,Japanese,Anglosphere ex-US,A,5
2007,Japanese,Anglosphere ex-US,H_A,4
2007,Japanese,Anglosphere ex-US,P_A,21
2007,Japanese,Continental Europe,A,5
2007,Japanese,Continental Europe,H_A,5
2007,Japanese,Continental Europe,P_A,24
2007,Japanese,Hindu,A,6
2007,Japanese,Hindu,H_A,1
2007,Japanese,Hindu,P_A,4
2007,Japanese,Islamic,A,5
2007,Japanese,Islamic,H_A,4
2007,Japanese,Islamic,P_A,23
2007,Japanese,Japanese,A,71
2007,Japanese,Japanese,H_A,70
2007,Japanese,Japanese,P_A,451
2007,Japanese,Other Civilizations,A,6
2007,Japanese,Other Civilizations,H_A,1
2007,Japanese,Other Civilizations,P_A,8
2007,Japanese,Other Western,P_A,1
2007,Japanese,Sinic,A,34
2007,Japanese,Sinic,H_A,12
2007,Japanese,Sinic,P_A,101
2007,Japanese,United States,A,11
2007,Japanese,United States,H_A,10
2007,Japanese,United States,P_A,36
2007,Japanese,Unknown,A,136
2007,Japanese,Unknown,H_A,82
2007,Japanese,Unknown,P_A,461
2007,Other Civilizations,Anglosphere ex-US,A,9
2007,Other Civilizations,Anglosphere ex-US,H_A,19
2007,Other Civilizations,Anglosphere ex-US,P_A,54
2007,Other Civilizations,Continental Europe,A,38
2007,Other Civilizations,Continental Europe,H_A,20
2007,Other Civilizations,Continental Europe,P_A,119
2007,Other Civilizations,Hindu,A,2
2007,Other Civilizations,Hindu,P_A,1
2007,Other Civilizations,Islamic,A,5
2007,Other Civilizations,Islamic,H_A,1
2007,Other Civilizations,Islamic,P_A,7
2007,Other Civilizations,Japanese,A,5
2007,Other Civilizations,Japanese,H_A,2
2007,Other Civilizations,Japanese,P_A,9
2007,Other Civilizations,Other Civilizations,A,160
2007,Other Civilizations,Other Civilizations,H_A,92
2007,Other Civilizations,Other Civilizations,P_A,619
2007,Other Civilizations,Other Western,A,1
2007,Other Civilizations,Sinic,A,7
2007,Other Civilizations,Sinic,P_A,48
2007,Other Civilizations,United States,A,15
2007,Other Civilizations,United States,H_A,13
2007,Other Civilizations,United States,P_A,65
2007,Other Civilizations,Unknown,A,301
2007,Other Civilizations,Unknown,H_A,119
2007,Other Civilizations,Unknown,P_A,675
2007,Other Western,Anglosphere ex-US,A,3
2007,Other Western,Anglosphere ex-US,H_A,2
2007,Other Western,Anglosphere ex-US,P_A,9
2007,Other Western,Continental Europe,A,2
2007,Other Western,Continental Europe,H_A,2
2007,Other Western,Continental Europe,P_A,11
2007,Other Western,Other Civilizations,P_A,4
2007,Other Western,Other Western,A,15
2007,Other Western,Other Western,H_A,21
2007,Other Western,Other Western,P_A,177
2007,Other Western,Sinic,A,1
2007,Other Western,Sinic,H_A,1
2007,Other Western,Sinic,P_A,3
2007,Other Western,United States,A,1
2007,Other Western,United States,H_A,9
2007,Other Western,United States,P_A,45
2007,Other Western,Unknown,A,21
2007,Other Western,Unknown,H_A,35
2007,Other Western,Unknown,P_A,137
2007,Sinic,Anglosphere ex-US,A,18
2007,Sinic,Anglosphere ex-US,H_A,15
2007,Sinic,Anglosphere ex-US,P_A,123
2007,Sinic,Continental Europe,A,13
2007,Sinic,Continental Europe,H_A,5
2007,Sinic,Continental Europe,P_A,42
2007,Sinic,Hindu,A,2
2007,Sinic,Hindu,H_A,2
2007,Sinic,Hindu,P_A,8
2007,Sinic,Islamic,A,3
2007,Sinic,Islamic,H_A,2
2007,Sinic,Islamic,P_A,10
2007,Sinic,Japanese,A,9
2007,Sinic,Japanese,H_A,3
2007,Sinic,Japanese,P_A,12
2007,Sinic,Other Civilizations,A,5
2007,Sinic,Other Civilizations,H_A,2
2007,Sinic,Other Civilizations,P_A,11
2007,Sinic,Other Western,P_A,1
2007,Sinic,Sinic,A,408
2007,Sinic,Sinic,H_A,272
2007,Sinic,Sinic,P_A,2287
2007,Sinic,United States,A,33
2007,Sinic,United States,H_A,37
2007,Sinic,United States,P_A,166
2007,Sinic,Unknown,A,354
2007,Sinic,Unknown,H_A,164
2007,Sinic,Unknown,P_A,1250
2007,United States,Anglosphere ex-US,A,40
2007,United States,Anglosphere ex-US,H_A,72
2007,United States,Anglosphere ex-US,P_A,364
2007,United States,Continental Europe,A,87
2007,United States,Continental Europe,H_A,93
2007,United States,Continental Europe,P_A,425
2007,United States,Hindu,A,24
2007,United States,Hindu,H_A,20
2007,United States,Hindu,P_A,79
2007,United States,Islamic,A,21
2007,United States,Islamic,H_A,16
2007,United States,Islamic,P_A,93
2007,United States,Japanese,A,30
2007,United States,Japanese,H_A,16
2007,United States,Japanese,P_A,75
2007,United States,Other Civilizations,A,12
2007,United States,Other Civilizations,H_A,25
2007,United States,Other Civilizations,P_A,74
2007,United States,Other Western,A,10
2007,United States,Other Western,H_A,11
2007,United States,Other Western,P_A,37
2007,United States,Sinic,A,143
2007,United States,Sinic,H_A,141
2007,United States,Sinic,P_A,1057
2007,United States,United States,A,127
2007,United States,United States,H_A,185
2007,United States,United States,P_A,1716
2007,United States,Unknown,A,524
2007,United States,Unknown,H_A,522
2007,United States,Unknown,P_A,2623
2008,Anglosphere ex-US,Anglosphere ex-US,A,70
2008,Anglosphere ex-US,Anglosphere ex-US,H_A,130
2008,Anglosphere ex-US,Anglosphere ex-US,P_A,1402
2008,Anglosphere ex-US,Continental Europe,A,31
2008,Anglosphere ex-US,Continental Europe,H_A,48
2008,Anglosphere ex-US,Continental Europe,P_A,347
2008,Anglosphere ex-US,Hindu,A,10
2008,Anglosphere ex-US,Hindu,H_A,10
2008,Anglosphere ex-US,Hindu,P_A,28
2008,Anglosphere ex-US,Islamic,A,23
2008,Anglosphere ex-US,Islamic,H_A,20
2008,Anglosphere ex-US,Islamic,P_A,115
2008,Anglosphere ex-US,Japanese,A,3
2008,Anglosphere ex-US,Japanese,H_A,7
2008,Anglosphere ex-US,Japanese,P_A,24
2008,Anglosphere ex-US,Other Civilizations,A,5
2008,Anglosphere ex-US,Other Civilizations,H_A,6
2008,Anglosphere ex-US,Other Civilizations,P_A,71
2008,Anglosphere ex-US,Other Western,P_A,10
2008,Anglosphere ex-US,Sinic,A,62
2008,Anglosphere ex-US,Sinic,H_A,71
2008,Anglosphere ex-US,Sinic,P_A,515
2008,Anglosphere ex-US,United States,A,24
2008,Anglosphere ex-US,United States,H_A,44
2008,Anglosphere ex-US,United States,P_A,321
2008,Anglosphere ex-US,Unknown,A,237
2008,Anglosphere ex-US,Unknown,H_A,317
2008,Anglosphere ex-US,Unknown,P_A,1718
2008,Continental Europe,Anglosphere ex-US,A,39
2008,Continental Europe,Anglosphere ex-US,H_A,77
2008,Continental Europe,Anglosphere ex-US,P_A,353
2008,Continental Europe,Continental Europe,A,208
2008,Continental Europe,Continental Europe,H_A,410
2008,Continental Europe,Continental Europe,P_A,2810
2008,Continental Europe,Hindu,A,7
2008,Continental Europe,Hindu,H_A,4
2008,Continental Europe,Hindu,P_A,17
2008,Continental Europe,Islamic,A,25
2008,Continental Europe,Islamic,H_A,27
2008,Continental Europe,Islamic,P_A,73
2008,Continental Europe,Japanese,A,16
2008,Continental Europe,Japanese,H_A,6
2008,Continental Europe,Japanese,P_A,26
2008,Continental Europe,Other Civilizations,A,21
2008,Continental Europe,Other Civilizations,H_A,34
2008,Continental Europe,Other Civilizations,P_A,134
2008,Continental Europe,Other Western,A,1
2008,Continental Europe,Other Western,H_A,1
2008,Continental Europe,Other Western,P_A,15
2008,Continental Europe,Sinic,A,32
2008,Continental Europe,Sinic,H_A,28
2008,Continental Europe,Sinic,P_A,191
2008,Continental Europe,United States,A,32
2008,Continental Europe,United States,H_A,41
2008,Continental Europe,United States,P_A,280
2008,Continental Europe,Unknown,A,493
2008,Continental Europe,Unknown,H_A,526
2008,Continental Europe,Unknown,P_A,2477
2008,Hindu,Anglosphere ex-US,A,2
2008,Hindu,Anglosphere ex-US,H_A,3
2008,Hindu,Anglosphere ex-US,P_A,10
2008,Hindu,Continental Europe,A,4
2008,Hindu,Continental Europe,H_A,6
2008,Hindu,Continental Europe,P_A,11
2008,Hindu,Hindu,A,33
2008,Hindu,Hindu,H_A,37
2008,Hindu,Hindu,P_A,181
2008,Hindu,Islamic,A,3
2008,Hindu,Islamic,H_A,1
2008,Hindu,Islamic,P_A,3
2008,Hindu,Japanese,A,1
2008,Hindu,Japanese,P_A,1
2008,Hindu,Other Civilizations,H_A,2
2008,Hindu,Other Civilizations,P_A,1
2008,Hindu,Sinic,A,2
2008,Hindu,Sinic,P_A,20
2008,Hindu,United States,A,4
2008,Hindu,United States,H_A,6
2008,Hindu,United States,P_A,36
2008,Hindu,Unknown,A,45
2008,Hindu,Unknown,H_A,40
2008,Hindu,Unknown,P_A,140
2008,Islamic,Anglosphere ex-US,A,9
2008,Islamic,Anglosphere ex-US,H_A,9
2008,Islamic,Anglosphere ex-US,P_A,32
2008,Islamic,Continental Europe,A,17
2008,Islamic,Continental Europe,H_A,8
2008,Islamic,Continental Europe,P_A,35
2008,Islamic,Hindu,A,3
2008,Islamic,Hindu,P_A,9
2008,Islamic,Islamic,A,114
2008,Islamic,Islamic,H_A,62
2008,Islamic,Islamic,P_A,270
2008,Islamic,Japanese,A,2
2008,Islamic,Japanese,H_A,2
2008,Islamic,Other Civilizations,P_A,2
2008,Islamic,Other Western,P_A,1
2008,Islamic,Sinic,A,5
2008,Islamic,Sinic,H_A,2
2008,Islamic,Sinic,P_A,28
2008,Islamic,United States,A,10
2008,Islamic,United States,H_A,2
2008,Islamic,United States,P_A,25
2008,Islamic,Unknown,A,145
2008,Islamic,Unknown,H_A,52
2008,Islamic,Unknown,P_A,283
2008,Japanese,Anglosphere ex-US,A,6
2008,Japanese,Anglosphere ex-US,H_A,7
2008,Japanese,Anglosphere ex-US,P_A,22
2008,Japanese,Continental Europe,A,6
2008,Japanese,Continental Europe,H_A,6
2008,Japanese,Continental Europe,P_A,27
2008,Japanese,Hindu,A,5
2008,Japanese,Hindu,H_A,3
2008,Japanese,Hindu,P_A,4
2008,Japanese,Islamic,A,7
2008,Japanese,Islamic,H_A,4
2008,Japanese,Islamic,P_A,29
2008,Japanese,Japanese,A,72
2008,Japanese,Japanese,H_A,77
2008,Japanese,Japanese,P_A,487
2008,Japanese,Other Civilizations,A,5
2008,Japanese,Other Civilizations,H_A,2
2008,Japanese,Other Civilizations,P_A,8
2008,Japanese,Other Western,P_A,1
2008,Japanese,Sinic,A,29
2008,Japanese,Sinic,H_A,18
2008,Japanese,Sinic,P_A,121
2008,Japanese,United States,A,11
2008,Japanese,United States,H_A,13
2008,Japanese,United States,P_A,41
2008,Japanese,Unknown,A,139
2008,Japanese,Unknown,H_A,94
2008,Japanese,Unknown,P_A,508
2008,Other Civilizations,Anglosphere ex-US,A,11
2008,Other Civilizations,Anglosphere ex-US,H_A,21
2008,Other Civilizations,Anglosphere ex-US,P_A,61
2008,Other Civilizations,Continental Europe,A,40
2008,Other Civilizations,Continental Europe,H_A,27
2008,Other Civilizations,Continental Europe,P_A,143
2008,Other Civilizations,Hindu,A,2
2008,Other Civilizations,Hindu,H_A,1
2008,Other Civilizations,Hindu,P_A,1
2008,Other Civilizations,Islamic,A,9
2008,Other Civilizations,Islamic,H_A,2
2008,Other Civilizations,Islamic,P_A,10
2008,Other Civilizations,Japanese,A,5
2008,Other Civilizations,Japanese,H_A,1
2008,Other Civilizations,Japanese,P_A,11
2008,Other Civilizations,Other Civilizations,A,180
2008,Other Civilizations,Other Civilizations,H_A,100
2008,Other Civilizations,Other Civilizations,P_A,736
2008,Other Civilizations,Other Western,A,1
2008,Other Civilizations,Sinic,A,8
2008,Other Civilizations,Sinic,H_A,1
2008,Other Civilizations,Sinic,P_A,56
2008,Other Civilizations,United States,A,14
2008,Other Civilizations,United States,H_A,17
2008,Other Civilizations,United States,P_A,69
2008,Other Civilizations,Unknown,A,334
2008,Other Civilizations,Unknown,H_A,150
2008,Other Civilizations,Unknown,P_A,767
2008,Other Western,Anglosphere ex-US,A,3
2008,Other Western,Anglosphere ex-US,H_A,3
2008,Other Western,Anglosphere ex-US,P_A,10
2008,Other Western,Continental Europe,A,2
2008,Other Western,Continental Europe,H_A,3
2008,Other Western,Continental Europe,P_A,11
2008,Other Western,Other Civilizations,P_A,5
2008,Other Western,Other Western,A,18
2008,Other Western,Other Western,H_A,21
2008,Other Western,Other Western,P_A,194
2008,Other Western,Sinic,A,1
2008,Other Western,Sinic,H_A,2
2008,Other Western,Sinic,P_A,3
2008,Other Western,United States,A,4
2008,Other Western,United States,H_A,9
2008,Other Western,United States,P_A,51
2008,Other Western,Unknown,A,26
2008,Other Western,Unknown,H_A,40
2008,Other Western,Unknown,P_A,136
2008,Sinic,Anglosphere ex-US,A,15
2008,Sinic,Anglosphere ex-US,H_A,21
2008,Sinic,Anglosphere ex-US,P_A,149
2008,Sinic,Continental Europe,A,11
2008,Sinic,Continental Europe,H_A,8
2008,Sinic,Continental Europe,P_A,56
2008,Sinic,Hindu,A,4
2008,Sinic,Hindu,H_A,2
2008,Sinic,Hindu,P_A,9
2008,Sinic,Islamic,A,7
2008,Sinic,Islamic,H_A,2
2008,Sinic,Islamic,P_A,11
2008,Sinic,Japanese,A,12
2008,Sinic,Japanese,H_A,3
2008,Sinic,Japanese,P_A,13
2008,Sinic,Other Civilizations,A,4
2008,Sinic,Other Civilizations,H_A,1
2008,Sinic,Other Civilizations,P_A,16
2008,Sinic,Other Western,H_A,1
2008,Sinic,Other Western,P_A,1
2008,Sinic,Sinic,A,483
2008,Sinic,Sinic,H_A,352
2008,Sinic,Sinic,P_A,2904
2008,Sinic,United States,A,44
2008,Sinic,United States,H_A,43
2008,Sinic,United States,P_A,214
2008,Sinic,Unknown,A,412
2008,Sinic,Unknown,H_A,217
2008,Sinic,Unknown,P_A,1467
2008,United States,Anglosphere ex-US,A,46
2008,United States,Anglosphere ex-US,H_A,76
2008,United States,Anglosphere ex-US,P_A,430
2008,United States,Continental Europe,A,100
2008,United States,Continental Europe,H_A,102
2008,United States,Continental Europe,P_A,490
2008,United States,Hindu,A,28
2008,United States,Hindu,H_A,25
2008,United States,Hindu,P_A,100
2008,United States,Islamic,A,27
2008,United States,Islamic,H_A,21
2008,United States,Islamic,P_A,110
2008,United States,Japanese,A,30
2008,United States,Japanese,H_A,20
2008,United States,Japanese,P_A,82
2008,United States,Other Civilizations,A,11
2008,United States,Other Civilizations,H_A,22
2008,United States,Other Civilizations,P_A,94
2008,United States,Other Western,A,6
2008,United States,Other Western,H_A,15
2008,United States,Other Western,P_A,44
2008,United States,Sinic,A,157
2008,United States,Sinic,H_A,164
2008,United States,Sinic,P_A,1314
2008,United States,United States,A,140
2008,United States,United States,H_A,219
2008,United States,United States,P_A,1930
2008,United States,Unknown,A,546
2008,United States,Unknown,H_A,577
2008,United States,Unknown,P_A,2916
2009,Anglosphere ex-US,Anglosphere ex-US,A,81
2009,Anglosphere ex-US,Anglosphere ex-US,H_A,138
2009,Anglosphere ex-US,Anglosphere ex-US,P_A,1506
2009,Anglosphere ex-US,Continental Europe,A,34
2009,Anglosphere ex-US,Continental Europe,H_A,58
2009,Anglosphere ex-US,Continental Europe,P_A,400
2009,Anglosphere ex-US,Hindu,A,9
2009,Anglosphere ex-US,Hindu,H_A,12
2009,Anglosphere ex-US,Hindu,P_A,38
2009,Anglosphere ex-US,Islamic,A,25
2009,Anglosphere ex-US,Islamic,H_A,25
2009,Anglosphere ex-US,Islamic,P_A,137
2009,Anglosphere ex-US,Japanese,A,4
2009,Anglosphere ex-US,Japanese,H_A,7
2009,Anglosphere ex-US,Japanese,P_A,26
2009,Anglosphere ex-US,Other Civilizations,A,8
2009,Anglosphere ex-US,Other Civilizations,H_A,5
2009,Anglosphere ex-US,Other Civilizations,P_A,82
2009,Anglosphere ex-US,Other Western,P_A,10
2009,Anglosphere ex-US,Sinic,A,62
2009,Anglosphere ex-US,Sinic,H_A,71
2009,Anglosphere ex-US,Sinic,P_A,616
2009,Anglosphere ex-US,United States,A,39
2009,Anglosphere ex-US,United States,H_A,49
2009,Anglosphere ex-US,United States,P_A,359
2009,Anglosphere ex-US,Unknown,A,249
2009,Anglosphere ex-US,Unknown,H_A,316
2009,Anglosphere ex-US,Unknown,P_A,1829
2009,Continental Europe,Anglosphere ex-US,A,37
2009,Continental Europe,Anglosphere ex-US,H_A,90
2009,Continental Europe,Anglosphere ex-US,P_A,397
2009,Continental Europe,Continental Europe,A,220
2009,Continental Europe,Continental Europe,H_A,449
2009,Continental Europe,Continental Europe,P_A,3115
2009,Continental Europe,Hindu,A,8
2009,Continental Europe,Hindu,H_A,3
2009,Continental Europe,Hindu,P_A,21
2009,Continental Europe,Islamic,A,40
2009,Continental Europe,Islamic,H_A,32
2009,Continental Europe,Islamic,P_A,92
2009,Continental Europe,Japanese,A,16
2009,Continental Europe,Japanese,H_A,6
2009,Continental Europe,Japanese,P_A,31
2009,Continental Europe,Other Civilizations,A,29
2009,Continental Europe,Other Civilizations,H_A,39
2009,Continental Europe,Other Civilizations,P_A,156
2009,Continental Europe,Other Western,A,1
2009,Continental Europe,Other Western,H_A,2
2009,Continental Europe,Other Western,P_A,15
2009,Continental Europe,Sinic,A,37
2009,Continental Europe,Sinic,H_A,31
2009,Continental Europe,Sinic,P_A,230
2009,Continental Europe,United States,A,29
2009,Continental Europe,United States,H_A,57
2009,Continental Europe,United States,P_A,327
2009,Continental Europe,Unknown,A,524
2009,Continental Europe,Unknown,H_A,551
2009,Continental Europe,Unknown,P_A,2672
2009,Hindu,Anglosphere ex-US,A,3
2009,Hindu,Anglosphere ex-US,H_A,3
2009,Hindu,Anglosphere ex-US,P_A,15
2009,Hindu,Continental Europe,A,4
2009,Hindu,Continental Europe,H_A,8
2009,Hindu,Continental Europe,P_A,12
2009,Hindu,Hindu,A,38
2009,Hindu,Hindu,H_A,39
2009,Hindu,Hindu,P_A,222
2009,Hindu,Islamic,A,2
2009,Hindu,Islamic,H_A,1
2009,Hindu,Islamic,P_A,7
2009,Hindu,Japanese,A,1
2009,Hindu,Japanese,H_A,1
2009,Hindu,Japanese,P_A,2
2009,Hindu,Other Civilizations,A,1
2009,Hindu,Other Civilizations,H_A,2
2009,Hindu,Other Civilizations,P_A,2
2009,Hindu,Other Western,H_A,1
2009,Hindu,Sinic,A,1
2009,Hindu,Sinic,H_A,2
2009,Hindu,Sinic,P_A,22
2009,Hindu,United States,A,7
2009,Hindu,United States,H_A,10
2009,Hindu,United States,P_A,44
2009,Hindu,Unknown,A,48
2009,Hindu,Unknown,H_A,49
2009,Hindu,Unknown,P_A,170
2009,Islamic,Anglosphere ex-US,A,14
2009,Islamic,Anglosphere ex-US,H_A,11
2009,Islamic,Anglosphere ex-US,P_A,47
2009,Islamic,Continental Europe,A,18
2009,Islamic,Continental Europe,H_A,9
2009,Islamic,Continental Europe,P_A,44
2009,Islamic,Hindu,A,2
2009,Islamic,Hindu,H_A,1
2009,Islamic,Hindu,P_A,12
2009,Islamic,Islamic,A,139
2009,Islamic,Islamic,H_A,80
2009,Islamic,Islamic,P_A,332
2009,Islamic,Japanese,A,3
2009,Islamic,Japanese,H_A,1
2009,Islamic,Japanese,P_A,2
2009,Islamic,Other Civilizations,P_A,3
2009,Islamic,Other Western,P_A,1
2009,Islamic,Sinic,A,4
2009,Islamic,Sinic,H_A,3
2009,Islamic,Sinic,P_A,32
2009,Islamic,United States,A,15
2009,Islamic,United States,H_A,7
2009,Islamic,United States,P_A,32
2009,Islamic,Unknown,A,186
2009,Islamic,Unknown,H_A,72
2009,Islamic,Unknown,P_A,325
2009,Japanese,Anglosphere ex-US,A,4
2009,Japanese,Anglosphere ex-US,H_A,7
2009,Japanese,Anglosphere ex-US,P_A,26
2009,Japanese,Continental Europe,A,7
2009,Japanese,Continental Europe,H_A,8
2009,Japanese,Continental Europe,P_A,33
2009,Japanese,Hindu,A,5
2009,Japanese,Hindu,H_A,3
2009,Japanese,Hindu,P_A,5
2009,Japanese,Islamic,A,12
2009,Japanese,Islamic,H_A,6
2009,Japanese,Islamic,P_A,33
2009,Japanese,Japanese,A,73
2009,Japanese,Japanese,H_A,74
2009,Japanese,Japanese,P_A,523
2009,Japanese,Other Civilizations,A,8
2009,Japanese,Other Civilizations,H_A,3
2009,Japanese,Other Civilizations,P_A,9
2009,Japanese,Other Western,P_A,1
2009,Japanese,Sinic,A,31
2009,Japanese,Sinic,H_A,18
2009,Japanese,Sinic,P_A,145
2009,Japanese,United States,A,9
2009,Japanese,United States,H_A,16
2009,Japanese,United States,P_A,43
2009,Japanese,Unknown,A,136
2009,Japanese,Unknown,H_A,92
2009,Japanese,Unknown,P_A,541
2009,Other Civilizations,Anglosphere ex-US,A,12
2009,Other Civilizations,Anglosphere ex-US,H_A,25
2009,Other Civilizations,Anglosphere ex-US,P_A,64
2009,Other Civilizations,Continental Europe,A,45
2009,Other Civilizations,Continental Europe,H_A,32
2009,Other Civilizations,Continental Europe,P_A,171
2009,Other Civilizations,Hindu,A,1
2009,Other Civilizations,Hindu,H_A,1
2009,Other Civilizations,Hindu,P_A,2
2009,Other Civilizations,Islamic,A,10
2009,Other Civilizations,Islamic,H_A,4
2009,Other Civilizations,Islamic,P_A,12
2009,Other Civilizations,Japanese,A,4
2009,Other Civilizations,Japanese,H_A,3
2009,Other Civilizations,Japanese,P_A,11
2009,Other Civilizations,Other Civilizations,A,207
2009,Other Civilizations,Other Civilizations,H_A,115
2009,Other Civilizations,Other Civilizations,P_A,822
2009,Other Civilizations,Other Western,A,1
2009,Other Civilizations,Sinic,A,9
2009,Other Civilizations,Sinic,H_A,1
2009,Other Civilizations,Sinic,P_A,68
2009,Other Civilizations,United States,A,17
2009,Other Civilizations,United States,H_A,17
2009,Other Civilizations,United States,P_A,80
2009,Other Civilizations,Unknown,A,367
2009,Other Civilizations,Unknown,H_A,169
2009,Other Civilizations,Unknown,P_A,850
2009,Other Western,Anglosphere ex-US,A,2
2009,Other Western,Anglosphere ex-US,H_A,4
2009,Other Western,Anglosphere ex-US,P_A,11
2009,Other Western,Continental Europe,A,2
2009,Other Western,Continental Europe,H_A,2
2009,Other Western,Continental Europe,P_A,14
2009,Other Western,Other Civilizations,H_A,1
2009,Other Western,Other Civilizations,P_A,7
2009,Other Western,Other Western,A,14
2009,Other Western,Other Western,H_A,30
2009,Other Western,Other Western,P_A,205
2009,Other Western,Sinic,A,1
2009,Other Western,Sinic,H_A,2
2009,Other Western,Sinic,P_A,3
2009,Other Western,United States,A,3
2009,Other Western,United States,H_A,11
2009,Other Western,United States,P_A,57
2009,Other Western,Unknown,A,25
2009,Other Western,Unknown,H_A,39
2009,Other Western,Unknown,P_A,146
2009,Sinic,Anglosphere ex-US,A,24
2009,Sinic,Anglosphere ex-US,H_A,20
2009,Sinic,Anglosphere ex-US,P_A,180
2009,Sinic,Continental Europe,A,11
2009,Sinic,Continental Europe,H_A,8
2009,Sinic,Continental Europe,P_A,66
2009,Sinic,Hindu,A,2
2009,Sinic,Hindu,H_A,3
2009,Sinic,Hindu,P_A,14
2009,Sinic,Islamic,A,8
2009,Sinic,Islamic,H_A,5
2009,Sinic,Islamic,P_A,17
2009,Sinic,Japanese,A,12
2009,Sinic,Japanese,H_A,5
2009,Sinic,Japanese,P_A,15
2009,Sinic,Other Civilizations,A,4
2009,Sinic,Other Civilizations,H_A,3
2009,Sinic,Other Civilizations,P_A,17
2009,Sinic,Other Western,H_A,1
2009,Sinic,Other Western,P_A,1
2009,Sinic,Sinic,A,523
2009,Sinic,Sinic,H_A,408
2009,Sinic,Sinic,P_A,3473
2009,Sinic,United States,A,48
2009,Sinic,United States,H_A,55
2009,Sinic,United States,P_A,264
2009,Sinic,Unknown,A,431
2009,Sinic,Unknown,H_A,259
2009,Sinic,Unknown,P_A,1645
2009,United States,Anglosphere ex-US,A,47
2009,United States,Anglosphere ex-US,H_A,84
2009,United States,Anglosphere ex-US,P_A,476
2009,United States,Continental Europe,A,105
2009,United States,Continental Europe,H_A,110
2009,United States,Continental Europe,P_A,554
2009,United States,Hindu,A,35
2009,United States,Hindu,H_A,28
2009,United States,Hindu,P_A,118
2009,United States,Islamic,A,35
2009,United States,Islamic,H_A,22
2009,United States,Islamic,P_A,133
2009,United States,Japanese,A,34
2009,United States,Japanese,H_A,19
2009,United States,Japanese,P_A,88
2009,United States,Other Civilizations,A,16
2009,United States,Other Civilizations,H_A,23
2009,United States,Other Civilizations,P_A,103
2009,United States,Other Western,A,5
2009,United States,Other Western,H_A,15
2009,United States,Other Western,P_A,53
2009,United States,Sinic,A,173
2009,United States,Sinic,H_A,191
2009,United States,Sinic,P_A,1547
2009,United States,United States,A,158
2009,United States,United States,H_A,223
2009,United States,United States,P_A,2113
2009,United States,Unknown,A,574
2009,United States,Unknown,H_A,598
2009,United States,Unknown,P_A,3093
2010,Anglosphere ex-US,Anglosphere ex-US,A,77
2010,Anglosphere ex-US,Anglosphere ex-US,H_A,161
2010,Anglosphere ex-US,Anglosphere ex-US,P_A,1623
2010,Anglosphere ex-US,Continental Europe,A,30
2010,Anglosphere ex-US,Continental Europe,H_A,61
2010,Anglosphere ex-US,Continental Europe,P_A,443
2010,Anglosphere ex-US,Hindu,A,15
2010,Anglosphere ex-US,Hindu,H_A,11
2010,Anglosphere ex-US,Hindu,P_A,46
2010,Anglosphere ex-US,Islamic,A,30
2010,Anglosphere ex-US,Islamic,H_A,30
2010,Anglosphere ex-US,Islamic,P_A,161
2010,Anglosphere ex-US,Japanese,A,5
2010,Anglosphere ex-US,Japanese,H_A,6
2010,Anglosphere ex-US,Japanese,P_A,30
2010,Anglosphere ex-US,Other Civilizations,A,10
2010,Anglosphere ex-US,Other Civilizations,H_A,7
2010,Anglosphere ex-US,Other Civilizations,P_A,92
2010,Anglosphere ex-US,Other Western,A,1
2010,Anglosphere ex-US,Other Western,P_A,11
2010,Anglosphere ex-US,Sinic,A,71
2010,Anglosphere ex-US,Sinic,H_A,76
2010,Anglosphere ex-US,Sinic,P_A,691
2010,Anglosphere ex-US,United States,A,40
2010,Anglosphere ex-US,United States,H_A,65
2010,Anglosphere ex-US,United States,P_A,399
2010,Anglosphere ex-US,Unknown,A,261
2010,Anglosphere ex-US,Unknown,H_A,345
2010,Anglosphere ex-US,Unknown,P_A,1932
2010,Continental Europe,Anglosphere ex-US,A,36
2010,Continental Europe,Anglosphere ex-US,H_A,92
2010,Continental Europe,Anglosphere ex-US,P_A,458
2010,Continental Europe,Continental Europe,A,241
2010,Continental Europe,Continental Europe,H_A,479
2010,Continental Europe,Continental Europe,P_A,3401
2010,Continental Europe,Hindu,A,8
2010,Continental Europe,Hindu,H_A,3
2010,Continental Europe,Hindu,P_A,28
2010,Continental Europe,Islamic,A,46
2010,Continental Europe,Islamic,H_A,40
2010,Continental Europe,Islamic,P_A,123
2010,Continental Europe,Japanese,A,14
2010,Continental Europe,Japanese,H_A,10
2010,Continental Europe,Japanese,P_A,40
2010,Continental Europe,Other Civilizations,A,38
2010,Continental Europe,Other Civilizations,H_A,39
2010,Continental Europe,Other Civilizations,P_A,183
2010,Continental Europe,Other Western,A,1
2010,Continental Europe,Other Western,H_A,3
2010,Continental Europe,Other Western,P_A,15
2010,Continental Europe,Sinic,A,41
2010,Continental Europe,Sinic,H_A,37
2010,Continental Europe,Sinic,P_A,275
2010,Continental Europe,United States,A,32
2010,Continental Europe,United States,H_A,66
2010,Continental Europe,United States,P_A,373
2010,Continental Europe,Unknown,A,542
2010,Continental Europe,Unknown,H_A,614
2010,Continental Europe,Unknown,P_A,2833
2010,Hindu,Anglosphere ex-US,A,5
2010,Hindu,Anglosphere ex-US,H_A,3
2010,Hindu,Anglosphere ex-US,P_A,18
2010,Hindu,Continental Europe,A,2
2010,Hindu,Continental Europe,H_A,7
2010,Hindu,Continental Europe,P_A,15
2010,Hindu,Hindu,A,47
2010,Hindu,Hindu,H_A,51
2010,Hindu,Hindu,P_A,279
2010,Hindu,Islamic,A,3
2010,Hindu,Islamic,H_A,3
2010,Hindu,Islamic,P_A,8
2010,Hindu,Japanese,A,2
2010,Hindu,Japanese,H_A,1
2010,Hindu,Japanese,P_A,2
2010,Hindu,Other Civilizations,A,1
2010,Hindu,Other Civilizations,H_A,2
2010,Hindu,Other Civilizations,P_A,2
2010,Hindu,Other Western,H_A,1
2010,Hindu,Sinic,A,1
2010,Hindu,Sinic,H_A,3
2010,Hindu,Sinic,P_A,24
2010,Hindu,United States,A,13
2010,Hindu,United States,H_A,13
2010,Hindu,United States,P_A,51
2010,Hindu,Unknown,A,61
2010,Hindu,Unknown,H_A,49
2010,Hindu,Unknown,P_A,205
2010,Islamic,Anglosphere ex-US,A,16
2010,Islamic,Anglosphere ex-US,H_A,14
2010,Islamic,Anglosphere ex-US,P_A,60
2010,Islamic,Continental Europe,A,26
2010,Islamic,Continental Europe,H_A,12
2010,Islamic,Continental Europe,P_A,51
2010,Islamic,Hindu,A,3
2010,Islamic,Hindu,H_A,1
2010,Islamic,Hindu,P_A,13
2010,Islamic,Islamic,A,173
2010,Islamic,Islamic,H_A,92
2010,Islamic,Islamic,P_A,435
2010,Islamic,Japanese,A,2
2010,Islamic,Japanese,H_A,1
2010,Islamic,Japanese,P_A,4
2010,Islamic,Other Civilizations,H_A,2
2010,Islamic,Other Civilizations,P_A,3
2010,Islamic,Other Western,P_A,1
2010,Islamic,Sinic,A,4
2010,Islamic,Sinic,H_A,3
2010,Islamic,Sinic,P_A,37
2010,Islamic,United States,A,14
2010,Islamic,United States,H_A,14
2010,Islamic,United States,P_A,42
2010,Islamic,Unknown,A,222
2010,Islamic,Unknown,H_A,89
2010,Islamic,Unknown,P_A,401
2010,Japanese,Anglosphere ex-US,A,5
2010,Japanese,Anglosphere ex-US,H_A,6
2010,Japanese,Anglosphere ex-US,P_A,30
2010,Japanese,Continental Europe,A,10
2010,Japanese,Continental Europe,H_A,8
2010,Japanese,Continental Europe,P_A,34
2010,Japanese,Hindu,A,5
2010,Japanese,Hindu,H_A,4
2010,Japanese,Hindu,P_A,7
2010,Japanese,Islamic,A,7
2010,Japanese,Islamic,H_A,11
2010,Japanese,Islamic,P_A,40
2010,Japanese,Japanese,A,74
2010,Japanese,Japanese,H_A,78
2010,Japanese,Japanese,P_A,557
2010,Japanese,Other Civilizations,A,8
2010,Japanese,Other Civilizations,H_A,3
2010,Japanese,Other Civilizations,P_A,11
2010,Japanese,Other Western,P_A,1
2010,Japanese,Sinic,A,34
2010,Japanese,Sinic,H_A,19
2010,Japanese,Sinic,P_A,167
2010,Japanese,United States,A,9
2010,Japanese,United States,H_A,16
2010,Japanese,United States,P_A,51
2010,Japanese,Unknown,A,146
2010,Japanese,Unknown,H_A,92
2010,Japanese,Unknown,P_A,564
2010,Other Civilizations,Anglosphere ex-US,A,15
2010,Other Civilizations,Anglosphere ex-US,H_A,29
2010,Other Civilizations,Anglosphere ex-US,P_A,67
2010,Other Civilizations,Continental Europe,A,47
2010,Other Civilizations,Continental Europe,H_A,33
2010,Other Civilizations,Continental Europe,P_A,190
2010,Other Civilizations,Hindu,A,2
2010,Other Civilizations,Hindu,H_A,2
2010,Other Civilizations,Hindu,P_A,3
2010,Other Civilizations,Islamic,A,11
2010,Other Civilizations,Islamic,H_A,6
2010,Other Civilizations,Islamic,P_A,15
2010,Other Civilizations,Japanese,A,3
2010,Other Civilizations,Japanese,H_A,3
2010,Other Civilizations,Japanese,P_A,13
2010,Other Civilizations,Other Civilizations,A,238
2010,Other Civilizations,Other Civilizations,H_A,127
2010,Other Civilizations,Other Civilizations,P_A,916
2010,Other Civilizations,Other Western,A,1
2010,Other Civilizations,Sinic,A,9
2010,Other Civilizations,Sinic,H_A,1
2010,Other Civilizations,Sinic,P_A,74
2010,Other Civilizations,United States,A,20
2010,Other Civilizations,United States,H_A,19
2010,Other Civilizations,United States,P_A,87
2010,Other Civilizations,Unknown,A,395
2010,Other Civilizations,Unknown,H_A,181
2010,Other Civilizations,Unknown,P_A,905
2010,Other Western,Anglosphere ex-US,A,1
2010,Other Western,Anglosphere ex-US,H_A,3
2010,Other Western,Anglosphere ex-US,P_A,14
2010,Other Western,Continental Europe,A,5
2010,Other Western,Continental Europe,H_A,2
2010,Other Western,Continental Europe,P_A,15
2010,Other Western,Other Civilizations,A,1
2010,Other Western,Other Civilizations,H_A,1
2010,Other Western,Other Civilizations,P_A,8
2010,Other Western,Other Western,A,10
2010,Other Western,Other Western,H_A,36
2010,Other Western,Other Western,P_A,222
2010,Other Western,Sinic,A,1
2010,Other Western,Sinic,H_A,2
2010,Other Western,Sinic,P_A,4
2010,Other Western,United States,A,3
2010,Other Western,United States,H_A,10
2010,Other Western,United States,P_A,61
2010,Other Western,Unknown,A,27
2010,Other Western,Unknown,H_A,41
2010,Other Western,Unknown,P_A,156
2010,Sinic,Anglosphere ex-US,A,31
2010,Sinic,Anglosphere ex-US,H_A,23
2010,Sinic,Anglosphere ex-US,P_A,200
2010,Sinic,Continental Europe,A,16
2010,Sinic,Continental Europe,H_A,10
2010,Sinic,Continental Europe,P_A,79
2010,Sinic,Hindu,A,4
2010,Sinic,Hindu,H_A,3
2010,Sinic,Hindu,P_A,16
2010,Sinic,Islamic,A,10
2010,Sinic,Islamic,H_A,8
2010,Sinic,Islamic,P_A,21
2010,Sinic,Japanese,A,10
2010,Sinic,Japanese,H_A,7
2010,Sinic,Japanese,P_A,19
2010,Sinic,Other Civilizations,A,6
2010,Sinic,Other Civilizations,H_A,4
2010,Sinic,Other Civilizations,P_A,18
2010,Sinic,Other Western,P_A,2
2010,Sinic,Sinic,A,574
2010,Sinic,Sinic,H_A,482
2010,Sinic,Sinic,P_A,4100
2010,Sinic,United States,A,45
2010,Sinic,United States,H_A,55
2010,Sinic,United States,P_A,350
2010,Sinic,Unknown,A,435
2010,Sinic,Unknown,H_A,309
2010,Sinic,Unknown,P_A,1807
2010,United States,Anglosphere ex-US,A,53
2010,United States,Anglosphere ex-US,H_A,92
2010,United States,Anglosphere ex-US,P_A,528
2010,United States,Continental Europe,A,113
2010,United States,Continental Europe,H_A,128
2010,United States,Continental Europe,P_A,608
2010,United States,Hindu,A,42
2010,United States,Hindu,H_A,31
2010,United States,Hindu,P_A,136
2010,United States,Islamic,A,44
2010,United States,Islamic,H_A,24
2010,United States,Islamic,P_A,158
2010,United States,Japanese,A,32
2010,United States,Japanese,H_A,18
2010,United States,Japanese,P_A,99
2010,United States,Other Civilizations,A,15
2010,United States,Other Civilizations,H_A,24
2010,United States,Other Civilizations,P_A,115
2010,United States,Other Western,A,5
2010,United States,Other Western,H_A,15
2010,United States,Other Western,P_A,61
2010,United States,Sinic,A,187
2010,United States,Sinic,H_A,210
2010,United States,Sinic,P_A,1748
2010,United States,United States,A,171
2010,United States,United States,H_A,272
2010,United States,United States,P_A,2279
2010,United States,Unknown,A,594
2010,United States,Unknown,H_A,652
2010,United States,Unknown,P_A,3223
2011,Anglosphere ex-US,Anglosphere ex-US,A,81
2011,Anglosphere ex-US,Anglosphere ex-US,H_A,176
2011,Anglosphere ex-US,Anglosphere ex-US,P_A,1716
2011,Anglosphere ex-US,Continental Europe,A,38
2011,Anglosphere ex-US,Continental Europe,H_A,70
2011,Anglosphere ex-US,Continental Europe,P_A,486
2011,Anglosphere ex-US,Hindu,A,14
2011,Anglosphere ex-US,Hindu,H_A,15
2011,Anglosphere ex-US,Hindu,P_A,48
2011,Anglosphere ex-US,Islamic,A,43
2011,Anglosphere ex-US,Islamic,H_A,39
2011,Anglosphere ex-US,Islamic,P_A,190
2011,Anglosphere ex-US,Japanese,A,5
2011,Anglosphere ex-US,Japanese,H_A,7
2011,Anglosphere ex-US,Japanese,P_A,36
2011,Anglosphere ex-US,Other Civilizations,A,11
2011,Anglosphere ex-US,Other Civilizations,H_A,11
2011,Anglosphere ex-US,Other Civilizations,P_A,99
2011,Anglosphere ex-US,Other Western,A,1
2011,Anglosphere ex-US,Other Western,P_A,11
2011,Anglosphere ex-US,Sinic,A,71
2011,Anglosphere ex-US,Sinic,H_A,81
2011,Anglosphere ex-US,Sinic,P_A,761
2011,Anglosphere ex-US,United States,A,39
2011,Anglosphere ex-US,United States,H_A,78
2011,Anglosphere ex-US,United States,P_A,441
2011,Anglosphere ex-US,Unknown,A,265
2011,Anglosphere ex-US,Unknown,H_A,364
2011,Anglosphere ex-US,Unknown,P_A,1959
2011,Continental Europe,Anglosphere ex-US,A,41
2011,Continental Europe,Anglosphere ex-US,H_A,95
2011,Continental Europe,Anglosphere ex-US,P_A,504
2011,Continental Europe,Continental Europe,A,265
2011,Continental Europe,Continental Europe,H_A,512
2011,Continental Europe,Continental Europe,P_A,3694
2011,Continental Europe,Hindu,A,10
2011,Continental Europe,Hindu,H_A,5
2011,Continental Europe,Hindu,P_A,31
2011,Continental Europe,Islamic,A,50
2011,Continental Europe,Islamic,H_A,43
2011,Continental Europe,Islamic,P_A,147
2011,Continental Europe,Japanese,A,15
2011,Continental Europe,Japanese,H_A,9
2011,Continental Europe,Japanese,P_A,45
2011,Continental Europe,Other Civilizations,A,48
2011,Continental Europe,Other Civilizations,H_A,42
2011,Continental Europe,Other Civilizations,P_A,208
2011,Continental Europe,Other Western,H_A,4
2011,Continental Europe,Other Western,P_A,15
2011,Continental Europe,Sinic,A,44
2011,Continental Europe,Sinic,H_A,49
2011,Continental Europe,Sinic,P_A,299
2011,Continental Europe,United States,A,46
2011,Continental Europe,United States,H_A,77
2011,Continental Europe,United States,P_A,410
2011,Continental Europe,Unknown,A,559
2011,Continental Europe,Unknown,H_A,655
2011,Continental Europe,Unknown,P_A,2898
2011,Hindu,Anglosphere ex-US,A,7
2011,Hindu,Anglosphere ex-US,H_A,6
2011,Hindu,Anglosphere ex-US,P_A,19
2011,Hindu,Continental Europe,A,2
2011,Hindu,Continental Europe,H_A,6
2011,Hindu,Continental Europe,P_A,23
2011,Hindu,Hindu,A,56
2011,Hindu,Hindu,H_A,59
2011,Hindu,Hindu,P_A,314
2011,Hindu,Islamic,A,3
2011,Hindu,Islamic,H_A,4
2011,Hindu,Islamic,P_A,10
2011,Hindu,Japanese,A,2
2011,Hindu,Japanese,H_A,1
2011,Hindu,Japanese,P_A,2
2011,Hindu,Other Civilizations,A,1
2011,Hindu,Other Civilizations,H_A,2
2011,Hindu,Other Civilizations,P_A,4
2011,Hindu,Other Western,H_A,1
2011,Hindu,Sinic,A,1
2011,Hindu,Sinic,H_A,3
2011,Hindu,Sinic,P_A,24
2011,Hindu,United States,A,11
2011,Hindu,United States,H_A,17
2011,Hindu,United States,P_A,58
2011,Hindu,Unknown,A,63
2011,Hindu,Unknown,H_A,55
2011,Hindu,Unknown,P_A,218
2011,Islamic,Anglosphere ex-US,A,22
2011,Islamic,Anglosphere ex-US,H_A,17
2011,Islamic,Anglosphere ex-US,P_A,76
2011,Islamic,Continental Europe,A,27
2011,Islamic,Continental Europe,H_A,19
2011,Islamic,Continental Europe,P_A,61
2011,Islamic,Hindu,A,4
2011,Islamic,Hindu,H_A,2
2011,Islamic,Hindu,P_A,15
2011,Islamic,Islamic,A,204
2011,Islamic,Islamic,H_A,109
2011,Islamic,Islamic,P_A,525
2011,Islamic,Japanese,A,2
2011,Islamic,Japanese,H_A,1
2011,Islamic,Japanese,P_A,4
2011,Islamic,Other Civilizations,H_A,3
2011,Islamic,Other Civilizations,P_A,6
2011,Islamic,Other Western,P_A,1
2011,Islamic,Sinic,A,6
2011,Islamic,Sinic,H_A,5
2011,Islamic,Sinic,P_A,41
2011,Islamic,United States,A,17
2011,Islamic,United States,H_A,17
2011,Islamic,United States,P_A,55
2011,Islamic,Unknown,A,228
2011,Islamic,Unknown,H_A,117
2011,Islamic,Unknown,P_A,449
2011,Japanese,Anglosphere ex-US,A,4
2011,Japanese,Anglosphere ex-US,H_A,7
2011,Japanese,Anglosphere ex-US,P_A,33
2011,Japanese,Continental Europe,A,9
2011,Japanese,Continental Europe,H_A,11
2011,Japanese,Continental Europe,P_A,38
2011,Japanese,Hindu,A,4
2011,Japanese,Hindu,H_A,3
2011,Japanese,Hindu,P_A,9
2011,Japanese,Islamic,A,8
2011,Japanese,Islamic,H_A,12
2011,Japanese,Islamic,P_A,50
2011,Japanese,Japanese,A,78
2011,Japanese,Japanese,H_A,86
2011,Japanese,Japanese,P_A,588
2011,Japanese,Other Civilizations,A,7
2011,Japanese,Other Civilizations,H_A,1
2011,Japanese,Other Civilizations,P_A,16
2011,Japanese,Other Western,P_A,1
2011,Japanese,Sinic,A,41
2011,Japanese,Sinic,H_A,21
2011,Japanese,Sinic,P_A,186
2011,Japanese,United States,A,9
2011,Japanese,United States,H_A,15
2011,Japanese,United States,P_A,58
2011,Japanese,Unknown,A,143
2011,Japanese,Unknown,H_A,95
2011,Japanese,Unknown,P_A,563
2011,Other Civilizations,Anglosphere ex-US,A,18
2011,Other Civilizations,Anglosphere ex-US,H_A,34
2011,Other Civilizations,Anglosphere ex-US,P_A,72
2011,Other Civilizations,Continental Europe,A,57
2011,Other Civilizations,Continental Europe,H_A,39
2011,Other Civilizations,Continental Europe,P_A,207
2011,Other Civilizations,Hindu,A,2
2011,Other Civilizations,Hindu,H_A,2
2011,Other Civilizations,Hindu,P_A,3
2011,Other Civilizations,Islamic,A,12
2011,Other Civilizations,Islamic,H_A,8
2011,Other Civilizations,Islamic,P_A,20
2011,Other Civilizations,Japanese,A,3
2011,Other Civilizations,Japanese,H_A,3
2011,Other Civilizations,Japanese,P_A,14
2011,Other Civilizations,Other Civilizations,A,250
2011,Other Civilizations,Other Civilizations,H_A,150
2011,Other Civilizations,Other Civilizations,P_A,1024
2011,Other Civilizations,Other Western,A,1
2011,Other Civilizations,Sinic,A,11
2011,Other Civilizations,Sinic,H_A,3
2011,Other Civilizations,Sinic,P_A,79
2011,Other Civilizations,United States,A,24
2011,Other Civilizations,United States,H_A,22
2011,Other Civilizations,United States,P_A,98
2011,Other Civilizations,Unknown,A,428
2011,Other Civilizations,Unknown,H_A,183
2011,Other Civilizations,Unknown,P_A,921
2011,Other Western,Anglosphere ex-US,A,1
2011,Other Western,Anglosphere ex-US,H_A,3
2011,Other Western,Anglosphere ex-US,P_A,16
2011,Other Western,Continental Europe,A,5
2011,Other Western,Continental Europe,H_A,2
2011,Other Western,Continental Europe,P_A,18
2011,Other Western,Hindu,H_A,1
2011,Other Western,Other Civilizations,A,1
2011,Other Western,Other Civilizations,H_A,1
2011,Other Western,Other Civilizations,P_A,8
2011,Other Western,Other Western,A,13
2011,Other Western,Other Western,H_A,39
2011,Other Western,Other Western,P_A,245
2011,Other Western,Sinic,H_A,2
2011,Other Western,Sinic,P_A,6
2011,Other Western,United States,A,4
2011,Other Western,United States,H_A,9
2011,Other Western,United States,P_A,67
2011,Other Western,Unknown,A,28
2011,Other Western,Unknown,H_A,48
2011,Other Western,Unknown,P_A,161
2011,Sinic,Anglosphere ex-US,A,28
2011,Sinic,Anglosphere ex-US,H_A,29
2011,Sinic,Anglosphere ex-US,P_A,218
2011,Sinic,Continental Europe,A,20
2011,Sinic,Continental Europe,H_A,13
2011,Sinic,Continental Europe,P_A,91
2011,Sinic,Hindu,A,5
2011,Sinic,Hindu,H_A,4
2011,Sinic,Hindu,P_A,17
2011,Sinic,Islamic,A,12
2011,Sinic,Islamic,H_A,8
2011,Sinic,Islamic,P_A,28
2011,Sinic,Japanese,A,11
2011,Sinic,Japanese,H_A,7
2011,Sinic,Japanese,P_A,20
2011,Sinic,Other Civilizations,A,10
2011,Sinic,Other Civilizations,H_A,6
2011,Sinic,Other Civilizations,P_A,23
2011,Sinic,Other Western,P_A,2
2011,Sinic,Sinic,A,637
2011,Sinic,Sinic,H_A,539
2011,Sinic,Sinic,P_A,4714
2011,Sinic,United States,A,51
2011,Sinic,United States,H_A,74
2011,Sinic,United States,P_A,405
2011,Sinic,Unknown,A,455
2011,Sinic,Unknown,H_A,325
2011,Sinic,Unknown,P_A,1882
2011,United States,Anglosphere ex-US,A,51
2011,United States,Anglosphere ex-US,H_A,94
2011,United States,Anglosphere ex-US,P_A,580
2011,United States,Continental Europe,A,116
2011,United States,Continental Europe,H_A,130
2011,United States,Continental Europe,P_A,675
2011,United States,Hindu,A,42
2011,United States,Hindu,H_A,40
2011,United States,Hindu,P_A,161
2011,United States,Islamic,A,48
2011,United States,Islamic,H_A,27
2011,United States,Islamic,P_A,175
2011,United States,Japanese,A,37
2011,United States,Japanese,H_A,20
2011,United States,Japanese,P_A,102
2011,United States,Other Civilizations,A,13
2011,United States,Other Civilizations,H_A,22
2011,United States,Other Civilizations,P_A,130
2011,United States,Other Western,A,5
2011,United States,Other Western,H_A,14
2011,United States,Other Western,P_A,66
2011,United States,Sinic,A,202
2011,United States,Sinic,H_A,228
2011,United States,Sinic,P_A,1947
2011,United States,United States,A,179
2011,United States,United States,H_A,320
2011,United States,United States,P_A,2456
2011,United States,Unknown,A,591
2011,United States,Unknown,H_A,690
2011,United States,Unknown,P_A,3252
2012,Anglosphere ex-US,Anglosphere ex-US,A,91
2012,Anglosphere ex-US,Anglosphere ex-US,H_A,194
2012,Anglosphere ex-US,Anglosphere ex-US,P_A,1812
2012,Anglosphere ex-US,Continental Europe,A,40
2012,Anglosphere ex-US,Continental Europe,H_A,90
2012,Anglosphere ex-US,Continental Europe,P_A,533
2012,Anglosphere ex-US,Hindu,A,16
2012,Anglosphere ex-US,Hindu,H_A,13
2012,Anglosphere ex-US,Hindu,P_A,59
2012,Anglosphere ex-US,Islamic,A,53
2012,Anglosphere ex-US,Islamic,H_A,46
2012,Anglosphere ex-US,Islamic,P_A,230
2012,Anglosphere ex-US,Japanese,A,8
2012,Anglosphere ex-US,Japanese,H_A,6
2012,Anglosphere ex-US,Japanese,P_A,42
2012,Anglosphere ex-US,Other Civilizations,A,14
2012,Anglosphere ex-US,Other Civilizations,H_A,10
2012,Anglosphere ex-US,Other Civilizations,P_A,109
2012,Anglosphere ex-US,Other Western,A,1
2012,Anglosphere ex-US,Other Western,H_A,2
2012,Anglosphere ex-US,Other Western,P_A,12
2012,Anglosphere ex-US,Sinic,A,79
2012,Anglosphere ex-US,Sinic,H_A,90
2012,Anglosphere ex-US,Sinic,P_A,814
2012,Anglosphere ex-US,United States,A,44
2012,Anglosphere ex-US,United States,H_A,87
2012,Anglosphere ex-US,United States,P_A,476
2012,Anglosphere ex-US,Unknown,A,272
2012,Anglosphere ex-US,Unknown,H_A,372
2012,Anglosphere ex-US,Unknown,P_A,1958
2012,Continental Europe,Anglosphere ex-US,A,45
2012,Continental Europe,Anglosphere ex-US,H_A,107
2012,Continental Europe,Anglosphere ex-US,P_A,559
2012,Continental Europe,Continental Europe,A,297
2012,Continental Europe,Continental Europe,H_A,569
2012,Continental Europe,Continental Europe,P_A,4005
2012,Continental Europe,Hindu,A,12
2012,Continental Europe,Hindu,H_A,8
2012,Continental Europe,Hindu,P_A,37
2012,Continental Europe,Islamic,A,65
2012,Continental Europe,Islamic,H_A,50
2012,Continental Europe,Islamic,P_A,178
2012,Continental Europe,Japanese,A,16
2012,Continental Europe,Japanese,H_A,12
2012,Continental Europe,Japanese,P_A,50
2012,Continental Europe,Other Civilizations,A,53
2012,Continental Europe,Other Civilizations,H_A,50
2012,Continental Europe,Other Civilizations,P_A,226
2012,Continental Europe,Other Western,H_A,4
2012,Continental Europe,Other Western,P_A,19
2012,Continental Europe,Sinic,A,48
2012,Continental Europe,Sinic,H_A,61
2012,Continental Europe,Sinic,P_A,331
2012,Continental Europe,United States,A,54
2012,Continental Europe,United States,H_A,98
2012,Continental Europe,United States,P_A,449
2012,Continental Europe,Unknown,A,557
2012,Continental Europe,Unknown,H_A,695
2012,Continental Europe,Unknown,P_A,2991
2012,Hindu,Anglosphere ex-US,A,7
2012,Hindu,Anglosphere ex-US,H_A,6
2012,Hindu,Anglosphere ex-US,P_A,26
2012,Hindu,Continental Europe,A,3
2012,Hindu,Continental Europe,H_A,7
2012,Hindu,Continental Europe,P_A,25
2012,Hindu,Hindu,A,63
2012,Hindu,Hindu,H_A,68
2012,Hindu,Hindu,P_A,385
2012,Hindu,Islamic,A,3
2012,Hindu,Islamic,H_A,5
2012,Hindu,Islamic,P_A,14
2012,Hindu,Japanese,A,3
2012,Hindu,Japanese,H_A,1
2012,Hindu,Japanese,P_A,2
2012,Hindu,Other Civilizations,H_A,3
2012,Hindu,Other Civilizations,P_A,5
2012,Hindu,Other Western,H_A,1
2012,Hindu,Other Western,P_A,1
2012,Hindu,Sinic,A,3
2012,Hindu,Sinic,H_A,2
2012,Hindu,Sinic,P_A,26
2012,Hindu,United States,A,14
2012,Hindu,United States,H_A,28
2012,Hindu,United States,P_A,67
2012,Hindu,Unknown,A,64
2012,Hindu,Unknown,H_A,60
2012,Hindu,Unknown,P_A,245
2012,Islamic,Anglosphere ex-US,A,25
2012,Islamic,Anglosphere ex-US,H_A,25
2012,Islamic,Anglosphere ex-US,P_A,88
2012,Islamic,Continental Europe,A,31
2012,Islamic,Continental Europe,H_A,24
2012,Islamic,Continental Europe,P_A,68
2012,Islamic,Hindu,A,4
2012,Islamic,Hindu,H_A,4
2012,Islamic,Hindu,P_A,22
2012,Islamic,Islamic,A,243
2012,Islamic,Islamic,H_A,136
2012,Islamic,Islamic,P_A,640
2012,Islamic,Japanese,A,2
2012,Islamic,Japanese,H_A,1
2012,Islamic,Japanese,P_A,6
2012,Islamic,Other Civilizations,H_A,3
2012,Islamic,Other Civilizations,P_A,7
2012,Islamic,Other Western,P_A,1
2012,Islamic,Sinic,A,6
2012,Islamic,Sinic,H_A,5
2012,Islamic,Sinic,P_A,44
2012,Islamic,United States,A,19
2012,Islamic,United States,H_A,22
2012,Islamic,United States,P_A,62
2012,Islamic,Unknown,A,244
2012,Islamic,Unknown,H_A,132
2012,Islamic,Unknown,P_A,520
2012,Japanese,Anglosphere ex-US,A,3
2012,Japanese,Anglosphere ex-US,H_A,7
2012,Japanese,Anglosphere ex-US,P_A,37
2012,Japanese,Continental Europe,A,10
2012,Japanese,Continental Europe,H_A,12
2012,Japanese,Continental Europe,P_A,42
2012,Japanese,Hindu,A,5
2012,Japanese,Hindu,H_A,3
2012,Japanese,Hindu,P_A,10
2012,Japanese,Islamic,A,9
2012,Japanese,Islamic,H_A,14
2012,Japanese,Islamic,P_A,52
2012,Japanese,Japanese,A,81
2012,Japanese,Japanese,H_A,92
2012,Japanese,Japanese,P_A,615
2012,Japanese,Other Civilizations,A,7
2012,Japanese,Other Civilizations,H_A,1
2012,Japanese,Other Civilizations,P_A,17
2012,Japanese,Other Western,P_A,1
2012,Japanese,Sinic,A,43
2012,Japanese,Sinic,H_A,27
2012,Japanese,Sinic,P_A,199
2012,Japanese,United States,A,10
2012,Japanese,United States,H_A,14
2012,Japanese,United States,P_A,66
2012,Japanese,Unknown,A,138
2012,Japanese,Unknown,H_A,89
2012,Japanese,Unknown,P_A,558
2012,Other Civilizations,Anglosphere ex-US,A,18
2012,Other Civilizations,Anglosphere ex-US,H_A,32
2012,Other Civilizations,Anglosphere ex-US,P_A,83
2012,Other Civilizations,Continental Europe,A,59
2012,Other Civilizations,Continental Europe,H_A,44
2012,Other Civilizations,Continental Europe,P_A,226
2012,Other Civilizations,Hindu,A,4
2012,Other Civilizations,Hindu,H_A,2
2012,Other Civilizations,Hindu,P_A,8
2012,Other Civilizations,Islamic,A,12
2012,Other Civilizations,Islamic,H_A,10
2012,Other Civilizations,Islamic,P_A,25
2012,Other Civilizations,Japanese,A,2
2012,Other Civilizations,Japanese,H_A,4
2012,Other Civilizations,Japanese,P_A,14
2012,Other Civilizations,Other Civilizations,A,281
2012,Other Civilizations,Other Civilizations,H_A,161
2012,Other Civilizations,Other Civilizations,P_A,1107
2012,Other Civilizations,Other Western,A,1
2012,Other Civilizations,Other Western,H_A,1
2012,Other Civilizations,Sinic,A,16
2012,Other Civilizations,Sinic,H_A,4
2012,Other Civilizations,Sinic,P_A,82
2012,Other Civilizations,United States,A,25
2012,Other Civilizations,United States,H_A,23
2012,Other Civilizations,United States,P_A,108
2012,Other Civilizations,Unknown,A,440
2012,Other Civilizations,Unknown,H_A,188
2012,Other Civilizations,Unknown,P_A,949
2012,Other Western,Anglosphere ex-US,A,2
2012,Other Western,Anglosphere ex-US,H_A,3
2012,Other Western,Anglosphere ex-US,P_A,17
2012,Other Western,Continental Europe,A,5
2012,Other Western,Continental Europe,H_A,2
2012,Other Western,Continental Europe,P_A,19
2012,Other Western,Hindu,H_A,1
2012,Other Western,Other Civilizations,A,1
2012,Other Western,Other Civilizations,H_A,1
2012,Other Western,Other Civilizations,P_A,8
2012,Other Western,Other Western,A,11
2012,Other Western,Other Western,H_A,35
2012,Other Western,Other Western,P_A,268
2012,Other Western,Sinic,H_A,2
2012,Other Western,Sinic,P_A,6
2012,Other Western,United States,A,6
2012,Other Western,United States,H_A,11
2012,Other Western,United States,P_A,71
2012,Other Western,Unknown,A,27
2012,Other Western,Unknown,H_A,51
2012,Other Western,Unknown,P_A,154
2012,Sinic,Anglosphere ex-US,A,31
2012,Sinic,Anglosphere ex-US,H_A,35
2012,Sinic,Anglosphere ex-US,P_A,247
2012,Sinic,Continental Europe,A,21
2012,Sinic,Continental Europe,H_A,16
2012,Sinic,Continental Europe,P_A,102
2012,Sinic,Hindu,A,4
2012,Sinic,Hindu,H_A,6
2012,Sinic,Hindu,P_A,20
2012,Sinic,Islamic,A,16
2012,Sinic,Islamic,H_A,8
2012,Sinic,Islamic,P_A,32
2012,Sinic,Japanese,A,15
2012,Sinic,Japanese,H_A,7
2012,Sinic,Japanese,P_A,26
2012,Sinic,Other Civilizations,A,11
2012,Sinic,Other Civilizations,H_A,7
2012,Sinic,Other Civilizations,P_A,23
2012,Sinic,Other Western,P_A,2
2012,Sinic,Sinic,A,701
2012,Sinic,Sinic,H_A,622
2012,Sinic,Sinic,P_A,5270
2012,Sinic,United States,A,60
2012,Sinic,United States,H_A,108
2012,Sinic,United States,P_A,465
2012,Sinic,Unknown,A,504
2012,Sinic,Unknown,H_A,334
2012,Sinic,Unknown,P_A,1927
2012,United States,Anglosphere ex-US,A,58
2012,United States,Anglosphere ex-US,H_A,98
2012,United States,Anglosphere ex-US,P_A,624
2012,United States,Continental Europe,A,120
2012,United States,Continental Europe,H_A,135
2012,United States,Continental Europe,P_A,734
2012,United States,Hindu,A,52
2012,United States,Hindu,H_A,45
2012,United States,Hindu,P_A,186
2012,United States,Islamic,A,56
2012,United States,Islamic,H_A,32
2012,United States,Islamic,P_A,186
2012,United States,Japanese,A,40
2012,United States,Japanese,H_A,23
2012,United States,Japanese,P_A,107
2012,United States,Other Civilizations,A,16
2012,United States,Other Civilizations,H_A,22
2012,United States,Other Civilizations,P_A,138
2012,United States,Other Western,A,5
2012,United States,Other Western,H_A,15
2012,United States,Other Western,P_A,73
2012,United States,Sinic,A,212
2012,United States,Sinic,H_A,239
2012,United States,Sinic,P_A,2127
2012,United States,United States,A,192
2012,United States,United States,H_A,345
2012,United States,United States,P_A,2647
2012,United States,Unknown,A,608
2012,United States,Unknown,H_A,701
2012,United States,Unknown,P_A,3296
2013,Anglosphere ex-US,Anglosphere ex-US,A,91
2013,Anglosphere ex-US,Anglosphere ex-US,H_A,226
2013,Anglosphere ex-US,Anglosphere ex-US,P_A,1907
2013,Anglosphere ex-US,Continental Europe,A,35
2013,Anglosphere ex-US,Continental Europe,H_A,89
2013,Anglosphere ex-US,Continental Europe,P_A,576
2013,Anglosphere ex-US,Hindu,A,15
2013,Anglosphere ex-US,Hindu,H_A,16
2013,Anglosphere ex-US,Hindu,P_A,66
2013,Anglosphere ex-US,Islamic,A,51
2013,Anglosphere ex-US,Islamic,H_A,58
2013,Anglosphere ex-US,Islamic,P_A,264
2013,Anglosphere ex-US,Japanese,A,7
2013,Anglosphere ex-US,Japanese,H_A,8
2013,Anglosphere ex-US,Japanese,P_A,43
2013,Anglosphere ex-US,Other Civilizations,A,17
2013,Anglosphere ex-US,Other Civilizations,H_A,15
2013,Anglosphere ex-US,Other Civilizations,P_A,118
2013,Anglosphere ex-US,Other Western,A,1
2013,Anglosphere ex-US,Other Western,H_A,4
2013,Anglosphere ex-US,Other Western,P_A,12
2013,Anglosphere ex-US,Sinic,A,86
2013,Anglosphere ex-US,Sinic,H_A,98
2013,Anglosphere ex-US,Sinic,P_A,857
2013,Anglosphere ex-US,United States,A,44
2013,Anglosphere ex-US,United States,H_A,95
2013,Anglosphere ex-US,United States,P_A,519
2013,Anglosphere ex-US,Unknown,A,266
2013,Anglosphere ex-US,Unknown,H_A,408
2013,Anglosphere ex-US,Unknown,P_A,1910
2013,Continental Europe,Anglosphere ex-US,A,57
2013,Continental Europe,Anglosphere ex-US,H_A,120
2013,Continental Europe,Anglosphere ex-US,P_A,618
2013,Continental Europe,Continental Europe,A,319
2013,Continental Europe,Continental Europe,H_A,622
2013,Continental Europe,Continental Europe,P_A,4311
2013,Continental Europe,Hindu,A,17
2013,Continental Europe,Hindu,H_A,9
2013,Continental Europe,Hindu,P_A,46
2013,Continental Europe,Islamic,A,69
2013,Continental Europe,Islamic,H_A,62
2013,Continental Europe,Islamic,P_A,216
2013,Continental Europe,Japanese,A,19
2013,Continental Europe,Japanese,H_A,13
2013,Continental Europe,Japanese,P_A,53
2013,Continental Europe,Other Civilizations,A,59
2013,Continental Europe,Other Civilizations,H_A,52
2013,Continental Europe,Other Civilizations,P_A,256
2013,Continental Europe,Other Western,H_A,5
2013,Continental Europe,Other Western,P_A,20
2013,Continental Europe,Sinic,A,47
2013,Continental Europe,Sinic,H_A,62
2013,Continental Europe,Sinic,P_A,369
2013,Continental Europe,United States,A,61
2013,Continental Europe,United States,H_A,107
2013,Continental Europe,United States,P_A,493
2013,Continental Europe,Unknown,A,526
2013,Continental Europe,Unknown,H_A,709
2013,Continental Europe,Unknown,P_A,2958
2013,Hindu,Anglosphere ex-US,A,7
2013,Hindu,Anglosphere ex-US,H_A,9
2013,Hindu,Anglosphere ex-US,P_A,33
2013,Hindu,Continental Europe,A,3
2013,Hindu,Continental Europe,H_A,12
2013,Hindu,Continental Europe,P_A,29
2013,Hindu,Hindu,A,83
2013,Hindu,Hindu,H_A,84
2013,Hindu,Hindu,P_A,445
2013,Hindu,Islamic,A,4
2013,Hindu,Islamic,H_A,5
2013,Hindu,Islamic,P_A,17
2013,Hindu,Japanese,A,3
2013,Hindu,Japanese,H_A,2
2013,Hindu,Japanese,P_A,3
2013,Hindu,Other Civilizations,H_A,3
2013,Hindu,Other Civilizations,P_A,5
2013,Hindu,Other Western,H_A,1
2013,Hindu,Other Western,P_A,1
2013,Hindu,Sinic,A,7
2013,Hindu,Sinic,H_A,3
2013,Hindu,Sinic,P_A,28
2013,Hindu,United States,A,20
2013,Hindu,United States,H_A,34
2013,Hindu,United States,P_A,80
2013,Hindu,Unknown,A,85
2013,Hindu,Unknown,H_A,66
2013,Hindu,Unknown,P_A,274
2013,Islamic,Anglosphere ex-US,A,27
2013,Islamic,Anglosphere ex-US,H_A,38
2013,Islamic,Anglosphere ex-US,P_A,100
2013,Islamic,Continental Europe,A,35
2013,Islamic,Continental Europe,H_A,23
2013,Islamic,Continental Europe,P_A,78
2013,Islamic,Hindu,A,10
2013,Islamic,Hindu,H_A,4
2013,Islamic,Hindu,P_A,25
2013,Islamic,Islamic,A,264
2013,Islamic,Islamic,H_A,152
2013,Islamic,Islamic,P_A,786
2013,Islamic,Japanese,A,2
2013,Islamic,Japanese,H_A,1
2013,Islamic,Japanese,P_A,7
2013,Islamic,Other Civilizations,H_A,5
2013,Islamic,Other Civilizations,P_A,8
2013,Islamic,Other Western,P_A,2
2013,Islamic,Sinic,A,5
2013,Islamic,Sinic,H_A,5
2013,Islamic,Sinic,P_A,52
2013,Islamic,United States,A,25
2013,Islamic,United States,H_A,32
2013,Islamic,United States,P_A,78
2013,Islamic,Unknown,A,281
2013,Islamic,Unknown,H_A,158
2013,Islamic,Unknown,P_A,548
2013,Japanese,Anglosphere ex-US,A,3
2013,Japanese,Anglosphere ex-US,H_A,8
2013,Japanese,Anglosphere ex-US,P_A,42
2013,Japanese,Continental Europe,A,10
2013,Japanese,Continental Europe,H_A,15
2013,Japanese,Continental Europe,P_A,42
2013,Japanese,Hindu,A,4
2013,Japanese,Hindu,H_A,4
2013,Japanese,Hindu,P_A,12
2013,Japanese,Islamic,A,12
2013,Japanese,Islamic,H_A,10
2013,Japanese,Islamic,P_A,62
2013,Japanese,Japanese,A,84
2013,Japanese,Japanese,H_A,97
2013,Japanese,Japanese,P_A,648
2013,Japanese,Other Civilizations,A,9
2013,Japanese,Other Civilizations,H_A,2
2013,Japanese,Other Civilizations,P_A,20
2013,Japanese,Other Western,P_A,1
2013,Japanese,Sinic,A,44
2013,Japanese,Sinic,H_A,27
2013,Japanese,Sinic,P_A,210
2013,Japanese,United States,A,13
2013,Japanese,United States,H_A,17
2013,Japanese,United States,P_A,73
2013,Japanese,Unknown,A,139
2013,Japanese,Unknown,H_A,88
2013,Japanese,Unknown,P_A,541
2013,Other Civilizations,Anglosphere ex-US,A,18
2013,Other Civilizations,Anglosphere ex-US,H_A,26
2013,Other Civilizations,Anglosphere ex-US,P_A,97
2013,Other Civilizations,Continental Europe,A,66
2013,Other Civilizations,Continental Europe,H_A,55
2013,Other Civilizations,Continental Europe,P_A,248
2013,Other Civilizations,Hindu,A,6
2013,Other Civilizations,Hindu,H_A,4
2013,Other Civilizations,Hindu,P_A,13
2013,Other Civilizations,Islamic,A,12
2013,Other Civilizations,Islamic,H_A,13
2013,Other Civilizations,Islamic,P_A,30
2013,Other Civilizations,Japanese,A,1
2013,Other Civilizations,Japanese,H_A,4
2013,Other Civilizations,Japanese,P_A,15
2013,Other Civilizations,Other Civilizations,A,300
2013,Other Civilizations,Other Civilizations,H_A,175
2013,Other Civilizations,Other Civilizations,P_A,1214
2013,Other Civilizations,Other Western,A,1
2013,Other Civilizations,Other Western,H_A,1
2013,Other Civilizations,Sinic,A,22
2013,Other Civilizations,Sinic,H_A,5
2013,Other Civilizations,Sinic,P_A,85
2013,Other Civilizations,United States,A,25
2013,Other Civilizations,United States,H_A,27
2013,Other Civilizations,United States,P_A,115
2013,Other Civilizations,Unknown,A,418
2013,Other Civilizations,Unknown,H_A,202
2013,Other Civilizations,Unknown,P_A,975
2013,Other Western,Anglosphere ex-US,A,2
2013,Other Western,Anglosphere ex-US,H_A,4
2013,Other Western,Anglosphere ex-US,P_A,18
2013,Other Western,Continental Europe,A,5
2013,Other Western,Continental Europe,H_A,4
2013,Other Western,Continental Europe,P_A,22
2013,Other Western,Hindu,H_A,1
2013,Other Western,Other Civilizations,A,1
2013,Other Western,Other Civilizations,H_A,1
2013,Other Western,Other Civilizations,P_A,8
2013,Other Western,Other Western,A,10
2013,Other Western,Other Western,H_A,46
2013,Other Western,Other Western,P_A,281
2013,Other Western,Sinic,H_A,2
2013,Other Western,Sinic,P_A,6
2013,Other Western,United States,A,7
2013,Other Western,United States,H_A,11
2013,Other Western,United States,P_A,75
2013,Other Western,Unknown,A,29
2013,Other Western,Unknown,H_A,49
2013,Other Western,Unknown,P_A,154
2013,Sinic,Anglosphere ex-US,A,40
2013,Sinic,Anglosphere ex-US,H_A,46
2013,Sinic,Anglosphere ex-US,P_A,273
2013,Sinic,Continental Europe,A,26
2013,Sinic,Continental Europe,H_A,23
2013,Sinic,Continental Europe,P_A,119
2013,Sinic,Hindu,A,6
2013,Sinic,Hindu,H_A,10
2013,Sinic,Hindu,P_A,20
2013,Sinic,Islamic,A,20
2013,Sinic,Islamic,H_A,11
2013,Sinic,Islamic,P_A,38
2013,Sinic,Japanese,A,17
2013,Sinic,Japanese,H_A,7
2013,Sinic,Japanese,P_A,27
2013,Sinic,Other Civilizations,A,10
2013,Sinic,Other Civilizations,H_A,10
2013,Sinic,Other Civilizations,P_A,30
2013,Sinic,Other Western,H_A,3
2013,Sinic,Other Western,P_A,2
2013,Sinic,Sinic,A,760
2013,Sinic,Sinic,H_A,748
2013,Sinic,Sinic,P_A,5769
2013,Sinic,United States,A,75
2013,Sinic,United States,H_A,139
2013,Sinic,United States,P_A,529
2013,Sinic,Unknown,A,539
2013,Sinic,Unknown,H_A,338
2013,Sinic,Unknown,P_A,1951
2013,United States,Anglosphere ex-US,A,63
2013,United States,Anglosphere ex-US,H_A,105
2013,United States,Anglosphere ex-US,P_A,673
2013,United States,Continental Europe,A,139
2013,United States,Continental Europe,H_A,141
2013,United States,Continental Europe,P_A,782
2013,United States,Hindu,A,58
2013,United States,Hindu,H_A,51
2013,United States,Hindu,P_A,209
2013,United States,Islamic,A,62
2013,United States,Islamic,H_A,30
2013,United States,Islamic,P_A,210
2013,United States,Japanese,A,35
2013,United States,Japanese,H_A,24
2013,United States,Japanese,P_A,113
2013,United States,Other Civilizations,A,22
2013,United States,Other Civilizations,H_A,23
2013,United States,Other Civilizations,P_A,152
2013,United States,Other Western,A,8
2013,United States,Other Western,H_A,19
2013,United States,Other Western,P_A,82
2013,United States,Sinic,A,217
2013,United States,Sinic,H_A,277
2013,United States,Sinic,P_A,2248
2013,United States,United States,A,218
2013,United States,United States,H_A,389
2013,United States,United States,P_A,2842
2013,United States,Unknown,A,615
2013,United States,Unknown,H_A,715
2013,United States,Unknown,P_A,3254
2014,Anglosphere ex-US,Anglosphere ex-US,A,102
2014,Anglosphere ex-US,Anglosphere ex-US,H_A,258
2014,Anglosphere ex-US,Anglosphere ex-US,P_A,2019
2014,Anglosphere ex-US,Continental Europe,A,38
2014,Anglosphere ex-US,Continental Europe,H_A,105
2014,Anglosphere ex-US,Continental Europe,P_A,620
2014,Anglosphere ex-US,Hindu,A,15
2014,Anglosphere ex-US,Hindu,H_A,15
2014,Anglosphere ex-US,Hindu,P_A,74
2014,Anglosphere ex-US,Islamic,A,57
2014,Anglosphere ex-US,Islamic,H_A,63
2014,Anglosphere ex-US,Islamic,P_A,309
2014,Anglosphere ex-US,Japanese,A,7
2014,Anglosphere ex-US,Japanese,H_A,7
2014,Anglosphere ex-US,Japanese,P_A,48
2014,Anglosphere ex-US,Other Civilizations,A,20
2014,Anglosphere ex-US,Other Civilizations,H_A,17
2014,Anglosphere ex-US,Other Civilizations,P_A,130
2014,Anglosphere ex-US,Other Western,A,2
2014,Anglosphere ex-US,Other Western,H_A,4
2014,Anglosphere ex-US,Other Western,P_A,13
2014,Anglosphere ex-US,Sinic,A,85
2014,Anglosphere ex-US,Sinic,H_A,116
2014,Anglosphere ex-US,Sinic,P_A,908
2014,Anglosphere ex-US,United States,A,48
2014,Anglosphere ex-US,United States,H_A,105
2014,Anglosphere ex-US,United States,P_A,571
2014,Anglosphere ex-US,Unknown,A,263
2014,Anglosphere ex-US,Unknown,H_A,417
2014,Anglosphere ex-US,Unknown,P_A,1811
2014,Continental Europe,Anglosphere ex-US,A,58
2014,Continental Europe,Anglosphere ex-US,H_A,136
2014,Continental Europe,Anglosphere ex-US,P_A,701
2014,Continental Europe,Continental Europe,A,337
2014,Continental Europe,Continental Europe,H_A,692
2014,Continental Europe,Continental Europe,P_A,4613
2014,Continental Europe,Hindu,A,25
2014,Continental Europe,Hindu,H_A,10
2014,Continental Europe,Hindu,P_A,47
2014,Continental Europe,Islamic,A,73
2014,Continental Europe,Islamic,H_A,70
2014,Continental Europe,Islamic,P_A,245
2014,Continental Europe,Japanese,A,17
2014,Continental Europe,Japanese,H_A,15
2014,Continental Europe,Japanese,P_A,58
2014,Continental Europe,Other Civilizations,A,60
2014,Continental Europe,Other Civilizations,H_A,57
2014,Continental Europe,Other Civilizations,P_A,287
2014,Continental Europe,Other Western,A,1
2014,Continental Europe,Other Western,H_A,8
2014,Continental Europe,Other Western,P_A,23
2014,Continental Europe,Sinic,A,63
2014,Continental Europe,Sinic,H_A,72
2014,Continental Europe,Sinic,P_A,414
2014,Continental Europe,United States,A,73
2014,Continental Europe,United States,H_A,131
2014,Continental Europe,United States,P_A,560
2014,Continental Europe,Unknown,A,519
2014,Continental Europe,Unknown,H_A,734
2014,Continental Europe,Unknown,P_A,2903
2014,Hindu,Anglosphere ex-US,A,9
2014,Hindu,Anglosphere ex-US,H_A,11
2014,Hindu,Anglosphere ex-US,P_A,38
2014,Hindu,Continental Europe,A,2
2014,Hindu,Continental Europe,H_A,16
2014,Hindu,Continental Europe,P_A,33
2014,Hindu,Hindu,A,85
2014,Hindu,Hindu,H_A,87
2014,Hindu,Hindu,P_A,522
2014,Hindu,Islamic,A,5
2014,Hindu,Islamic,H_A,4
2014,Hindu,Islamic,P_A,21
2014,Hindu,Japanese,A,3
2014,Hindu,Japanese,H_A,1
2014,Hindu,Japanese,P_A,4
2014,Hindu,Other Civilizations,A,1
2014,Hindu,Other Civilizations,H_A,3
2014,Hindu,Other Civilizations,P_A,6
2014,Hindu,Other Western,H_A,1
2014,Hindu,Other Western,P_A,1
2014,Hindu,Sinic,A,7
2014,Hindu,Sinic,H_A,4
2014,Hindu,Sinic,P_A,33
2014,Hindu,United States,A,19
2014,Hindu,United States,H_A,41
2014,Hindu,United States,P_A,91
2014,Hindu,Unknown,A,90
2014,Hindu,Unknown,H_A,72
2014,Hindu,Unknown,P_A,295
2014,Islamic,Anglosphere ex-US,A,36
2014,Islamic,Anglosphere ex-US,H_A,45
2014,Islamic,Anglosphere ex-US,P_A,119
2014,Islamic,Continental Europe,A,44
2014,Islamic,Continental Europe,H_A,27
2014,Islamic,Continental Europe,P_A,99
2014,Islamic,Hindu,A,13
2014,Islamic,Hindu,H_A,3
2014,Islamic,Hindu,P_A,32
2014,Islamic,Islamic,A,303
2014,Islamic,Islamic,H_A,177
2014,Islamic,Islamic,P_A,935
2014,Islamic,Japanese,A,3
2014,Islamic,Japanese,H_A,1
2014,Islamic,Japanese,P_A,7
2014,Islamic,Other Civilizations,A,4
2014,Islamic,Other Civilizations,H_A,5
2014,Islamic,Other Civilizations,P_A,8
2014,Islamic,Other Western,P_A,2
2014,Islamic,Sinic,A,5
2014,Islamic,Sinic,H_A,10
2014,Islamic,Sinic,P_A,55
2014,Islamic,United States,A,30
2014,Islamic,United States,H_A,40
2014,Islamic,United States,P_A,98
2014,Islamic,Unknown,A,312
2014,Islamic,Unknown,H_A,183
2014,Islamic,Unknown,P_A,597
2014,Japanese,Anglosphere ex-US,A,3
2014,Japanese,Anglosphere ex-US,H_A,9
2014,Japanese,Anglosphere ex-US,P_A,45
2014,Japanese,Continental Europe,A,13
2014,Japanese,Continental Europe,H_A,13
2014,Japanese,Continental Europe,P_A,49
2014,Japanese,Hindu,A,4
2014,Japanese,Hindu,H_A,3
2014,Japanese,Hindu,P_A,14
2014,Japanese,Islamic,A,15
2014,Japanese,Islamic,H_A,9
2014,Japanese,Islamic,P_A,73
2014,Japanese,Japanese,A,92
2014,Japanese,Japanese,H_A,96
2014,Japanese,Japanese,P_A,706
2014,Japanese,Other Civilizations,A,9
2014,Japanese,Other Civilizations,H_A,3
2014,Japanese,Other Civilizations,P_A,21
2014,Japanese,Other Western,P_A,1
2014,Japanese,Sinic,A,48
2014,Japanese,Sinic,H_A,31
2014,Japanese,Sinic,P_A,226
2014,Japanese,United States,A,15
2014,Japanese,United States,H_A,18
2014,Japanese,United States,P_A,79
2014,Japanese,Unknown,A,135
2014,Japanese,Unknown,H_A,91
2014,Japanese,Unknown,P_A,518
2014,Other Civilizations,Anglosphere ex-US,A,19
2014,Other Civilizations,Anglosphere ex-US,H_A,29
2014,Other Civilizations,Anglosphere ex-US,P_A,107
2014,Other Civilizations,Continental Europe,A,80
2014,Other Civilizations,Continental Europe,H_A,58
2014,Other Civilizations,Continental Europe,P_A,279
2014,Other Civilizations,Hindu,A,5
2014,Other Civilizations,Hindu,H_A,5
2014,Other Civilizations,Hindu,P_A,16
2014,Other Civilizations,Islamic,A,18
2014,Other Civilizations,Islamic,H_A,12
2014,Other Civilizations,Islamic,P_A,33
2014,Other Civilizations,Japanese,A,5
2014,Other Civilizations,Japanese,H_A,4
2014,Other Civilizations,Japanese,P_A,17
2014,Other Civilizations,Other Civilizations,A,331
2014,Other Civilizations,Other Civilizations,H_A,199
2014,Other Civilizations,Other Civilizations,P_A,1347
2014,Other Civilizations,Other Western,A,2
2014,Other Civilizations,Other Western,H_A,2
2014,Other Civilizations,Sinic,A,23
2014,Other Civilizations,Sinic,H_A,5
2014,Other Civilizations,Sinic,P_A,93
2014,Other Civilizations,United States,A,30
2014,Other Civilizations,United States,H_A,38
2014,Other Civilizations,United States,P_A,125
2014,Other Civilizations,Unknown,A,430
2014,Other Civilizations,Unknown,H_A,214
2014,Other Civilizations,Unknown,P_A,961
2014,Other Western,Anglosphere ex-US,A,3
2014,Other Western,Anglosphere ex-US,H_A,3
2014,Other Western,Anglosphere ex-US,P_A,22
2014,Other Western,Continental Europe,A,4
2014,Other Western,Continental Europe,H_A,4
2014,Other Western,Continental Europe,P_A,24
2014,Other Western,Hindu,H_A,1
2014,Other Western,Other Civilizations,A,1
2014,Other Western,Other Civilizations,H_A,1
2014,Other Western,Other Civilizations,P_A,8
2014,Other Western,Other Western,A,11
2014,Other Western,Other Western,H_A,54
2014,Other Western,Other Western,P_A,301
2014,Other Western,Sinic,A,1
2014,Other Western,Sinic,H_A,3
2014,Other Western,Sinic,P_A,7
2014,Other Western,United States,A,8
2014,Other Western,United States,H_A,12
2014,Other Western,United States,P_A,78
2014,Other Western,Unknown,A,31
2014,Other Western,Unknown,H_A,47
2014,Other Western,Unknown,P_A,152
2014,Sinic,Anglosphere ex-US,A,49
2014,Sinic,Anglosphere ex-US,H_A,52
2014,Sinic,Anglosphere ex-US,P_A,303
2014,Sinic,Continental Europe,A,34
2014,Sinic,Continental Europe,H_A,25
2014,Sinic,Continental Europe,P_A,138
2014,Sinic,Hindu,A,9
2014,Sinic,Hindu,H_A,9
2014,Sinic,Hindu,P_A,23
2014,Sinic,Islamic,A,26
2014,Sinic,Islamic,H_A,15
2014,Sinic,Islamic,P_A,48
2014,Sinic,Japanese,A,18
2014,Sinic,Japanese,H_A,7
2014,Sinic,Japanese,P_A,37
2014,Sinic,Other Civilizations,A,13
2014,Sinic,Other Civilizations,H_A,10
2014,Sinic,Other Civilizations,P_A,35
2014,Sinic,Other Western,A,1
2014,Sinic,Other Western,H_A,3
2014,Sinic,Other Western,P_A,3
2014,Sinic,Sinic,A,838
2014,Sinic,Sinic,H_A,858
2014,Sinic,Sinic,P_A,6338
2014,Sinic,United States,A,102
2014,Sinic,United States,H_A,167
2014,Sinic,United States,P_A,611
2014,Sinic,Unknown,A,569
2014,Sinic,Unknown,H_A,372
2014,Sinic,Unknown,P_A,1955
2014,United States,Anglosphere ex-US,A,68
2014,United States,Anglosphere ex-US,H_A,117
2014,United States,Anglosphere ex-US,P_A,728
2014,United States,Continental Europe,A,139
2014,United States,Continental Europe,H_A,161
2014,United States,Continental Europe,P_A,841
2014,United States,Hindu,A,61
2014,United States,Hindu,H_A,49
2014,United States,Hindu,P_A,239
2014,United States,Islamic,A,72
2014,United States,Islamic,H_A,38
2014,United States,Islamic,P_A,242
2014,United States,Japanese,A,36
2014,United States,Japanese,H_A,24
2014,United States,Japanese,P_A,121
2014,United States,Other Civilizations,A,25
2014,United States,Other Civilizations,H_A,24
2014,United States,Other Civilizations,P_A,167
2014,United States,Other Western,A,7
2014,United States,Other Western,H_A,20
2014,United States,Other Western,P_A,91
2014,United States,Sinic,A,231
2014,United States,Sinic,H_A,319
2014,United States,Sinic,P_A,2352
2014,United States,United States,A,244
2014,United States,United States,H_A,442
2014,United States,United States,P_A,3010
2014,United States,Unknown,A,621
2014,United States,Unknown,H_A,718
2014,United States,Unknown,P_A,3153
2015,Anglosphere ex-US,Anglosphere ex-US,A,124
2015,Anglosphere ex-US,Anglosphere ex-US,H_A,284
2015,Anglosphere ex-US,Anglosphere ex-US,P_A,2152
2015,Anglosphere ex-US,Continental Europe,A,38
2015,Anglosphere ex-US,Continental Europe,H_A,120
2015,Anglosphere ex-US,Continental Europe,P_A,659
2015,Anglosphere ex-US,Hindu,A,18
2015,Anglosphere ex-US,Hindu,H_A,18
2015,Anglosphere ex-US,Hindu,P_A,77
2015,Anglosphere ex-US,Islamic,A,59
2015,Anglosphere ex-US,Islamic,H_A,76
2015,Anglosphere ex-US,Islamic,P_A,349
2015,Anglosphere ex-US,Japanese,A,8
2015,Anglosphere ex-US,Japanese,H_A,6
2015,Anglosphere ex-US,Japanese,P_A,51
2015,Anglosphere ex-US,Other Civilizations,A,19
2015,Anglosphere ex-US,Other Civilizations,H_A,18
2015,Anglosphere ex-US,Other Civilizations,P_A,146
2015,Anglosphere ex-US,Other Western,A,4
2015,Anglosphere ex-US,Other Western,H_A,3
2015,Anglosphere ex-US,Other Western,P_A,19
2015,Anglosphere ex-US,Sinic,A,90
2015,Anglosphere ex-US,Sinic,H_A,136
2015,Anglosphere ex-US,Sinic,P_A,943
2015,Anglosphere ex-US,United States,A,42
2015,Anglosphere ex-US,United States,H_A,127
2015,Anglosphere ex-US,United States,P_A,616
2015,Anglosphere ex-US,Unknown,A,242
2015,Anglosphere ex-US,Unknown,H_A,411
2015,Anglosphere ex-US,Unknown,P_A,1734
2015,Continental Europe,Anglosphere ex-US,A,68
2015,Continental Europe,Anglosphere ex-US,H_A,149
2015,Continental Europe,Anglosphere ex-US,P_A,760
2015,Continental Europe,Continental Europe,A,368
2015,Continental Europe,Continental Europe,H_A,764
2015,Continental Europe,Continental Europe,P_A,4947
2015,Continental Europe,Hindu,A,27
2015,Continental Europe,Hindu,H_A,11
2015,Continental Europe,Hindu,P_A,57
2015,Continental Europe,Islamic,A,75
2015,Continental Europe,Islamic,H_A,82
2015,Continental Europe,Islamic,P_A,283
2015,Continental Europe,Japanese,A,15
2015,Continental Europe,Japanese,H_A,18
2015,Continental Europe,Japanese,P_A,61
2015,Continental Europe,Other Civilizations,A,63
2015,Continental Europe,Other Civilizations,H_A,55
2015,Continental Europe,Other Civilizations,P_A,329
2015,Continental Europe,Other Western,A,2
2015,Continental Europe,Other Western,H_A,14
2015,Continental Europe,Other Western,P_A,24
2015,Continental Europe,Sinic,A,69
2015,Continental Europe,Sinic,H_A,86
2015,Continental Europe,Sinic,P_A,448
2015,Continental Europe,United States,A,73
2015,Continental Europe,United States,H_A,160
2015,Continental Europe,United States,P_A,621
2015,Continental Europe,Unknown,A,508
2015,Continental Europe,Unknown,H_A,745
2015,Continental Europe,Unknown,P_A,2767
2015,Hindu,Anglosphere ex-US,A,11
2015,Hindu,Anglosphere ex-US,H_A,13
2015,Hindu,Anglosphere ex-US,P_A,45
2015,Hindu,Continental Europe,A,1
2015,Hindu,Continental Europe,H_A,19
2015,Hindu,Continental Europe,P_A,41
2015,Hindu,Hindu,A,103
2015,Hindu,Hindu,H_A,101
2015,Hindu,Hindu,P_A,590
2015,Hindu,Islamic,A,8
2015,Hindu,Islamic,H_A,6
2015,Hindu,Islamic,P_A,27
2015,Hindu,Japanese,A,3
2015,Hindu,Japanese,H_A,1
2015,Hindu,Japanese,P_A,5
2015,Hindu,Other Civilizations,A,1
2015,Hindu,Other Civilizations,H_A,4
2015,Hindu,Other Civilizations,P_A,7
2015,Hindu,Other Western,H_A,1
2015,Hindu,Other Western,P_A,2
2015,Hindu,Sinic,A,7
2015,Hindu,Sinic,H_A,4
2015,Hindu,Sinic,P_A,38
2015,Hindu,United States,A,21
2015,Hindu,United States,H_A,49
2015,Hindu,United States,P_A,103
2015,Hindu,Unknown,A,105
2015,Hindu,Unknown,H_A,81
2015,Hindu,Unknown,P_A,309
2015,Islamic,Anglosphere ex-US,A,39
2015,Islamic,Anglosphere ex-US,H_A,61
2015,Islamic,Anglosphere ex-US,P_A,140
2015,Islamic,Continental Europe,A,50
2015,Islamic,Continental Europe,H_A,37
2015,Islamic,Continental Europe,P_A,119
2015,Islamic,Hindu,A,15
2015,Islamic,Hindu,H_A,4
2015,Islamic,Hindu,P_A,36
2015,Islamic,Islamic,A,342
2015,Islamic,Islamic,H_A,215
2015,Islamic,Islamic,P_A,1098
2015,Islamic,Japanese,A,3
2015,Islamic,Japanese,H_A,2
2015,Islamic,Japanese,P_A,8
2015,Islamic,Other Civilizations,A,7
2015,Islamic,Other Civilizations,H_A,7
2015,Islamic,Other Civilizations,P_A,12
2015,Islamic,Other Western,P_A,2
2015,Islamic,Sinic,A,9
2015,Islamic,Sinic,H_A,15
2015,Islamic,Sinic,P_A,62
2015,Islamic,United States,A,32
2015,Islamic,United States,H_A,52
2015,Islamic,United States,P_A,123
2015,Islamic,Unknown,A,298
2015,Islamic,Unknown,H_A,223
2015,Islamic,Unknown,P_A,600
2015,Japanese,Anglosphere ex-US,A,3
2015,Japanese,Anglosphere ex-US,H_A,13
2015,Japanese,Anglosphere ex-US,P_A,47
2015,Japanese,Continental Europe,A,13
2015,Japanese,Continental Europe,H_A,13
2015,Japanese,Continental Europe,P_A,53
2015,Japanese,Hindu,A,4
2015,Japanese,Hindu,H_A,3
2015,Japanese,Hindu,P_A,15
2015,Japanese,Islamic,A,18
2015,Japanese,Islamic,H_A,9
2015,Japanese,Islamic,P_A,75
2015,Japanese,Japanese,A,101
2015,Japanese,Japanese,H_A,94
2015,Japanese,Japanese,P_A,751
2015,Japanese,Other Civilizations,A,10
2015,Japanese,Other Civilizations,H_A,4
2015,Japanese,Other Civilizations,P_A,22
2015,Japanese,Other Western,P_A,1
2015,Japanese,Sinic,A,50
2015,Japanese,Sinic,H_A,31
2015,Japanese,Sinic,P_A,243
2015,Japanese,United States,A,14
2015,Japanese,United States,H_A,22
2015,Japanese,United States,P_A,85
2015,Japanese,Unknown,A,120
2015,Japanese,Unknown,H_A,87
2015,Japanese,Unknown,P_A,499
2015,Other Civilizations,Anglosphere ex-US,A,20
2015,Other Civilizations,Anglosphere ex-US,H_A,31
2015,Other Civilizations,Anglosphere ex-US,P_A,115
2015,Other Civilizations,Continental Europe,A,89
2015,Other Civilizations,Continental Europe,H_A,70
2015,Other Civilizations,Continental Europe,P_A,305
2015,Other Civilizations,Hindu,A,7
2015,Other Civilizations,Hindu,H_A,5
2015,Other Civilizations,Hindu,P_A,19
2015,Other Civilizations,Islamic,A,21
2015,Other Civilizations,Islamic,H_A,8
2015,Other Civilizations,Islamic,P_A,40
2015,Other Civilizations,Japanese,A,5
2015,Other Civilizations,Japanese,H_A,3
2015,Other Civilizations,Japanese,P_A,20
2015,Other Civilizations,Other Civilizations,A,350
2015,Other Civilizations,Other Civilizations,H_A,229
2015,Other Civilizations,Other Civilizations,P_A,1459
2015,Other Civilizations,Other Western,A,1
2015,Other Civilizations,Other Western,H_A,3
2015,Other Civilizations,Other Western,P_A,1
2015,Other Civilizations,Sinic,A,23
2015,Other Civilizations,Sinic,H_A,8
2015,Other Civilizations,Sinic,P_A,98
2015,Other Civilizations,United States,A,32
2015,Other Civilizations,United States,H_A,43
2015,Other Civilizations,United States,P_A,139
2015,Other Civilizations,Unknown,A,417
2015,Other Civilizations,Unknown,H_A,221
2015,Other Civilizations,Unknown,P_A,947
2015,Other Western,Anglosphere ex-US,A,4
2015,Other Western,Anglosphere ex-US,H_A,3
2015,Other Western,Anglosphere ex-US,P_A,23
2015,Other Western,Continental Europe,A,5
2015,Other Western,Continental Europe,H_A,5
2015,Other Western,Continental Europe,P_A,25
2015,Other Western,Hindu,H_A,1
2015,Other Western,Japanese,A,1
2015,Other Western,Other Civilizations,H_A,1
2015,Other Western,Other Civilizations,P_A,9
2015,Other Western,Other Western,A,11
2015,Other Western,Other Western,H_A,67
2015,Other Western,Other Western,P_A,317
2015,Other Western,Sinic,A,1
2015,Other Western,Sinic,H_A,3
2015,Other Western,Sinic,P_A,7
2015,Other Western,United States,A,10
2015,Other Western,United States,H_A,13
2015,Other Western,United States,P_A,79
2015,Other Western,Unknown,A,28
2015,Other Western,Unknown,H_A,48
2015,Other Western,Unknown,P_A,133
2015,Sinic,Anglosphere ex-US,A,50
2015,Sinic,Anglosphere ex-US,H_A,71
2015,Sinic,Anglosphere ex-US,P_A,329
2015,Sinic,Continental Europe,A,41
2015,Sinic,Continental Europe,H_A,25
2015,Sinic,Continental Europe,P_A,155
2015,Sinic,Hindu,A,11
2015,Sinic,Hindu,H_A,9
2015,Sinic,Hindu,P_A,26
2015,Sinic,Islamic,A,35
2015,Sinic,Islamic,H_A,19
2015,Sinic,Islamic,P_A,60
2015,Sinic,Japanese,A,17
2015,Sinic,Japanese,H_A,7
2015,Sinic,Japanese,P_A,43
2015,Sinic,Other Civilizations,A,15
2015,Sinic,Other Civilizations,H_A,15
2015,Sinic,Other Civilizations,P_A,39
2015,Sinic,Other Western,A,1
2015,Sinic,Other Western,H_A,3
2015,Sinic,Other Western,P_A,4
2015,Sinic,Sinic,A,905
2015,Sinic,Sinic,H_A,971
2015,Sinic,Sinic,P_A,6773
2015,Sinic,United States,A,111
2015,Sinic,United States,H_A,211
2015,Sinic,United States,P_A,674
2015,Sinic,Unknown,A,532
2015,Sinic,Unknown,H_A,404
2015,Sinic,Unknown,P_A,1880
2015,United States,Anglosphere ex-US,A,79
2015,United States,Anglosphere ex-US,H_A,127
2015,United States,Anglosphere ex-US,P_A,780
2015,United States,Continental Europe,A,137
2015,United States,Continental Europe,H_A,181
2015,United States,Continental Europe,P_A,894
2015,United States,Hindu,A,70
2015,United States,Hindu,H_A,52
2015,United States,Hindu,P_A,258
2015,United States,Islamic,A,78
2015,United States,Islamic,H_A,40
2015,United States,Islamic,P_A,273
2015,United States,Japanese,A,38
2015,United States,Japanese,H_A,27
2015,United States,Japanese,P_A,129
2015,United States,Other Civilizations,A,27
2015,United States,Other Civilizations,H_A,33
2015,United States,Other Civilizations,P_A,179
2015,United States,Other Western,A,6
2015,United States,Other Western,H_A,25
2015,United States,Other Western,P_A,95
2015,United States,Sinic,A,251
2015,United States,Sinic,H_A,338
2015,United States,Sinic,P_A,2465
2015,United States,United States,A,277
2015,United States,United States,H_A,514
2015,United States,United States,P_A,3199
2015,United States,Unknown,A,567
2015,United States,Unknown,H_A,698
2015,United States,Unknown,P_A,2974
2016,Anglosphere ex-US,Anglosphere ex-US,A,120
2016,Anglosphere ex-US,Anglosphere ex-US,H_A,338
2016,Anglosphere ex-US,Anglosphere ex-US,P_A,2264
2016,Anglosphere ex-US,Continental Europe,A,44
2016,Anglosphere ex-US,Continental Europe,H_A,133
2016,Anglosphere ex-US,Continental Europe,P_A,707
2016,Anglosphere ex-US,Hindu,A,12
2016,Anglosphere ex-US,Hindu,H_A,19
2016,Anglosphere ex-US,Hindu,P_A,87
2016,Anglosphere ex-US,Islamic,A,65
2016,Anglosphere ex-US,Islamic,H_A,95
2016,Anglosphere ex-US,Islamic,P_A,379
2016,Anglosphere ex-US,Japanese,A,8
2016,Anglosphere ex-US,Japanese,H_A,6
2016,Anglosphere ex-US,Japanese,P_A,54
2016,Anglosphere ex-US,Other Civilizations,A,21
2016,Anglosphere ex-US,Other Civilizations,H_A,20
2016,Anglosphere ex-US,Other Civilizations,P_A,155
2016,Anglosphere ex-US,Other Western,A,2
2016,Anglosphere ex-US,Other Western,H_A,5
2016,Anglosphere ex-US,Other Western,P_A,22
2016,Anglosphere ex-US,Sinic,A,93
2016,Anglosphere ex-US,Sinic,H_A,148
2016,Anglosphere ex-US,Sinic,P_A,981
2016,Anglosphere ex-US,United States,A,44
2016,Anglosphere ex-US,United States,H_A,146
2016,Anglosphere ex-US,United States,P_A,677
2016,Anglosphere ex-US,Unknown,A,231
2016,Anglosphere ex-US,Unknown,H_A,390
2016,Anglosphere ex-US,Unknown,P_A,1585
2016,Continental Europe,Anglosphere ex-US,A,75
2016,Continental Europe,Anglosphere ex-US,H_A,181
2016,Continental Europe,Anglosphere ex-US,P_A,831
2016,Continental Europe,Continental Europe,A,388
2016,Continental Europe,Continental Europe,H_A,869
2016,Continental Europe,Continental Europe,P_A,5290
2016,Continental Europe,Hindu,A,26
2016,Continental Europe,Hindu,H_A,17
2016,Continental Europe,Hindu,P_A,64
2016,Continental Europe,Islamic,A,66
2016,Continental Europe,Islamic,H_A,79
2016,Continental Europe,Islamic,P_A,326
2016,Continental Europe,Japanese,A,13
2016,Continental Europe,Japanese,H_A,21
2016,Continental Europe,Japanese,P_A,66
2016,Continental Europe,Other Civilizations,A,65
2016,Continental Europe,Other Civilizations,H_A,64
2016,Continental Europe,Other Civilizations,P_A,366
2016,Continental Europe,Other Western,A,1
2016,Continental Europe,Other Western,H_A,17
2016,Continental Europe,Other Western,P_A,27
2016,Continental Europe,Sinic,A,71
2016,Continental Europe,Sinic,H_A,97
2016,Continental Europe,Sinic,P_A,480
2016,Continental Europe,United States,A,75
2016,Continental Europe,United States,H_A,190
2016,Continental Europe,United States,P_A,675
2016,Continental Europe,Unknown,A,481
2016,Continental Europe,Unknown,H_A,721
2016,Continental Europe,Unknown,P_A,2590
2016,Hindu,Anglosphere ex-US,A,12
2016,Hindu,Anglosphere ex-US,H_A,23
2016,Hindu,Anglosphere ex-US,P_A,50
2016,Hindu,Continental Europe,A,8
2016,Hindu,Continental Europe,H_A,20
2016,Hindu,Continental Europe,P_A,47
2016,Hindu,Hindu,A,106
2016,Hindu,Hindu,H_A,124
2016,Hindu,Hindu,P_A,684
2016,Hindu,Islamic,A,8
2016,Hindu,Islamic,H_A,6
2016,Hindu,Islamic,P_A,30
2016,Hindu,Japanese,A,3
2016,Hindu,Japanese,H_A,2
2016,Hindu,Japanese,P_A,5
2016,Hindu,Other Civilizations,A,2
2016,Hindu,Other Civilizations,H_A,3
2016,Hindu,Other Civilizations,P_A,11
2016,Hindu,Other Western,H_A,1
2016,Hindu,Other Western,P_A,3
2016,Hindu,Sinic,A,8
2016,Hindu,Sinic,H_A,6
2016,Hindu,Sinic,P_A,43
2016,Hindu,United States,A,27
2016,Hindu,United States,H_A,69
2016,Hindu,United States,P_A,123
2016,Hindu,Unknown,A,104
2016,Hindu,Unknown,H_A,90
2016,Hindu,Unknown,P_A,309
2016,Islamic,Anglosphere ex-US,A,40
2016,Islamic,Anglosphere ex-US,H_A,70
2016,Islamic,Anglosphere ex-US,P_A,165
2016,Islamic,Continental Europe,A,57
2016,Islamic,Continental Europe,H_A,59
2016,Islamic,Continental Europe,P_A,136
2016,Islamic,Hindu,A,14
2016,Islamic,Hindu,H_A,3
2016,Islamic,Hindu,P_A,40
2016,Islamic,Islamic,A,369
2016,Islamic,Islamic,H_A,238
2016,Islamic,Islamic,P_A,1290
2016,Islamic,Japanese,A,2
2016,Islamic,Japanese,H_A,3
2016,Islamic,Japanese,P_A,9
2016,Islamic,Other Civilizations,A,10
2016,Islamic,Other Civilizations,H_A,9
2016,Islamic,Other Civilizations,P_A,14
2016,Islamic,Other Western,P_A,2
2016,Islamic,Sinic,A,14
2016,Islamic,Sinic,H_A,14
2016,Islamic,Sinic,P_A,66
2016,Islamic,United States,A,37
2016,Islamic,United States,H_A,68
2016,Islamic,United States,P_A,141
2016,Islamic,Unknown,A,280
2016,Islamic,Unknown,H_A,233
2016,Islamic,Unknown,P_A,605
2016,Japanese,Anglosphere ex-US,A,4
2016,Japanese,Anglosphere ex-US,H_A,13
2016,Japanese,Anglosphere ex-US,P_A,49
2016,Japanese,Continental Europe,A,10
2016,Japanese,Continental Europe,H_A,14
2016,Japanese,Continental Europe,P_A,58
2016,Japanese,Hindu,A,4
2016,Japanese,Hindu,H_A,3
2016,Japanese,Hindu,P_A,15
2016,Japanese,Islamic,A,21
2016,Japanese,Islamic,H_A,11
2016,Japanese,Islamic,P_A,80
2016,Japanese,Japanese,A,104
2016,Japanese,Japanese,H_A,98
2016,Japanese,Japanese,P_A,779
2016,Japanese,Other Civilizations,A,9
2016,Japanese,Other Civilizations,H_A,6
2016,Japanese,Other Civilizations,P_A,23
2016,Japanese,Other Western,P_A,1
2016,Japanese,Sinic,A,49
2016,Japanese,Sinic,H_A,36
2016,Japanese,Sinic,P_A,258
2016,Japanese,United States,A,15
2016,Japanese,United States,H_A,24
2016,Japanese,United States,P_A,91
2016,Japanese,Unknown,A,107
2016,Japanese,Unknown,H_A,77
2016,Japanese,Unknown,P_A,473
2016,Other Civilizations,Anglosphere ex-US,A,25
2016,Other Civilizations,Anglosphere ex-US,H_A,27
2016,Other Civilizations,Anglosphere ex-US,P_A,130
2016,Other Civilizations,Continental Europe,A,103
2016,Other Civilizations,Continental Europe,H_A,83
2016,Other Civilizations,Continental Europe,P_A,328
2016,Other Civilizations,Hindu,A,7
2016,Other Civilizations,Hindu,H_A,5
2016,Other Civilizations,Hindu,P_A,20
2016,Other Civilizations,Islamic,A,24
2016,Other Civilizations,Islamic,H_A,9
2016,Other Civilizations,Islamic,P_A,45
2016,Other Civilizations,Japanese,A,7
2016,Other Civilizations,Japanese,H_A,3
2016,Other Civilizations,Japanese,P_A,20
2016,Other Civilizations,Other Civilizations,A,361
2016,Other Civilizations,Other Civilizations,H_A,248
2016,Other Civilizations,Other Civilizations,P_A,1582
2016,Other Civilizations,Other Western,A,1
2016,Other Civilizations,Other Western,H_A,3
2016,Other Civilizations,Other Western,P_A,1
2016,Other Civilizations,Sinic,A,28
2016,Other Civilizations,Sinic,H_A,12
2016,Other Civilizations,Sinic,P_A,99
2016,Other Civilizations,United States,A,35
2016,Other Civilizations,United States,H_A,51
2016,Other Civilizations,United States,P_A,148
2016,Other Civilizations,Unknown,A,410
2016,Other Civilizations,Unknown,H_A,225
2016,Other Civilizations,Unknown,P_A,894
2016,Other Western,Anglosphere ex-US,A,4
2016,Other Western,Anglosphere ex-US,H_A,3
2016,Other Western,Anglosphere ex-US,P_A,23
2016,Other Western,Continental Europe,A,7
2016,Other Western,Continental Europe,H_A,6
2016,Other Western,Continental Europe,P_A,25
2016,Other Western,Hindu,H_A,1
2016,Other Western,Hindu,P_A,1
2016,Other Western,Islamic,H_A,1
2016,Other Western,Japanese,A,1
2016,Other Western,Other Civilizations,H_A,1
2016,Other Western,Other Civilizations,P_A,9
2016,Other Western,Other Western,A,15
2016,Other Western,Other Western,H_A,71
2016,Other Western,Other Western,P_A,329
2016,Other Western,Sinic,A,1
2016,Other Western,Sinic,H_A,3
2016,Other Western,Sinic,P_A,8
2016,Other Western,United States,A,8
2016,Other Western,United States,H_A,17
2016,Other Western,United States,P_A,86
2016,Other Western,Unknown,A,21
2016,Other Western,Unknown,H_A,38
2016,Other Western,Unknown,P_A,116
2016,Sinic,Anglosphere ex-US,A,52
2016,Sinic,Anglosphere ex-US,H_A,85
2016,Sinic,Anglosphere ex-US,P_A,363
2016,Sinic,Continental Europe,A,43
2016,Sinic,Continental Europe,H_A,40
2016,Sinic,Continental Europe,P_A,172
2016,Sinic,Hindu,A,13
2016,Sinic,Hindu,H_A,9
2016,Sinic,Hindu,P_A,30
2016,Sinic,Islamic,A,35
2016,Sinic,Islamic,H_A,29
2016,Sinic,Islamic,P_A,77
2016,Sinic,Japanese,A,20
2016,Sinic,Japanese,H_A,6
2016,Sinic,Japanese,P_A,47
2016,Sinic,Other Civilizations,A,17
2016,Sinic,Other Civilizations,H_A,19
2016,Sinic,Other Civilizations,P_A,44
2016,Sinic,Other Western,A,2
2016,Sinic,Other Western,H_A,4
2016,Sinic,Other Western,P_A,4
2016,Sinic,Sinic,A,983
2016,Sinic,Sinic,H_A,1145
2016,Sinic,Sinic,P_A,7184
2016,Sinic,United States,A,117
2016,Sinic,United States,H_A,259
2016,Sinic,United States,P_A,757
2016,Sinic,Unknown,A,514
2016,Sinic,Unknown,H_A,430
2016,Sinic,Unknown,P_A,1763
2016,United States,Anglosphere ex-US,A,75
2016,United States,Anglosphere ex-US,H_A,146
2016,United States,Anglosphere ex-US,P_A,813
2016,United States,Continental Europe,A,153
2016,United States,Continental Europe,H_A,195
2016,United States,Continental Europe,P_A,941
2016,United States,Hindu,A,72
2016,United States,Hindu,H_A,62
2016,United States,Hindu,P_A,279
2016,United States,Islamic,A,96
2016,United States,Islamic,H_A,53
2016,United States,Islamic,P_A,299
2016,United States,Japanese,A,41
2016,United States,Japanese,H_A,27
2016,United States,Japanese,P_A,134
2016,United States,Other Civilizations,A,24
2016,United States,Other Civilizations,H_A,31
2016,United States,Other Civilizations,P_A,196
2016,United States,Other Western,A,6
2016,United States,Other Western,H_A,28
2016,United States,Other Western,P_A,103
2016,United States,Sinic,A,259
2016,United States,Sinic,H_A,371
2016,United States,Sinic,P_A,2559
2016,United States,United States,A,304
2016,United States,United States,H_A,605
2016,United States,United States,P_A,3385
2016,United States,Unknown,A,524
2016,United States,Unknown,H_A,707
2016,United States,Unknown,P_A,2748
2017,Anglosphere ex-US,Anglosphere ex-US,A,110
2017,Anglosphere ex-US,Anglosphere ex-US,H_A,355
2017,Anglosphere ex-US,Anglosphere ex-US,P_A,2382
2017,Anglosphere ex-US,Continental Europe,A,39
2017,Anglosphere ex-US,Continental Europe,H_A,160
2017,Anglosphere ex-US,Continental Europe,P_A,741
2017,Anglosphere ex-US,Hindu,A,14
2017,Anglosphere ex-US,Hindu,H_A,18
2017,Anglosphere ex-US,Hindu,P_A,98
2017,Anglosphere ex-US,Islamic,A,69
2017,Anglosphere ex-US,Islamic,H_A,91
2017,Anglosphere ex-US,Islamic,P_A,424
2017,Anglosphere ex-US,Japanese,A,9
2017,Anglosphere ex-US,Japanese,H_A,9
2017,Anglosphere ex-US,Japanese,P_A,57
2017,Anglosphere ex-US,Other Civilizations,A,20
2017,Anglosphere ex-US,Other Civilizations,H_A,27
2017,Anglosphere ex-US,Other Civilizations,P_A,162
2017,Anglosphere ex-US,Other Western,A,1
2017,Anglosphere ex-US,Other Western,H_A,7
2017,Anglosphere ex-US,Other Western,P_A,22
2017,Anglosphere ex-US,Sinic,A,94
2017,Anglosphere ex-US,Sinic,H_A,155
2017,Anglosphere ex-US,Sinic,P_A,1020
2017,Anglosphere ex-US,United States,A,48
2017,Anglosphere ex-US,United States,H_A,171
2017,Anglosphere ex-US,United States,P_A,706
2017,Anglosphere ex-US,Unknown,A,189
2017,Anglosphere ex-US,Unknown,H_A,344
2017,Anglosphere ex-US,Unknown,P_A,1389
2017,Continental Europe,Anglosphere ex-US,A,78
2017,Continental Europe,Anglosphere ex-US,H_A,200
2017,Continental Europe,Anglosphere ex-US,P_A,899
2017,Continental Europe,Continental Europe,A,398
2017,Continental Europe,Continental Europe,H_A,915
2017,Continental Europe,Continental Europe,P_A,5599
2017,Continental Europe,Hindu,A,25
2017,Continental Europe,Hindu,H_A,21
2017,Continental Europe,Hindu,P_A,69
2017,Continental Europe,Islamic,A,67
2017,Continental Europe,Islamic,H_A,72
2017,Continental Europe,Islamic,P_A,372
2017,Continental Europe,Japanese,A,12
2017,Continental Europe,Japanese,H_A,21
2017,Continental Europe,Japanese,P_A,73
2017,Continental Europe,Other Civilizations,A,65
2017,Continental Europe,Other Civilizations,H_A,68
2017,Continental Europe,Other Civilizations,P_A,392
2017,Continental Europe,Other Western,H_A,15
2017,Continental Europe,Other Western,P_A,36
2017,Continental Europe,Sinic,A,78
2017,Continental Europe,Sinic,H_A,114
2017,Continental Europe,Sinic,P_A,510
2017,Continental Europe,United States,A,80
2017,Continental Europe,United States,H_A,204
2017,Continental Europe,United States,P_A,740
2017,Continental Europe,Unknown,A,363
2017,Continental Europe,Unknown,H_A,608
2017,Continental Europe,Unknown,P_A,2342
2017,Hindu,Anglosphere ex-US,A,16
2017,Hindu,Anglosphere ex-US,H_A,24
2017,Hindu,Anglosphere ex-US,P_A,58
2017,Hindu,Continental Europe,A,13
2017,Hindu,Continental Europe,H_A,25
2017,Hindu,Continental Europe,P_A,56
2017,Hindu,Hindu,A,115
2017,Hindu,Hindu,H_A,132
2017,Hindu,Hindu,P_A,772
2017,Hindu,Islamic,A,9
2017,Hindu,Islamic,H_A,7
2017,Hindu,Islamic,P_A,45
2017,Hindu,Japanese,A,3
2017,Hindu,Japanese,H_A,3
2017,Hindu,Japanese,P_A,6
2017,Hindu,Other Civilizations,A,2
2017,Hindu,Other Civilizations,H_A,3
2017,Hindu,Other Civilizations,P_A,15
2017,Hindu,Other Western,H_A,1
2017,Hindu,Other Western,P_A,3
2017,Hindu,Sinic,A,9
2017,Hindu,Sinic,H_A,9
2017,Hindu,Sinic,P_A,47
2017,Hindu,United States,A,40
2017,Hindu,United States,H_A,87
2017,Hindu,United States,P_A,145
2017,Hindu,Unknown,A,89
2017,Hindu,Unknown,H_A,80
2017,Hindu,Unknown,P_A,296
2017,Islamic,Anglosphere ex-US,A,38
2017,Islamic,Anglosphere ex-US,H_A,84
2017,Islamic,Anglosphere ex-US,P_A,191
2017,Islamic,Continental Europe,A,59
2017,Islamic,Continental Europe,H_A,83
2017,Islamic,Continental Europe,P_A,165
2017,Islamic,Hindu,A,14
2017,Islamic,Hindu,H_A,3
2017,Islamic,Hindu,P_A,46
2017,Islamic,Islamic,A,365
2017,Islamic,Islamic,H_A,243
2017,Islamic,Islamic,P_A,1466
2017,Islamic,Japanese,A,3
2017,Islamic,Japanese,H_A,3
2017,Islamic,Japanese,P_A,10
2017,Islamic,Other Civilizations,A,11
2017,Islamic,Other Civilizations,H_A,9
2017,Islamic,Other Civilizations,P_A,20
2017,Islamic,Other Western,P_A,2
2017,Islamic,Sinic,A,20
2017,Islamic,Sinic,H_A,15
2017,Islamic,Sinic,P_A,75
2017,Islamic,United States,A,36
2017,Islamic,United States,H_A,79
2017,Islamic,United States,P_A,163
2017,Islamic,Unknown,A,244
2017,Islamic,Unknown,H_A,203
2017,Islamic,Unknown,P_A,570
2017,Japanese,Anglosphere ex-US,A,4
2017,Japanese,Anglosphere ex-US,H_A,12
2017,Japanese,Anglosphere ex-US,P_A,52
2017,Japanese,Continental Europe,A,10
2017,Japanese,Continental Europe,H_A,14
2017,Japanese,Continental Europe,P_A,65
2017,Japanese,Hindu,A,4
2017,Japanese,Hindu,H_A,4
2017,Japanese,Hindu,P_A,16
2017,Japanese,Islamic,A,18
2017,Japanese,Islamic,H_A,15
2017,Japanese,Islamic,P_A,88
2017,Japanese,Japanese,A,109
2017,Japanese,Japanese,H_A,102
2017,Japanese,Japanese,P_A,811
2017,Japanese,Other Civilizations,A,9
2017,Japanese,Other Civilizations,H_A,6
2017,Japanese,Other Civilizations,P_A,27
2017,Japanese,Other Western,P_A,1
2017,Japanese,Sinic,A,52
2017,Japanese,Sinic,H_A,38
2017,Japanese,Sinic,P_A,266
2017,Japanese,United States,A,17
2017,Japanese,United States,H_A,23
2017,Japanese,United States,P_A,98
2017,Japanese,Unknown,A,92
2017,Japanese,Unknown,H_A,79
2017,Japanese,Unknown,P_A,406
2017,Other Civilizations,Anglosphere ex-US,A,28
2017,Other Civilizations,Anglosphere ex-US,H_A,28
2017,Other Civilizations,Anglosphere ex-US,P_A,144
2017,Other Civilizations,Continental Europe,A,107
2017,Other Civilizations,Continental Europe,H_A,94
2017,Other Civilizations,Continental Europe,P_A,362
2017,Other Civilizations,Hindu,A,7
2017,Other Civilizations,Hindu,H_A,5
2017,Other Civilizations,Hindu,P_A,25
2017,Other Civilizations,Islamic,A,24
2017,Other Civilizations,Islamic,H_A,12
2017,Other Civilizations,Islamic,P_A,55
2017,Other Civilizations,Japanese,A,6
2017,Other Civilizations,Japanese,H_A,5
2017,Other Civilizations,Japanese,P_A,20
2017,Other Civilizations,Other Civilizations,A,372
2017,Other Civilizations,Other Civilizations,H_A,261
2017,Other Civilizations,Other Civilizations,P_A,1686
2017,Other Civilizations,Other Western,A,1
2017,Other Civilizations,Other Western,H_A,3
2017,Other Civilizations,Other Western,P_A,1
2017,Other Civilizations,Sinic,A,26
2017,Other Civilizations,Sinic,H_A,16
2017,Other Civilizations,Sinic,P_A,100
2017,Other Civilizations,United States,A,39
2017,Other Civilizations,United States,H_A,52
2017,Other Civilizations,United States,P_A,158
2017,Other Civilizations,Unknown,A,331
2017,Other Civilizations,Unknown,H_A,200
2017,Other Civilizations,Unknown,P_A,800
2017,Other Western,Anglosphere ex-US,A,4
2017,Other Western,Anglosphere ex-US,H_A,3
2017,Other Western,Anglosphere ex-US,P_A,25
2017,Other Western,Continental Europe,A,6
2017,Other Western,Continental Europe,H_A,5
2017,Other Western,Continental Europe,P_A,28
2017,Other Western,Hindu,H_A,2
2017,Other Western,Hindu,P_A,1
2017,Other Western,Islamic,H_A,1
2017,Other Western,Japanese,A,1
2017,Other Western,Japanese,P_A,1
2017,Other Western,Other Civilizations,H_A,1
2017,Other Western,Other Civilizations,P_A,9
2017,Other Western,Other Western,A,11
2017,Other Western,Other Western,H_A,67
2017,Other Western,Other Western,P_A,353
2017,Other Western,Sinic,H_A,5
2017,Other Western,Sinic,P_A,8
2017,Other Western,United States,A,8
2017,Other Western,United States,H_A,18
2017,Other Western,United States,P_A,91
2017,Other Western,Unknown,A,18
2017,Other Western,Unknown,H_A,33
2017,Other Western,Unknown,P_A,111
2017,Sinic,Anglosphere ex-US,A,51
2017,Sinic,Anglosphere ex-US,H_A,102
2017,Sinic,Anglosphere ex-US,P_A,403
2017,Sinic,Continental Europe,A,48
2017,Sinic,Continental Europe,H_A,47
2017,Sinic,Continental Europe,P_A,188
2017,Sinic,Hindu,A,13
2017,Sinic,Hindu,H_A,11
2017,Sinic,Hindu,P_A,35
2017,Sinic,Islamic,A,36
2017,Sinic,Islamic,H_A,31
2017,Sinic,Islamic,P_A,92
2017,Sinic,Japanese,A,25
2017,Sinic,Japanese,H_A,7
2017,Sinic,Japanese,P_A,50
2017,Sinic,Other Civilizations,A,18
2017,Sinic,Other Civilizations,H_A,20
2017,Sinic,Other Civilizations,P_A,51
2017,Sinic,Other Western,A,2
2017,Sinic,Other Western,H_A,7
2017,Sinic,Other Western,P_A,4
2017,Sinic,Sinic,A,963
2017,Sinic,Sinic,H_A,1248
2017,Sinic,Sinic,P_A,7602
2017,Sinic,United States,A,132
2017,Sinic,United States,H_A,300
2017,Sinic,United States,P_A,838
2017,Sinic,Unknown,A,417
2017,Sinic,Unknown,H_A,414
2017,Sinic,Unknown,P_A,1589
2017,United States,Anglosphere ex-US,A,79
2017,United States,Anglosphere ex-US,H_A,150
2017,United States,Anglosphere ex-US,P_A,859
2017,United States,Continental Europe,A,150
2017,United States,Continental Europe,H_A,206
2017,United States,Continental Europe,P_A,986
2017,United States,Hindu,A,72
2017,United States,Hindu,H_A,62
2017,United States,Hindu,P_A,305
2017,United States,Islamic,A,101
2017,United States,Islamic,H_A,59
2017,United States,Islamic,P_A,319
2017,United States,Japanese,A,44
2017,United States,Japanese,H_A,25
2017,United States,Japanese,P_A,145
2017,United States,Other Civilizations,A,23
2017,United States,Other Civilizations,H_A,36
2017,United States,Other Civilizations,P_A,207
2017,United States,Other Western,A,7
2017,United States,Other Western,H_A,31
2017,United States,Other Western,P_A,110
2017,United States,Sinic,A,254
2017,United States,Sinic,H_A,398
2017,United States,Sinic,P_A,2701
2017,United States,United States,A,285
2017,United States,United States,H_A,662
2017,United States,United States,P_A,3564
2017,United States,Unknown,A,419
2017,United States,Unknown,H_A,638
2017,United States,Unknown,P_A,2412
2018,Anglosphere ex-US,Anglosphere ex-US,A,90
2018,Anglosphere ex-US,Anglosphere ex-US,H_A,363
2018,Anglosphere ex-US,Anglosphere ex-US,P_A,2515
2018,Anglosphere ex-US,Continental Europe,A,40
2018,Anglosphere ex-US,Continental Europe,H_A,165
2018,Anglosphere ex-US,Continental Europe,P_A,792
2018,Anglosphere ex-US,Hindu,A,13
2018,Anglosphere ex-US,Hindu,H_A,19
2018,Anglosphere ex-US,Hindu,P_A,107
2018,Anglosphere ex-US,Islamic,A,64
2018,Anglosphere ex-US,Islamic,H_A,99
2018,Anglosphere ex-US,Islamic,P_A,469
2018,Anglosphere ex-US,Japanese,A,8
2018,Anglosphere ex-US,Japanese,H_A,8
2018,Anglosphere ex-US,Japanese,P_A,59
2018,Anglosphere ex-US,Other Civilizations,A,22
2018,Anglosphere ex-US,Other Civilizations,H_A,30
2018,Anglosphere ex-US,Other Civilizations,P_A,172
2018,Anglosphere ex-US,Other Western,A,1
2018,Anglosphere ex-US,Other Western,H_A,8
2018,Anglosphere ex-US,Other Western,P_A,23
2018,Anglosphere ex-US,Sinic,A,107
2018,Anglosphere ex-US,Sinic,H_A,169
2018,Anglosphere ex-US,Sinic,P_A,1068
2018,Anglosphere ex-US,United States,A,48
2018,Anglosphere ex-US,United States,H_A,198
2018,Anglosphere ex-US,United States,P_A,753
2018,Anglosphere ex-US,Unknown,A,141
2018,Anglosphere ex-US,Unknown,H_A,279
2018,Anglosphere ex-US,Unknown,P_A,1104
2018,Continental Europe,Anglosphere ex-US,A,78
2018,Continental Europe,Anglosphere ex-US,H_A,226
2018,Continental Europe,Anglosphere ex-US,P_A,987
2018,Continental Europe,Continental Europe,A,384
2018,Continental Europe,Continental Europe,H_A,942
2018,Continental Europe,Continental Europe,P_A,5907
2018,Continental Europe,Hindu,A,25
2018,Continental Europe,Hindu,H_A,23
2018,Continental Europe,Hindu,P_A,77
2018,Continental Europe,Islamic,A,63
2018,Continental Europe,Islamic,H_A,72
2018,Continental Europe,Islamic,P_A,403
2018,Continental Europe,Japanese,A,10
2018,Continental Europe,Japanese,H_A,20
2018,Continental Europe,Japanese,P_A,83
2018,Continental Europe,Other Civilizations,A,65
2018,Continental Europe,Other Civilizations,H_A,76
2018,Continental Europe,Other Civilizations,P_A,422
2018,Continental Europe,Other Western,H_A,14
2018,Continental Europe,Other Western,P_A,39
2018,Continental Europe,Sinic,A,82
2018,Continental Europe,Sinic,H_A,130
2018,Continental Europe,Sinic,P_A,546
2018,Continental Europe,United States,A,79
2018,Continental Europe,United States,H_A,209
2018,Continental Europe,United States,P_A,829
2018,Continental Europe,Unknown,A,250
2018,Continental Europe,Unknown,H_A,475
2018,Continental Europe,Unknown,P_A,1799
2018,Hindu,Anglosphere ex-US,A,21
2018,Hindu,Anglosphere ex-US,H_A,35
2018,Hindu,Anglosphere ex-US,P_A,68
2018,Hindu,Continental Europe,A,15
2018,Hindu,Continental Europe,H_A,35
2018,Hindu,Continental Europe,P_A,66
2018,Hindu,Hindu,A,113
2018,Hindu,Hindu,H_A,147
2018,Hindu,Hindu,P_A,855
2018,Hindu,Islamic,A,9
2018,Hindu,Islamic,H_A,9
2018,Hindu,Islamic,P_A,58
2018,Hindu,Japanese,A,3
2018,Hindu,Japanese,H_A,3
2018,Hindu,Japanese,P_A,6
2018,Hindu,Other Civilizations,A,2
2018,Hindu,Other Civilizations,H_A,4
2018,Hindu,Other Civilizations,P_A,20
2018,Hindu,Other Western,H_A,1
2018,Hindu,Other Western,P_A,3
2018,Hindu,Sinic,A,7
2018,Hindu,Sinic,H_A,13
2018,Hindu,Sinic,P_A,58
2018,Hindu,United States,A,51
2018,Hindu,United States,H_A,112
2018,Hindu,United States,P_A,176
2018,Hindu,Unknown,A,66
2018,Hindu,Unknown,H_A,67
2018,Hindu,Unknown,P_A,269
2018,Islamic,Anglosphere ex-US,A,51
2018,Islamic,Anglosphere ex-US,H_A,91
2018,Islamic,Anglosphere ex-US,P_A,227
2018,Islamic,Continental Europe,A,73
2018,Islamic,Continental Europe,H_A,92
2018,Islamic,Continental Europe,P_A,200
2018,Islamic,Hindu,A,13
2018,Islamic,Hindu,H_A,4
2018,Islamic,Hindu,P_A,51
2018,Islamic,Islamic,A,343
2018,Islamic,Islamic,H_A,252
2018,Islamic,Islamic,P_A,1676
2018,Islamic,Japanese,A,4
2018,Islamic,Japanese,H_A,5
2018,Islamic,Japanese,P_A,12
2018,Islamic,Other Civilizations,A,13
2018,Islamic,Other Civilizations,H_A,9
2018,Islamic,Other Civilizations,P_A,29
2018,Islamic,Other Western,P_A,2
2018,Islamic,Sinic,A,20
2018,Islamic,Sinic,H_A,22
2018,Islamic,Sinic,P_A,84
2018,Islamic,United States,A,46
2018,Islamic,United States,H_A,95
2018,Islamic,United States,P_A,181
2018,Islamic,Unknown,A,188
2018,Islamic,Unknown,H_A,162
2018,Islamic,Unknown,P_A,492
2018,Japanese,Anglosphere ex-US,A,3
2018,Japanese,Anglosphere ex-US,H_A,12
2018,Japanese,Anglosphere ex-US,P_A,55
2018,Japanese,Continental Europe,A,12
2018,Japanese,Continental Europe,H_A,16
2018,Japanese,Continental Europe,P_A,69
2018,Japanese,Hindu,A,3
2018,Japanese,Hindu,H_A,4
2018,Japanese,Hindu,P_A,17
2018,Japanese,Islamic,A,16
2018,Japanese,Islamic,H_A,15
2018,Japanese,Islamic,P_A,92
2018,Japanese,Japanese,A,106
2018,Japanese,Japanese,H_A,104
2018,Japanese,Japanese,P_A,845
2018,Japanese,Other Civilizations,A,10
2018,Japanese,Other Civilizations,H_A,4
2018,Japanese,Other Civilizations,P_A,30
2018,Japanese,Other Western,P_A,1
2018,Japanese,Sinic,A,50
2018,Japanese,Sinic,H_A,42
2018,Japanese,Sinic,P_A,283
2018,Japanese,United States,A,15
2018,Japanese,United States,H_A,25
2018,Japanese,United States,P_A,107
2018,Japanese,Unknown,A,71
2018,Japanese,Unknown,H_A,57
2018,Japanese,Unknown,P_A,310
2018,Other Civilizations,Anglosphere ex-US,A,31
2018,Other Civilizations,Anglosphere ex-US,H_A,34
2018,Other Civilizations,Anglosphere ex-US,P_A,157
2018,Other Civilizations,Continental Europe,A,116
2018,Other Civilizations,Continental Europe,H_A,111
2018,Other Civilizations,Continental Europe,P_A,386
2018,Other Civilizations,Hindu,A,7
2018,Other Civilizations,Hindu,H_A,5
2018,Other Civilizations,Hindu,P_A,27
2018,Other Civilizations,Islamic,A,21
2018,Other Civilizations,Islamic,H_A,11
2018,Other Civilizations,Islamic,P_A,66
2018,Other Civilizations,Japanese,A,6
2018,Other Civilizations,Japanese,H_A,6
2018,Other Civilizations,Japanese,P_A,22
2018,Other Civilizations,Other Civilizations,A,356
2018,Other Civilizations,Other Civilizations,H_A,265
2018,Other Civilizations,Other Civilizations,P_A,1836
2018,Other Civilizations,Other Western,A,1
2018,Other Civilizations,Other Western,H_A,3
2018,Other Civilizations,Other Western,P_A,1
2018,Other Civilizations,Sinic,A,24
2018,Other Civilizations,Sinic,H_A,16
2018,Other Civilizations,Sinic,P_A,112
2018,Other Civilizations,United States,A,36
2018,Other Civilizations,United States,H_A,53
2018,Other Civilizations,United States,P_A,173
2018,Other Civilizations,Unknown,A,252
2018,Other Civilizations,Unknown,H_A,156
2018,Other Civilizations,Unknown,P_A,634
2018,Other Western,Anglosphere ex-US,A,3
2018,Other Western,Anglosphere ex-US,H_A,5
2018,Other Western,Anglosphere ex-US,P_A,28
2018,Other Western,Continental Europe,A,6
2018,Other Western,Continental Europe,H_A,5
2018,Other Western,Continental Europe,P_A,28
2018,Other Western,Hindu,H_A,3
2018,Other Western,Hindu,P_A,2
2018,Other Western,Islamic,H_A,1
2018,Other Western,Japanese,H_A,1
2018,Other Western,Japanese,P_A,1
2018,Other Western,Other Civilizations,H_A,1
2018,Other Western,Other Civilizations,P_A,10
2018,Other Western,Other Western,A,12
2018,Other Western,Other Western,H_A,58
2018,Other Western,Other Western,P_A,383
2018,Other Western,Sinic,H_A,5
2018,Other Western,Sinic,P_A,8
2018,Other Western,United States,A,8
2018,Other Western,United States,H_A,20
2018,Other Western,United States,P_A,96
2018,Other Western,Unknown,A,14
2018,Other Western,Unknown,H_A,25
2018,Other Western,Unknown,P_A,78
2018,Sinic,Anglosphere ex-US,A,53
2018,Sinic,Anglosphere ex-US,H_A,127
2018,Sinic,Anglosphere ex-US,P_A,436
2018,Sinic,Continental Europe,A,43
2018,Sinic,Continental Europe,H_A,59
2018,Sinic,Continental Europe,P_A,213
2018,Sinic,Hindu,A,14
2018,Sinic,Hindu,H_A,10
2018,Sinic,Hindu,P_A,38
2018,Sinic,Islamic,A,34
2018,Sinic,Islamic,H_A,33
2018,Sinic,Islamic,P_A,114
2018,Sinic,Japanese,A,24
2018,Sinic,Japanese,H_A,11
2018,Sinic,Japanese,P_A,54
2018,Sinic,Other Civilizations,A,17
2018,Sinic,Other Civilizations,H_A,21
2018,Sinic,Other Civilizations,P_A,52
2018,Sinic,Other Western,A,1
2018,Sinic,Other Western,H_A,8
2018,Sinic,Other Western,P_A,5
2018,Sinic,Sinic,A,931
2018,Sinic,Sinic,H_A,1316
2018,Sinic,Sinic,P_A,8019
2018,Sinic,United States,A,148
2018,Sinic,United States,H_A,358
2018,Sinic,United States,P_A,941
2018,Sinic,Unknown,A,332
2018,Sinic,Unknown,H_A,342
2018,Sinic,Unknown,P_A,1301
2018,United States,Anglosphere ex-US,A,78
2018,United States,Anglosphere ex-US,H_A,154
2018,United States,Anglosphere ex-US,P_A,913
2018,United States,Continental Europe,A,149
2018,United States,Continental Europe,H_A,207
2018,United States,Continental Europe,P_A,1040
2018,United States,Hindu,A,72
2018,United States,Hindu,H_A,62
2018,United States,Hindu,P_A,324
2018,United States,Islamic,A,95
2018,United States,Islamic,H_A,58
2018,United States,Islamic,P_A,353
2018,United States,Japanese,A,45
2018,United States,Japanese,H_A,24
2018,United States,Japanese,P_A,156
2018,United States,Other Civilizations,A,20
2018,United States,Other Civilizations,H_A,37
2018,United States,Other Civilizations,P_A,223
2018,United States,Other Western,A,7
2018,United States,Other Western,H_A,30
2018,United States,Other Western,P_A,117
2018,United States,Sinic,A,261
2018,United States,Sinic,H_A,420
2018,United States,Sinic,P_A,2818
2018,United States,United States,A,266
2018,United States,United States,H_A,714
2018,United States,United States,P_A,3771
2018,United States,Unknown,A,305
2018,United States,Unknown,H_A,479
2018,United States,Unknown,P_A,1930
2019,Anglosphere ex-US,Anglosphere ex-US,A,86
2019,Anglosphere ex-US,Anglosphere ex-US,H_A,372
2019,Anglosphere ex-US,Anglosphere ex-US,P_A,2634
2019,Anglosphere ex-US,Continental Europe,A,46
2019,Anglosphere ex-US,Continental Europe,H_A,171
2019,Anglosphere ex-US,Continental Europe,P_A,837
2019,Anglosphere ex-US,Hindu,A,14
2019,Anglosphere ex-US,Hindu,H_A,18
2019,Anglosphere ex-US,Hindu,P_A,112
2019,Anglosphere ex-US,Islamic,A,63
2019,Anglosphere ex-US,Islamic,H_A,91
2019,Anglosphere ex-US,Islamic,P_A,515
2019,Anglosphere ex-US,Japanese,A,8
2019,Anglosphere ex-US,Japanese,H_A,9
2019,Anglosphere ex-US,Japanese,P_A,63
2019,Anglosphere ex-US,Other Civilizations,A,24
2019,Anglosphere ex-US,Other Civilizations,H_A,27
2019,Anglosphere ex-US,Other Civilizations,P_A,183
2019,Anglosphere ex-US,Other Western,A,2
2019,Anglosphere ex-US,Other Western,H_A,7
2019,Anglosphere ex-US,Other Western,P_A,28
2019,Anglosphere ex-US,Sinic,A,107
2019,Anglosphere ex-US,Sinic,H_A,171
2019,Anglosphere ex-US,Sinic,P_A,1129
2019,Anglosphere ex-US,United States,A,57
2019,Anglosphere ex-US,United States,H_A,205
2019,Anglosphere ex-US,United States,P_A,802
2019,Anglosphere ex-US,Unknown,A,85
2019,Anglosphere ex-US,Unknown,H_A,143
2019,Anglosphere ex-US,Unknown,P_A,731
2019,Continental Europe,Anglosphere ex-US,A,80
2019,Continental Europe,Anglosphere ex-US,H_A,239
2019,Continental Europe,Anglosphere ex-US,P_A,1061
2019,Continental Europe,Continental Europe,A,375
2019,Continental Europe,Continental Europe,H_A,915
2019,Continental Europe,Continental Europe,P_A,6199
2019,Continental Europe,Hindu,A,25
2019,Continental Europe,Hindu,H_A,24
2019,Continental Europe,Hindu,P_A,83
2019,Continental Europe,Islamic,A,66
2019,Continental Europe,Islamic,H_A,66
2019,Continental Europe,Islamic,P_A,446
2019,Continental Europe,Japanese,A,9
2019,Continental Europe,Japanese,H_A,20
2019,Continental Europe,Japanese,P_A,90
2019,Continental Europe,Other Civilizations,A,61
2019,Continental Europe,Other Civilizations,H_A,68
2019,Continental Europe,Other Civilizations,P_A,463
2019,Continental Europe,Other Western,A,1
2019,Continental Europe,Other Western,H_A,12
2019,Continental Europe,Other Western,P_A,42
2019,Continental Europe,Sinic,A,87
2019,Continental Europe,Sinic,H_A,132
2019,Continental Europe,Sinic,P_A,588
2019,Continental Europe,United States,A,87
2019,Continental Europe,United States,H_A,214
2019,Continental Europe,United States,P_A,891
2019,Continental Europe,Unknown,A,156
2019,Continental Europe,Unknown,H_A,303
2019,Continental Europe,Unknown,P_A,1153
2019,Hindu,Anglosphere ex-US,A,22
2019,Hindu,Anglosphere ex-US,H_A,41
2019,Hindu,Anglosphere ex-US,P_A,83
2019,Hindu,Continental Europe,A,15
2019,Hindu,Continental Europe,H_A,44
2019,Hindu,Continental Europe,P_A,78
2019,Hindu,Hindu,A,122
2019,Hindu,Hindu,H_A,144
2019,Hindu,Hindu,P_A,950
2019,Hindu,Islamic,A,7
2019,Hindu,Islamic,H_A,14
2019,Hindu,Islamic,P_A,72
2019,Hindu,Japanese,A,2
2019,Hindu,Japanese,H_A,4
2019,Hindu,Japanese,P_A,7
2019,Hindu,Other Civilizations,A,3
2019,Hindu,Other Civilizations,H_A,5
2019,Hindu,Other Civilizations,P_A,23
2019,Hindu,Other Western,H_A,2
2019,Hindu,Other Western,P_A,4
2019,Hindu,Sinic,A,6
2019,Hindu,Sinic,H_A,20
2019,Hindu,Sinic,P_A,61
2019,Hindu,United States,A,54
2019,Hindu,United States,H_A,123
2019,Hindu,United States,P_A,217
2019,Hindu,Unknown,A,56
2019,Hindu,Unknown,H_A,54
2019,Hindu,Unknown,P_A,197
2019,Islamic,Anglosphere ex-US,A,53
2019,Islamic,Anglosphere ex-US,H_A,111
2019,Islamic,Anglosphere ex-US,P_A,251
2019,Islamic,Continental Europe,A,74
2019,Islamic,Continental Europe,H_A,103
2019,Islamic,Continental Europe,P_A,242
2019,Islamic,Hindu,A,16
2019,Islamic,Hindu,H_A,5
2019,Islamic,Hindu,P_A,52
2019,Islamic,Islamic,A,308
2019,Islamic,Islamic,H_A,249
2019,Islamic,Islamic,P_A,1845
2019,Islamic,Japanese,A,5
2019,Islamic,Japanese,H_A,5
2019,Islamic,Japanese,P_A,14
2019,Islamic,Other Civilizations,A,15
2019,Islamic,Other Civilizations,H_A,11
2019,Islamic,Other Civilizations,P_A,35
2019,Islamic,Other Western,P_A,3
2019,Islamic,Sinic,A,18
2019,Islamic,Sinic,H_A,24
2019,Islamic,Sinic,P_A,98
2019,Islamic,United States,A,46
2019,Islamic,United States,H_A,116
2019,Islamic,United States,P_A,219
2019,Islamic,Unknown,A,114
2019,Islamic,Unknown,H_A,112
2019,Islamic,Unknown,P_A,321
2019,Japanese,Anglosphere ex-US,A,2
2019,Japanese,Anglosphere ex-US,H_A,14
2019,Japanese,Anglosphere ex-US,P_A,58
2019,Japanese,Continental Europe,A,15
2019,Japanese,Continental Europe,H_A,19
2019,Japanese,Continental Europe,P_A,73
2019,Japanese,Hindu,A,4
2019,Japanese,Hindu,H_A,5
2019,Japanese,Hindu,P_A,17
2019,Japanese,Islamic,A,15
2019,Japanese,Islamic,H_A,15
2019,Japanese,Islamic,P_A,97
2019,Japanese,Japanese,A,99
2019,Japanese,Japanese,H_A,104
2019,Japanese,Japanese,P_A,875
2019,Japanese,Other Civilizations,A,12
2019,Japanese,Other Civilizations,H_A,7
2019,Japanese,Other Civilizations,P_A,30
2019,Japanese,Other Western,P_A,1
2019,Japanese,Sinic,A,51
2019,Japanese,Sinic,H_A,38
2019,Japanese,Sinic,P_A,300
2019,Japanese,United States,A,17
2019,Japanese,United States,H_A,27
2019,Japanese,United States,P_A,111
2019,Japanese,Unknown,A,37
2019,Japanese,Unknown,H_A,38
2019,Japanese,Unknown,P_A,175
2019,Other Civilizations,Anglosphere ex-US,A,25
2019,Other Civilizations,Anglosphere ex-US,H_A,37
2019,Other Civilizations,Anglosphere ex-US,P_A,172
2019,Other Civilizations,Continental Europe,A,118
2019,Other Civilizations,Continental Europe,H_A,116
2019,Other Civilizations,Continental Europe,P_A,425
2019,Other Civilizations,Hindu,A,7
2019,Other Civilizations,Hindu,H_A,5
2019,Other Civilizations,Hindu,P_A,28
2019,Other Civilizations,Islamic,A,17
2019,Other Civilizations,Islamic,H_A,14
2019,Other Civilizations,Islamic,P_A,76
2019,Other Civilizations,Japanese,A,7
2019,Other Civilizations,Japanese,H_A,6
2019,Other Civilizations,Japanese,P_A,25
2019,Other Civilizations,Other Civilizations,A,349
2019,Other Civilizations,Other Civilizations,H_A,243
2019,Other Civilizations,Other Civilizations,P_A,1968
2019,Other Civilizations,Other Western,A,1
2019,Other Civilizations,Other Western,H_A,4
2019,Other Civilizations,Other Western,P_A,2
2019,Other Civilizations,Sinic,A,23
2019,Other Civilizations,Sinic,H_A,18
2019,Other Civilizations,Sinic,P_A,120
2019,Other Civilizations,United States,A,33
2019,Other Civilizations,United States,H_A,51
2019,Other Civilizations,United States,P_A,187
2019,Other Civilizations,Unknown,A,144
2019,Other Civilizations,Unknown,H_A,95
2019,Other Civilizations,Unknown,P_A,414
2019,Other Western,Anglosphere ex-US,A,2
2019,Other Western,Anglosphere ex-US,H_A,9
2019,Other Western,Anglosphere ex-US,P_A,33
2019,Other Western,Continental Europe,A,6
2019,Other Western,Continental Europe,H_A,5
2019,Other Western,Continental Europe,P_A,31
2019,Other Western,Hindu,H_A,3
2019,Other Western,Hindu,P_A,2
2019,Other Western,Islamic,H_A,1
2019,Other Western,Japanese,H_A,1
2019,Other Western,Japanese,P_A,2
2019,Other Western,Other Civilizations,H_A,1
2019,Other Western,Other Civilizations,P_A,10
2019,Other Western,Other Western,A,11
2019,Other Western,Other Western,H_A,53
2019,Other Western,Other Western,P_A,396
2019,Other Western,Sinic,H_A,4
2019,Other Western,Sinic,P_A,10
2019,Other Western,United States,A,8
2019,Other Western,United States,H_A,30
2019,Other Western,United States,P_A,100
2019,Other Western,Unknown,A,7
2019,Other Western,Unknown,H_A,17
2019,Other Western,Unknown,P_A,50
2019,Sinic,Anglosphere ex-US,A,57
2019,Sinic,Anglosphere ex-US,H_A,131
2019,Sinic,Anglosphere ex-US,P_A,483
2019,Sinic,Continental Europe,A,44
2019,Sinic,Continental Europe,H_A,73
2019,Sinic,Continental Europe,P_A,240
2019,Sinic,Hindu,A,11
2019,Sinic,Hindu,H_A,12
2019,Sinic,Hindu,P_A,43
2019,Sinic,Islamic,A,36
2019,Sinic,Islamic,H_A,36
2019,Sinic,Islamic,P_A,140
2019,Sinic,Japanese,A,27
2019,Sinic,Japanese,H_A,12
2019,Sinic,Japanese,P_A,61
2019,Sinic,Other Civilizations,A,17
2019,Sinic,Other Civilizations,H_A,21
2019,Sinic,Other Civilizations,P_A,56
2019,Sinic,Other Western,A,1
2019,Sinic,Other Western,H_A,7
2019,Sinic,Other Western,P_A,8
2019,Sinic,Sinic,A,876
2019,Sinic,Sinic,H_A,1368
2019,Sinic,Sinic,P_A,8456
2019,Sinic,United States,A,164
2019,Sinic,United States,H_A,398
2019,Sinic,United States,P_A,1047
2019,Sinic,Unknown,A,206
2019,Sinic,Unknown,H_A,220
2019,Sinic,Unknown,P_A,831
2019,United States,Anglosphere ex-US,A,87
2019,United States,Anglosphere ex-US,H_A,147
2019,United States,Anglosphere ex-US,P_A,970
2019,United States,Continental Europe,A,141
2019,United States,Continental Europe,H_A,213
2019,United States,Continental Europe,P_A,1106
2019,United States,Hindu,A,67
2019,United States,Hindu,H_A,62
2019,United States,Hindu,P_A,342
2019,United States,Islamic,A,87
2019,United States,Islamic,H_A,64
2019,United States,Islamic,P_A,385
2019,United States,Japanese,A,43
2019,United States,Japanese,H_A,27
2019,United States,Japanese,P_A,164
2019,United States,Other Civilizations,A,20
2019,United States,Other Civilizations,H_A,34
2019,United States,Other Civilizations,P_A,236
2019,United States,Other Western,A,7
2019,United States,Other Western,H_A,32
2019,United States,Other Western,P_A,131
2019,United States,Sinic,A,257
2019,United States,Sinic,H_A,414
2019,United States,Sinic,P_A,2968
2019,United States,United States,A,247
2019,United States,United States,H_A,721
2019,United States,United States,P_A,4019
2019,United States,Unknown,A,192
2019,United States,Unknown,H_A,317
2019,United States,Unknown,P_A,1247
2020,Anglosphere ex-US,Anglosphere ex-US,A,76
2020,Anglosphere ex-US,Anglosphere ex-US,H_A,350
2020,Anglosphere ex-US,Anglosphere ex-US,P_A,2736
2020,Anglosphere ex-US,Continental Europe,A,37
2020,Anglosphere ex-US,Continental Europe,H_A,168
2020,Anglosphere ex-US,Continental Europe,P_A,897
2020,Anglosphere ex-US,Hindu,A,11
2020,Anglosphere ex-US,Hindu,H_A,16
2020,Anglosphere ex-US,Hindu,P_A,124
2020,Anglosphere ex-US,Islamic,A,60
2020,Anglosphere ex-US,Islamic,H_A,84
2020,Anglosphere ex-US,Islamic,P_A,561
2020,Anglosphere ex-US,Japanese,A,10
2020,Anglosphere ex-US,Japanese,H_A,6
2020,Anglosphere ex-US,Japanese,P_A,67
2020,Anglosphere ex-US,Other Civilizations,A,25
2020,Anglosphere ex-US,Other Civilizations,H_A,26
2020,Anglosphere ex-US,Other Civilizations,P_A,195
2020,Anglosphere ex-US,Other Western,A,2
2020,Anglosphere ex-US,Other Western,H_A,6
2020,Anglosphere ex-US,Other Western,P_A,30
2020,Anglosphere ex-US,Sinic,A,107
2020,Anglosphere ex-US,Sinic,H_A,152
2020,Anglosphere ex-US,Sinic,P_A,1177
2020,Anglosphere ex-US,United States,A,56
2020,Anglosphere ex-US,United States,H_A,199
2020,Anglosphere ex-US,United States,P_A,858
2020,Anglosphere ex-US,Unknown,A,85
2020,Anglosphere ex-US,Unknown,H_A,176
2020,Anglosphere ex-US,Unknown,P_A,849
2020,Continental Europe,Anglosphere ex-US,A,83
2020,Continental Europe,Anglosphere ex-US,H_A,234
2020,Continental Europe,Anglosphere ex-US,P_A,1143
2020,Continental Europe,Continental Europe,A,349
2020,Continental Europe,Continental Europe,H_A,880
2020,Continental Europe,Continental Europe,P_A,6449
2020,Continental Europe,Hindu,A,23
2020,Continental Europe,Hindu,H_A,23
2020,Continental Europe,Hindu,P_A,92
2020,Continental Europe,Islamic,A,63
2020,Continental Europe,Islamic,H_A,65
2020,Continental Europe,Islamic,P_A,474
2020,Continental Europe,Japanese,A,9
2020,Continental Europe,Japanese,H_A,18
2020,Continental Europe,Japanese,P_A,98
2020,Continental Europe,Other Civilizations,A,56
2020,Continental Europe,Other Civilizations,H_A,66
2020,Continental Europe,Other Civilizations,P_A,489
2020,Continental Europe,Other Western,A,2
2020,Continental Europe,Other Western,H_A,13
2020,Continental Europe,Other Western,P_A,45
2020,Continental Europe,Sinic,A,88
2020,Continental Europe,Sinic,H_A,132
2020,Continental Europe,Sinic,P_A,622
2020,Continental Europe,United States,A,88
2020,Continental Europe,United States,H_A,209
2020,Continental Europe,United States,P_A,959
2020,Continental Europe,Unknown,A,177
2020,Continental Europe,Unknown,H_A,307
2020,Continental Europe,Unknown,P_A,1320
2020,Hindu,Anglosphere ex-US,A,25
2020,Hindu,Anglosphere ex-US,H_A,41
2020,Hindu,Anglosphere ex-US,P_A,92
2020,Hindu,Continental Europe,A,17
2020,Hindu,Continental Europe,H_A,52
2020,Hindu,Continental Europe,P_A,93
2020,Hindu,Hindu,A,108
2020,Hindu,Hindu,H_A,144
2020,Hindu,Hindu,P_A,1036
2020,Hindu,Islamic,A,8
2020,Hindu,Islamic,H_A,15
2020,Hindu,Islamic,P_A,87
2020,Hindu,Japanese,A,1
2020,Hindu,Japanese,H_A,3
2020,Hindu,Japanese,P_A,10
2020,Hindu,Other Civilizations,A,2
2020,Hindu,Other Civilizations,H_A,6
2020,Hindu,Other Civilizations,P_A,25
2020,Hindu,Other Western,A,2
2020,Hindu,Other Western,H_A,2
2020,Hindu,Other Western,P_A,5
2020,Hindu,Sinic,A,8
2020,Hindu,Sinic,H_A,26
2020,Hindu,Sinic,P_A,65
2020,Hindu,United States,A,62
2020,Hindu,United States,H_A,120
2020,Hindu,United States,P_A,254
2020,Hindu,Unknown,A,67
2020,Hindu,Unknown,H_A,76
2020,Hindu,Unknown,P_A,263
2020,Islamic,Anglosphere ex-US,A,52
2020,Islamic,Anglosphere ex-US,H_A,118
2020,Islamic,Anglosphere ex-US,P_A,288
2020,Islamic,Continental Europe,A,77
2020,Islamic,Continental Europe,H_A,118
2020,Islamic,Continental Europe,P_A,272
2020,Islamic,Hindu,A,16
2020,Islamic,Hindu,H_A,6
2020,Islamic,Hindu,P_A,58
2020,Islamic,Islamic,A,276
2020,Islamic,Islamic,H_A,249
2020,Islamic,Islamic,P_A,2004
2020,Islamic,Japanese,A,5
2020,Islamic,Japanese,H_A,4
2020,Islamic,Japanese,P_A,16
2020,Islamic,Other Civilizations,A,12
2020,Islamic,Other Civilizations,H_A,14
2020,Islamic,Other Civilizations,P_A,46
2020,Islamic,Other Western,P_A,3
2020,Islamic,Sinic,A,17
2020,Islamic,Sinic,H_A,24
2020,Islamic,Sinic,P_A,109
2020,Islamic,United States,A,48
2020,Islamic,United States,H_A,120
2020,Islamic,United States,P_A,257
2020,Islamic,Unknown,A,121
2020,Islamic,Unknown,H_A,115
2020,Islamic,Unknown,P_A,432
2020,Japanese,Anglosphere ex-US,A,4
2020,Japanese,Anglosphere ex-US,H_A,13
2020,Japanese,Anglosphere ex-US,P_A,61
2020,Japanese,Continental Europe,A,14
2020,Japanese,Continental Europe,H_A,19
2020,Japanese,Continental Europe,P_A,76
2020,Japanese,Hindu,A,3
2020,Japanese,Hindu,H_A,4
2020,Japanese,Hindu,P_A,19
2020,Japanese,Islamic,A,13
2020,Japanese,Islamic,H_A,13
2020,Japanese,Islamic,P_A,105
2020,Japanese,Japanese,A,91
2020,Japanese,Japanese,H_A,103
2020,Japanese,Japanese,P_A,912
2020,Japanese,Other Civilizations,A,11
2020,Japanese,Other Civilizations,H_A,8
2020,Japanese,Other Civilizations,P_A,31
2020,Japanese,Other Western,P_A,1
2020,Japanese,Sinic,A,46
2020,Japanese,Sinic,H_A,42
2020,Japanese,Sinic,P_A,314
2020,Japanese,United States,A,13
2020,Japanese,United States,H_A,30
2020,Japanese,United States,P_A,119
2020,Japanese,Unknown,A,32
2020,Japanese,Unknown,H_A,36
2020,Japanese,Unknown,P_A,209
2020,Other Civilizations,Anglosphere ex-US,A,29
2020,Other Civilizations,Anglosphere ex-US,H_A,38
2020,Other Civilizations,Anglosphere ex-US,P_A,187
2020,Other Civilizations,Continental Europe,A,120
2020,Other Civilizations,Continental Europe,H_A,126
2020,Other Civilizations,Continental Europe,P_A,441
2020,Other Civilizations,Hindu,A,6
2020,Other Civilizations,Hindu,H_A,5
2020,Other Civilizations,Hindu,P_A,30
2020,Other Civilizations,Islamic,A,16
2020,Other Civilizations,Islamic,H_A,13
2020,Other Civilizations,Islamic,P_A,82
2020,Other Civilizations,Japanese,A,8
2020,Other Civilizations,Japanese,H_A,7
2020,Other Civilizations,Japanese,P_A,27
2020,Other Civilizations,Other Civilizations,A,320
2020,Other Civilizations,Other Civilizations,H_A,234
2020,Other Civilizations,Other Civilizations,P_A,2072
2020,Other Civilizations,Other Western,A,3
2020,Other Civilizations,Other Western,H_A,4
2020,Other Civilizations,Other Western,P_A,2
2020,Other Civilizations,Sinic,A,23
2020,Other Civilizations,Sinic,H_A,19
2020,Other Civilizations,Sinic,P_A,126
2020,Other Civilizations,United States,A,37
2020,Other Civilizations,United States,H_A,50
2020,Other Civilizations,United States,P_A,199
2020,Other Civilizations,Unknown,A,133
2020,Other Civilizations,Unknown,H_A,108
2020,Other Civilizations,Unknown,P_A,497
2020,Other Western,Anglosphere ex-US,A,2
2020,Other Western,Anglosphere ex-US,H_A,7
2020,Other Western,Anglosphere ex-US,P_A,37
2020,Other Western,Continental Europe,A,6
2020,Other Western,Continental Europe,H_A,5
2020,Other Western,Continental Europe,P_A,33
2020,Other Western,Hindu,H_A,2
2020,Other Western,Hindu,P_A,3
2020,Other Western,Islamic,H_A,1
2020,Other Western,Japanese,H_A,1
2020,Other Western,Japanese,P_A,2
2020,Other Western,Other Civilizations,H_A,1
2020,Other Western,Other Civilizations,P_A,10
2020,Other Western,Other Western,A,10
2020,Other Western,Other Western,H_A,51
2020,Other Western,Other Western,P_A,411
2020,Other Western,Sinic,H_A,4
2020,Other Western,Sinic,P_A,10
2020,Other Western,United States,A,8
2020,Other Western,United States,H_A,28
2020,Other Western,United States,P_A,109
2020,Other Western,Unknown,A,8
2020,Other Western,Unknown,H_A,17
2020,Other Western,Unknown,P_A,53
2020,Sinic,Anglosphere ex-US,A,53
2020,Sinic,Anglosphere ex-US,H_A,136
2020,Sinic,Anglosphere ex-US,P_A,519
2020,Sinic,Continental Europe,A,39
2020,Sinic,Continental Europe,H_A,84
2020,Sinic,Continental Europe,P_A,260
2020,Sinic,Hindu,A,10
2020,Sinic,Hindu,H_A,11
2020,Sinic,Hindu,P_A,46
2020,Sinic,Islamic,A,32
2020,Sinic,Islamic,H_A,34
2020,Sinic,Islamic,P_A,159
2020,Sinic,Japanese,A,29
2020,Sinic,Japanese,H_A,13
2020,Sinic,Japanese,P_A,67
2020,Sinic,Other Civilizations,A,17
2020,Sinic,Other Civilizations,H_A,21
2020,Sinic,Other Civilizations,P_A,59
2020,Sinic,Other Western,A,2
2020,Sinic,Other Western,H_A,7
2020,Sinic,Other Western,P_A,8
2020,Sinic,Sinic,A,819
2020,Sinic,Sinic,H_A,1344
2020,Sinic,Sinic,P_A,8865
2020,Sinic,United States,A,138
2020,Sinic,United States,H_A,439
2020,Sinic,United States,P_A,1133
2020,Sinic,Unknown,A,203
2020,Sinic,Unknown,H_A,243
2020,Sinic,Unknown,P_A,961
2020,United States,Anglosphere ex-US,A,87
2020,United States,Anglosphere ex-US,H_A,151
2020,United States,Anglosphere ex-US,P_A,1023
2020,United States,Continental Europe,A,130
2020,United States,Continental Europe,H_A,215
2020,United States,Continental Europe,P_A,1150
2020,United States,Hindu,A,62
2020,United States,Hindu,H_A,62
2020,United States,Hindu,P_A,361
2020,United States,Islamic,A,82
2020,United States,Islamic,H_A,60
2020,United States,Islamic,P_A,418
2020,United States,Japanese,A,40
2020,United States,Japanese,H_A,24
2020,United States,Japanese,P_A,180
2020,United States,Other Civilizations,A,17
2020,United States,Other Civilizations,H_A,37
2020,United States,Other Civilizations,P_A,246
2020,United States,Other Western,A,6
2020,United States,Other Western,H_A,30
2020,United States,Other Western,P_A,139
2020,United States,Sinic,A,241
2020,United States,Sinic,H_A,416
2020,United States,Sinic,P_A,3095
2020,United States,United States,A,235
2020,United States,United States,H_A,701
2020,United States,United States,P_A,4239
2020,United States,Unknown,A,224
2020,United States,Unknown,H_A,348
2020,United States,Unknown,P_A,1436
2021,Anglosphere ex-US,Anglosphere ex-US,A,5
2021,Anglosphere ex-US,Anglosphere ex-US,H_A,27
2021,Anglosphere ex-US,Anglosphere ex-US,P_A,153
2021,Anglosphere ex-US,Continental Europe,A,42
2021,Anglosphere ex-US,Continental Europe,H_A,155
2021,Anglosphere ex-US,Continental Europe,P_A,949
2021,Anglosphere ex-US,Hindu,A,9
2021,Anglosphere ex-US,Hindu,H_A,17
2021,Anglosphere ex-US,Hindu,P_A,132
2021,Anglosphere ex-US,Islamic,A,48
2021,Anglosphere ex-US,Islamic,H_A,75
2021,Anglosphere ex-US,Islamic,P_A,616
2021,Anglosphere ex-US,Japanese,A,10
2021,Anglosphere ex-US,Japanese,H_A,6
2021,Anglosphere ex-US,Japanese,P_A,69
2021,Anglosphere ex-US,Other Civilizations,A,23
2021,Anglosphere ex-US,Other Civilizations,H_A,27
2021,Anglosphere ex-US,Other Civilizations,P_A,210
2021,Anglosphere ex-US,Other Western,A,1
2021,Anglosphere ex-US,Other Western,H_A,5
2021,Anglosphere ex-US,Other Western,P_A,34
2021,Anglosphere ex-US,Sinic,A,98
2021,Anglosphere ex-US,Sinic,H_A,153
2021,Anglosphere ex-US,Sinic,P_A,1231
2021,Anglosphere ex-US,United States,A,52
2021,Anglosphere ex-US,United States,H_A,204
2021,Anglosphere ex-US,United States,P_A,909
2021,Continental Europe,Anglosphere ex-US,A,74
2021,Continental Europe,Anglosphere ex-US,H_A,241
2021,Continental Europe,Anglosphere ex-US,P_A,1208
2021,Continental Europe,Continental Europe,A,26
2021,Continental Europe,Continental Europe,H_A,49
2021,Continental Europe,Continental Europe,P_A,255
2021,Continental Europe,Hindu,A,18
2021,Continental Europe,Hindu,H_A,26
2021,Continental Europe,Hindu,P_A,103
2021,Continental Europe,Islamic,A,48
2021,Continental Europe,Islamic,H_A,65
2021,Continental Europe,Islamic,P_A,515
2021,Continental Europe,Japanese,A,10
2021,Continental Europe,Japanese,H_A,18
2021,Continental Europe,Japanese,P_A,102
2021,Continental Europe,Other Civilizations,A,56
2021,Continental Europe,Other Civilizations,H_A,70
2021,Continental Europe,Other Civilizations,P_A,517
2021,Continental Europe,Other Western,A,3
2021,Continental Europe,Other Western,H_A,10
2021,Continental Europe,Other Western,P_A,50
2021,Continental Europe,Sinic,A,81
2021,Continental Europe,Sinic,H_A,134
2021,Continental Europe,Sinic,P_A,665
2021,Continental Europe,United States,A,83
2021,Continental Europe,United States,H_A,211
2021,Continental Europe,United States,P_A,1030
2021,Hindu,Anglosphere ex-US,A,21
2021,Hindu,Anglosphere ex-US,H_A,48
2021,Hindu,Anglosphere ex-US,P_A,106
2021,Hindu,Continental Europe,A,24
2021,Hindu,Continental Europe,H_A,48
2021,Hindu,Continental Europe,P_A,117
2021,Hindu,Hindu,A,4
2021,Hindu,Hindu,H_A,7
2021,Hindu,Hindu,P_A,87
2021,Hindu,Islamic,A,10
2021,Hindu,Islamic,H_A,14
2021,Hindu,Islamic,P_A,107
2021,Hindu,Japanese,A,1
2021,Hindu,Japanese,H_A,4
2021,Hindu,Japanese,P_A,12
2021,Hindu,Other Civilizations,A,1
2021,Hindu,Other Civilizations,H_A,6
2021,Hindu,Other Civilizations,P_A,28
2021,Hindu,Other Western,A,3
2021,Hindu,Other Western,H_A,2
2021,Hindu,Other Western,P_A,5
2021,Hindu,Sinic,A,14
2021,Hindu,Sinic,H_A,28
2021,Hindu,Sinic,P_A,75
2021,Hindu,United States,A,66
2021,Hindu,United States,H_A,136
2021,Hindu,United States,P_A,284
2021,Islamic,Anglosphere ex-US,A,48
2021,Islamic,Anglosphere ex-US,H_A,127
2021,Islamic,Anglosphere ex-US,P_A,324
2021,Islamic,Continental Europe,A,71
2021,Islamic,Continental Europe,H_A,127
2021,Islamic,Continental Europe,P_A,313
2021,Islamic,Hindu,A,14
2021,Islamic,Hindu,H_A,4
2021,Islamic,Hindu,P_A,67
2021,Islamic,Islamic,A,13
2021,Islamic,Islamic,H_A,13
2021,Islamic,Islamic,P_A,110
2021,Islamic,Japanese,A,5
2021,Islamic,Japanese,H_A,5
2021,Islamic,Japanese,P_A,17
2021,Islamic,Other Civilizations,A,14
2021,Islamic,Other Civilizations,H_A,14
2021,Islamic,Other Civilizations,P_A,52
2021,Islamic,Other Western,P_A,3
2021,Islamic,Sinic,A,17
2021,Islamic,Sinic,H_A,28
2021,Islamic,Sinic,P_A,127
2021,Islamic,United States,A,46
2021,Islamic,United States,H_A,125
2021,Islamic,United States,P_A,294
2021,Japanese,Anglosphere ex-US,A,4
2021,Japanese,Anglosphere ex-US,H_A,11
2021,Japanese,Anglosphere ex-US,P_A,65
2021,Japanese,Continental Europe,A,13
2021,Japanese,Continental Europe,H_A,18
2021,Japanese,Continental Europe,P_A,82
2021,Japanese,Hindu,A,4
2021,Japanese,Hindu,H_A,3
2021,Japanese,Hindu,P_A,21
2021,Japanese,Islamic,A,11
2021,Japanese,Islamic,H_A,9
2021,Japanese,Islamic,P_A,113
2021,Japanese,Japanese,A,1
2021,Japanese,Japanese,H_A,14
2021,Japanese,Japanese,P_A,84
2021,Japanese,Other Civilizations,A,9
2021,Japanese,Other Civilizations,H_A,10
2021,Japanese,Other Civilizations,P_A,34
2021,Japanese,Other Western,P_A,2
2021,Japanese,Sinic,A,48
2021,Japanese,Sinic,H_A,37
2021,Japanese,Sinic,P_A,335
2021,Japanese,United States,A,11
2021,Japanese,United States,H_A,31
2021,Japanese,United States,P_A,129
2021,Other Civilizations,Anglosphere ex-US,A,33
2021,Other Civilizations,Anglosphere ex-US,H_A,35
2021,Other Civilizations,Anglosphere ex-US,P_A,203
2021,Other Civilizations,Continental Europe,A,115
2021,Other Civilizations,Continental Europe,H_A,123
2021,Other Civilizations,Continental Europe,P_A,496
2021,Other Civilizations,Hindu,A,7
2021,Other Civilizations,Hindu,H_A,4
2021,Other Civilizations,Hindu,P_A,34
2021,Other Civilizations,Islamic,A,18
2021,Other Civilizations,Islamic,H_A,13
2021,Other Civilizations,Islamic,P_A,88
2021,Other Civilizations,Japanese,A,6
2021,Other Civilizations,Japanese,H_A,7
2021,Other Civilizations,Japanese,P_A,30
2021,Other Civilizations,Other Civilizations,A,10
2021,Other Civilizations,Other Civilizations,H_A,16
2021,Other Civilizations,Other Civilizations,P_A,97
2021,Other Civilizations,Other Western,A,3
2021,Other Civilizations,Other Western,H_A,4
2021,Other Civilizations,Other Western,P_A,2
2021,Other Civilizations,Sinic,A,19
2021,Other Civilizations,Sinic,H_A,20
2021,Other Civilizations,Sinic,P_A,137
2021,Other Civilizations,United States,A,38
2021,Other Civilizations,United States,H_A,51
2021,Other Civilizations,United States,P_A,221
2021,Other Western,Anglosphere ex-US,A,1
2021,Other Western,Anglosphere ex-US,H_A,5
2021,Other Western,Anglosphere ex-US,P_A,40
2021,Other Western,Continental Europe,A,5
2021,Other Western,Continental Europe,H_A,4
2021,Other Western,Continental Europe,P_A,37
2021,Other Western,Hindu,A,2
2021,Other Western,Hindu,H_A,1
2021,Other Western,Hindu,P_A,4
2021,Other Western,Islamic,H_A,1
2021,Other Western,Islamic,P_A,1
2021,Other Western,Japanese,A,1
2021,Other Western,Japanese,H_A,1
2021,Other Western,Japanese,P_A,2
2021,Other Western,Other Civilizations,H_A,1
2021,Other Western,Other Civilizations,P_A,10
2021,Other Western,Other Western,A,3
2021,Other Western,Other Western,H_A,8
2021,Other Western,Other Western,P_A,132
2021,Other Western,Sinic,H_A,4
2021,Other Western,Sinic,P_A,10
2021,Other Western,United States,A,5
2021,Other Western,United States,H_A,26
2021,Other Western,United States,P_A,118
2021,Sinic,Anglosphere ex-US,A,53
2021,Sinic,Anglosphere ex-US,H_A,134
2021,Sinic,Anglosphere ex-US,P_A,571
2021,Sinic,Continental Europe,A,40
2021,Sinic,Continental Europe,H_A,92
2021,Sinic,Continental Europe,P_A,289
2021,Sinic,Hindu,A,8
2021,Sinic,Hindu,H_A,13
2021,Sinic,Hindu,P_A,52
2021,Sinic,Islamic,A,29
2021,Sinic,Islamic,H_A,40
2021,Sinic,Islamic,P_A,175
2021,Sinic,Japanese,A,29
2021,Sinic,Japanese,H_A,17
2021,Sinic,Japanese,P_A,76
2021,Sinic,Other Civilizations,A,16
2021,Sinic,Other Civilizations,H_A,17
2021,Sinic,Other Civilizations,P_A,70
2021,Sinic,Other Western,A,2
2021,Sinic,Other Western,H_A,7
2021,Sinic,Other Western,P_A,10
2021,Sinic,Sinic,A,39
2021,Sinic,Sinic,H_A,66
2021,Sinic,Sinic,P_A,262
2021,Sinic,United States,A,149
2021,Sinic,United States,H_A,459
2021,Sinic,United States,P_A,1236
2021,United States,Anglosphere ex-US,A,75
2021,United States,Anglosphere ex-US,H_A,146
2021,United States,Anglosphere ex-US,P_A,1092
2021,United States,Continental Europe,A,120
2021,United States,Continental Europe,H_A,214
2021,United States,Continental Europe,P_A,1237
2021,United States,Hindu,A,62
2021,United States,Hindu,H_A,61
2021,United States,Hindu,P_A,385
2021,United States,Islamic,A,70
2021,United States,Islamic,H_A,51
2021,United States,Islamic,P_A,470
2021,United States,Japanese,A,36
2021,United States,Japanese,H_A,23
2021,United States,Japanese,P_A,193
2021,United States,Other Civilizations,A,22
2021,United States,Other Civilizations,H_A,36
2021,United States,Other Civilizations,P_A,261
2021,United States,Other Western,A,7
2021,United States,Other Western,H_A,35
2021,United States,Other Western,P_A,147
2021,United States,Sinic,A,218
2021,United States,Sinic,H_A,431
2021,United States,Sinic,P_A,3232
2021,United States,United States,A,11
2021,United States,United States,H_A,62
2021,United States,United States,P_A,207
2022,Anglosphere ex-US,Anglosphere ex-US,A,3
2022,Anglosphere ex-US,Anglosphere ex-US,H_A,11
2022,Anglosphere ex-US,Anglosphere ex-US,P_A,149
2022,Anglosphere ex-US,Continental Europe,A,46
2022,Anglosphere ex-US,Continental Europe,H_A,139
2022,Anglosphere ex-US,Continental Europe,P_A,984
2022,Anglosphere ex-US,Hindu,A,8
2022,Anglosphere ex-US,Hindu,H_A,15
2022,Anglosphere ex-US,Hindu,P_A,140
2022,Anglosphere ex-US,Islamic,A,35
2022,Anglosphere ex-US,Islamic,H_A,62
2022,Anglosphere ex-US,Islamic,P_A,650
2022,Anglosphere ex-US,Japanese,A,10
2022,Anglosphere ex-US,Japanese,H_A,5
2022,Anglosphere ex-US,Japanese,P_A,70
2022,Anglosphere ex-US,Other Civilizations,A,21
2022,Anglosphere ex-US,Other Civilizations,H_A,27
2022,Anglosphere ex-US,Other Civilizations,P_A,217
2022,Anglosphere ex-US,Other Western,A,1
2022,Anglosphere ex-US,Other Western,H_A,5
2022,Anglosphere ex-US,Other Western,P_A,34
2022,Anglosphere ex-US,Sinic,A,90
2022,Anglosphere ex-US,Sinic,H_A,139
2022,Anglosphere ex-US,Sinic,P_A,1263
2022,Anglosphere ex-US,United States,A,47
2022,Anglosphere ex-US,United States,H_A,201
2022,Anglosphere ex-US,United States,P_A,940
2022,Continental Europe,Anglosphere ex-US,A,67
2022,Continental Europe,Anglosphere ex-US,H_A,226
2022,Continental Europe,Anglosphere ex-US,P_A,1247
2022,Continental Europe,Continental Europe,A,13
2022,Continental Europe,Continental Europe,H_A,31
2022,Continental Europe,Continental Europe,P_A,223
2022,Continental Europe,Hindu,A,14
2022,Continental Europe,Hindu,H_A,22
2022,Continental Europe,Hindu,P_A,116
2022,Continental Europe,Islamic,A,43
2022,Continental Europe,Islamic,H_A,61
2022,Continental Europe,Islamic,P_A,534
2022,Continental Europe,Japanese,A,8
2022,Continental Europe,Japanese,H_A,19
2022,Continental Europe,Japanese,P_A,107
2022,Continental Europe,Other Civilizations,A,51
2022,Continental Europe,Other Civilizations,H_A,70
2022,Continental Europe,Other Civilizations,P_A,538
2022,Continental Europe,Other Western,A,3
2022,Continental Europe,Other Western,H_A,10
2022,Continental Europe,Other Western,P_A,53
2022,Continental Europe,Sinic,A,74
2022,Continental Europe,Sinic,H_A,115
2022,Continental Europe,Sinic,P_A,712
2022,Continental Europe,United States,A,77
2022,Continental Europe,United States,H_A,208
2022,Continental Europe,United States,P_A,1081
2022,Hindu,Anglosphere ex-US,A,19
2022,Hindu,Anglosphere ex-US,H_A,42
2022,Hindu,Anglosphere ex-US,P_A,121
2022,Hindu,Continental Europe,A,24
2022,Hindu,Continental Europe,H_A,42
2022,Hindu,Continental Europe,P_A,134
2022,Hindu,Hindu,A,1
2022,Hindu,Hindu,H_A,7
2022,Hindu,Hindu,P_A,75
2022,Hindu,Islamic,A,6
2022,Hindu,Islamic,H_A,12
2022,Hindu,Islamic,P_A,123
2022,Hindu,Japanese,A,1
2022,Hindu,Japanese,H_A,4
2022,Hindu,Japanese,P_A,12
2022,Hindu,Other Civilizations,A,1
2022,Hindu,Other Civilizations,H_A,7
2022,Hindu,Other Civilizations,P_A,31
2022,Hindu,Other Western,A,3
2022,Hindu,Other Western,H_A,2
2022,Hindu,Other Western,P_A,5
2022,Hindu,Sinic,A,13
2022,Hindu,Sinic,H_A,28
2022,Hindu,Sinic,P_A,83
2022,Hindu,United States,A,65
2022,Hindu,United States,H_A,138
2022,Hindu,United States,P_A,306
2022,Islamic,Anglosphere ex-US,A,45
2022,Islamic,Anglosphere ex-US,H_A,124
2022,Islamic,Anglosphere ex-US,P_A,345
2022,Islamic,Continental Europe,A,68
2022,Islamic,Continental Europe,H_A,126
2022,Islamic,Continental Europe,P_A,348
2022,Islamic,Hindu,A,12
2022,Islamic,Hindu,H_A,5
2022,Islamic,Hindu,P_A,75
2022,Islamic,Islamic,A,12
2022,Islamic,Islamic,H_A,10
2022,Islamic,Islamic,P_A,82
2022,Islamic,Japanese,A,5
2022,Islamic,Japanese,H_A,5
2022,Islamic,Japanese,P_A,18
2022,Islamic,Other Civilizations,A,14
2022,Islamic,Other Civilizations,H_A,13
2022,Islamic,Other Civilizations,P_A,57
2022,Islamic,Other Western,P_A,3
2022,Islamic,Sinic,A,17
2022,Islamic,Sinic,H_A,30
2022,Islamic,Sinic,P_A,135
2022,Islamic,United States,A,45
2022,Islamic,United States,H_A,125
2022,Islamic,United States,P_A,312
2022,Japanese,Anglosphere ex-US,A,3
2022,Japanese,Anglosphere ex-US,H_A,11
2022,Japanese,Anglosphere ex-US,P_A,66
2022,Japanese,Continental Europe,A,12
2022,Japanese,Continental Europe,H_A,19
2022,Japanese,Continental Europe,P_A,84
2022,Japanese,Hindu,A,3
2022,Japanese,Hindu,H_A,1
2022,Japanese,Hindu,P_A,24
2022,Japanese,Islamic,A,11
2022,Japanese,Islamic,H_A,6
2022,Japanese,Islamic,P_A,121
2022,Japanese,Japanese,A,1
2022,Japanese,Japanese,H_A,11
2022,Japanese,Japanese,P_A,81
2022,Japanese,Other Civilizations,A,7
2022,Japanese,Other Civilizations,H_A,8
2022,Japanese,Other Civilizations,P_A,38
2022,Japanese,Other Western,P_A,3
2022,Japanese,Sinic,A,40
2022,Japanese,Sinic,H_A,29
2022,Japanese,Sinic,P_A,352
2022,Japanese,United States,A,11
2022,Japanese,United States,H_A,29
2022,Japanese,United States,P_A,137
2022,Other Civilizations,Anglosphere ex-US,A,27
2022,Other Civilizations,Anglosphere ex-US,H_A,34
2022,Other Civilizations,Anglosphere ex-US,P_A,217
2022,Other Civilizations,Continental Europe,A,108
2022,Other Civilizations,Continental Europe,H_A,125
2022,Other Civilizations,Continental Europe,P_A,527
2022,Other Civilizations,Hindu,A,5
2022,Other Civilizations,Hindu,H_A,5
2022,Other Civilizations,Hindu,P_A,35
2022,Other Civilizations,Islamic,A,16
2022,Other Civilizations,Islamic,H_A,11
2022,Other Civilizations,Islamic,P_A,95
2022,Other Civilizations,Japanese,A,6
2022,Other Civilizations,Japanese,H_A,8
2022,Other Civilizations,Japanese,P_A,30
2022,Other Civilizations,Other Civilizations,A,8
2022,Other Civilizations,Other Civilizations,H_A,7
2022,Other Civilizations,Other Civilizations,P_A,92
2022,Other Civilizations,Other Western,A,3
2022,Other Civilizations,Other Western,H_A,4
2022,Other Civilizations,Other Western,P_A,3
2022,Other Civilizations,Sinic,A,22
2022,Other Civilizations,Sinic,H_A,19
2022,Other Civilizations,Sinic,P_A,141
2022,Other Civilizations,United States,A,36
2022,Other Civilizations,United States,H_A,47
2022,Other Civilizations,United States,P_A,235
2022,Other Western,Anglosphere ex-US,A,1
2022,Other Western,Anglosphere ex-US,H_A,3
2022,Other Western,Anglosphere ex-US,P_A,42
2022,Other Western,Continental Europe,A,5
2022,Other Western,Continental Europe,H_A,3
2022,Other Western,Continental Europe,P_A,38
2022,Other Western,Hindu,A,2
2022,Other Western,Hindu,P_A,5
2022,Other Western,Islamic,H_A,1
2022,Other Western,Islamic,P_A,2
2022,Other Western,Japanese,A,1
2022,Other Western,Japanese,H_A,1
2022,Other Western,Japanese,P_A,2
2022,Other Western,Other Civilizations,H_A,1
2022,Other Western,Other Civilizations,P_A,10
2022,Other Western,Other Western,A,2
2022,Other Western,Other Western,H_A,5
2022,Other Western,Other Western,P_A,130
2022,Other Western,Sinic,H_A,2
2022,Other Western,Sinic,P_A,13
2022,Other Western,United States,A,5
2022,Other Western,United States,H_A,23
2022,Other Western,United States,P_A,123
2022,Sinic,Anglosphere ex-US,A,53
2022,Sinic,Anglosphere ex-US,H_A,121
2022,Sinic,Anglosphere ex-US,P_A,607
2022,Sinic,Continental Europe,A,36
2022,Sinic,Continental Europe,H_A,95
2022,Sinic,Continental Europe,P_A,307
2022,Sinic,Hindu,A,9
2022,Sinic,Hindu,H_A,11
2022,Sinic,Hindu,P_A,55
2022,Sinic,Islamic,A,23
2022,Sinic,Islamic,H_A,35
2022,Sinic,Islamic,P_A,193
2022,Sinic,Japanese,A,28
2022,Sinic,Japanese,H_A,18
2022,Sinic,Japanese,P_A,81
2022,Sinic,Other Civilizations,A,15
2022,Sinic,Other Civilizations,H_A,17
2022,Sinic,Other Civilizations,P_A,74
2022,Sinic,Other Western,A,2
2022,Sinic,Other Western,H_A,6
2022,Sinic,Other Western,P_A,12
2022,Sinic,Sinic,A,23
2022,Sinic,Sinic,H_A,39
2022,Sinic,Sinic,P_A,223
2022,Sinic,United States,A,139
2022,Sinic,United States,H_A,448
2022,Sinic,United States,P_A,1305
2022,United States,Anglosphere ex-US,A,62
2022,United States,Anglosphere ex-US,H_A,147
2022,United States,Anglosphere ex-US,P_A,1126
2022,United States,Continental Europe,A,108
2022,United States,Continental Europe,H_A,204
2022,United States,Continental Europe,P_A,1279
2022,United States,Hindu,A,57
2022,United States,Hindu,H_A,61
2022,United States,Hindu,P_A,409
2022,United States,Islamic,A,56
2022,United States,Islamic,H_A,46
2022,United States,Islamic,P_A,504
2022,United States,Japanese,A,32
2022,United States,Japanese,H_A,20
2022,United States,Japanese,P_A,203
2022,United States,Other Civilizations,A,22
2022,United States,Other Civilizations,H_A,31
2022,United States,Other Civilizations,P_A,269
2022,United States,Other Western,A,7
2022,United States,Other Western,H_A,32
2022,United States,Other Western,P_A,151
2022,United States,Sinic,A,186
2022,United States,Sinic,H_A,407
2022,United States,Sinic,P_A,3345
2022,United States,United States,A,8
2022,United States,United States,H_A,35
2022,United States,United States,P_A,177
2023,Anglosphere ex-US,Anglosphere ex-US,H_A,1
2023,Anglosphere ex-US,Anglosphere ex-US,P_A,4
2023,Anglosphere ex-US,Continental Europe,A,39
2023,Anglosphere ex-US,Continental Europe,H_A,129
2023,Anglosphere ex-US,Continental Europe,P_A,1012
2023,Anglosphere ex-US,Hindu,A,6
2023,Anglosphere ex-US,Hindu,H_A,11
2023,Anglosphere ex-US,Hindu,P_A,148
2023,Anglosphere ex-US,Islamic,A,30
2023,Anglosphere ex-US,Islamic,H_A,51
2023,Anglosphere ex-US,Islamic,P_A,670
2023,Anglosphere ex-US,Japanese,A,8
2023,Anglosphere ex-US,Japanese,H_A,4
2023,Anglosphere ex-US,Japanese,P_A,74
2023,Anglosphere ex-US,Other Civilizations,A,19
2023,Anglosphere ex-US,Other Civilizations,H_A,24
2023,Anglosphere ex-US,Other Civilizations,P_A,223
2023,Anglosphere ex-US,Other Western,A,1
2023,Anglosphere ex-US,Other Western,H_A,5
2023,Anglosphere ex-US,Other Western,P_A,36
2023,Anglosphere ex-US,Sinic,A,81
2023,Anglosphere ex-US,Sinic,H_A,117
2023,Anglosphere ex-US,Sinic,P_A,1302
2023,Anglosphere ex-US,United States,A,44
2023,Anglosphere ex-US,United States,H_A,191
2023,Anglosphere ex-US,United States,P_A,973
2023,Continental Europe,Anglosphere ex-US,A,56
2023,Continental Europe,Anglosphere ex-US,H_A,197
2023,Continental Europe,Anglosphere ex-US,P_A,1301
2023,Continental Europe,Continental Europe,H_A,2
2023,Continental Europe,Continental Europe,P_A,15
2023,Continental Europe,Hindu,A,11
2023,Continental Europe,Hindu,H_A,18
2023,Continental Europe,Hindu,P_A,126
2023,Continental Europe,Islamic,A,33
2023,Continental Europe,Islamic,H_A,45
2023,Continental Europe,Islamic,P_A,569
2023,Continental Europe,Japanese,A,6
2023,Continental Europe,Japanese,H_A,17
2023,Continental Europe,Japanese,P_A,114
2023,Continental Europe,Other Civilizations,A,46
2023,Continental Europe,Other Civilizations,H_A,60
2023,Continental Europe,Other Civilizations,P_A,559
2023,Continental Europe,Other Western,A,3
2023,Continental Europe,Other Western,H_A,9
2023,Continental Europe,Other Western,P_A,56
2023,Continental Europe,Sinic,A,65
2023,Continental Europe,Sinic,H_A,97
2023,Continental Europe,Sinic,P_A,746
2023,Continental Europe,United States,A,71
2023,Continental Europe,United States,H_A,190
2023,Continental Europe,United States,P_A,1106
2023,Hindu,Anglosphere ex-US,A,16
2023,Hindu,Anglosphere ex-US,H_A,35
2023,Hindu,Anglosphere ex-US,P_A,134
2023,Hindu,Continental Europe,A,18
2023,Hindu,Continental Europe,H_A,40
2023,Hindu,Continental Europe,P_A,147
2023,Hindu,Hindu,A,1
2023,Hindu,Hindu,P_A,8
2023,Hindu,Islamic,A,4
2023,Hindu,Islamic,H_A,12
2023,Hindu,Islamic,P_A,130
2023,Hindu,Japanese,A,1
2023,Hindu,Japanese,H_A,4
2023,Hindu,Japanese,P_A,14
2023,Hindu,Other Civilizations,A,1
2023,Hindu,Other Civilizations,H_A,7
2023,Hindu,Other Civilizations,P_A,33
2023,Hindu,Other Western,A,3
2023,Hindu,Other Western,H_A,1
2023,Hindu,Other Western,P_A,5
2023,Hindu,Sinic,A,11
2023,Hindu,Sinic,H_A,27
2023,Hindu,Sinic,P_A,87
2023,Hindu,United States,A,56
2023,Hindu,United States,H_A,130
2023,Hindu,United States,P_A,327
2023,Islamic,Anglosphere ex-US,A,44
2023,Islamic,Anglosphere ex-US,H_A,118
2023,Islamic,Anglosphere ex-US,P_A,357
2023,Islamic,Continental Europe,A,62
2023,Islamic,Continental Europe,H_A,121
2023,Islamic,Continental Europe,P_A,362
2023,Islamic,Hindu,A,9
2023,Islamic,Hindu,H_A,5
2023,Islamic,Hindu,P_A,78
2023,Islamic,Islamic,A,1
2023,Islamic,Islamic,P_A,5
2023,Islamic,Japanese,A,5
2023,Islamic,Japanese,H_A,4
2023,Islamic,Japanese,P_A,19
2023,Islamic,Other Civilizations,A,12
2023,Islamic,Other Civilizations,H_A,11
2023,Islamic,Other Civilizations,P_A,61
2023,Islamic,Other Western,P_A,3
2023,Islamic,Sinic,A,15
2023,Islamic,Sinic,H_A,26
2023,Islamic,Sinic,P_A,141
2023,Islamic,United States,A,40
2023,Islamic,United States,H_A,121
2023,Islamic,United States,P_A,322
2023,Japanese,Anglosphere ex-US,A,3
2023,Japanese,Anglosphere ex-US,H_A,8
2023,Japanese,Anglosphere ex-US,P_A,70
2023,Japanese,Continental Europe,A,10
2023,Japanese,Continental Europe,H_A,17
2023,Japanese,Continental Europe,P_A,90
2023,Japanese,Hindu,A,2
2023,Japanese,Hindu,H_A,1
2023,Japanese,Hindu,P_A,25
2023,Japanese,Islamic,A,10
2023,Japanese,Islamic,H_A,5
2023,Japanese,Islamic,P_A,123
2023,Japanese,Japanese,P_A,1
2023,Japanese,Other Civilizations,A,6
2023,Japanese,Other Civilizations,H_A,6
2023,Japanese,Other Civilizations,P_A,42
2023,Japanese,Other Western,P_A,4
2023,Japanese,Sinic,A,35
2023,Japanese,Sinic,H_A,26
2023,Japanese,Sinic,P_A,364
2023,Japanese,United States,A,9
2023,Japanese,United States,H_A,27
2023,Japanese,United States,P_A,140
2023,Other Civilizations,Anglosphere ex-US,A,20
2023,Other Civilizations,Anglosphere ex-US,H_A,30
2023,Other Civilizations,Anglosphere ex-US,P_A,230
2023,Other Civilizations,Continental Europe,A,98
2023,Other Civilizations,Continental Europe,H_A,119
2023,Other Civilizations,Continental Europe,P_A,552
2023,Other Civilizations,Hindu,A,4
2023,Other Civilizations,Hindu,H_A,1
2023,Other Civilizations,Hindu,P_A,41
2023,Other Civilizations,Islamic,A,14
2023,Other Civilizations,Islamic,H_A,9
2023,Other Civilizations,Islamic,P_A,100
2023,Other Civilizations,Japanese,A,5
2023,Other Civilizations,Japanese,H_A,7
2023,Other Civilizations,Japanese,P_A,32
2023,Other Civilizations,Other Civilizations,P_A,4
2023,Other Civilizations,Other Western,A,2
2023,Other Civilizations,Other Western,H_A,3
2023,Other Civilizations,Other Western,P_A,5
2023,Other Civilizations,Sinic,A,20
2023,Other Civilizations,Sinic,H_A,18
2023,Other Civilizations,Sinic,P_A,143
2023,Other Civilizations,United States,A,35
2023,Other Civilizations,United States,H_A,44
2023,Other Civilizations,United States,P_A,247
2023,Other Western,Anglosphere ex-US,A,1
2023,Other Western,Anglosphere ex-US,H_A,2
2023,Other Western,Anglosphere ex-US,P_A,43
2023,Other Western,Continental Europe,A,5
2023,Other Western,Continental Europe,H_A,3
2023,Other Western,Continental Europe,P_A,38
2023,Other Western,Hindu,A,1
2023,Other Western,Hindu,H_A,1
2023,Other Western,Hindu,P_A,6
2023,Other Western,Islamic,H_A,1
2023,Other Western,Islamic,P_A,2
2023,Other Western,Japanese,A,1
2023,Other Western,Japanese,H_A,1
2023,Other Western,Japanese,P_A,2
2023,Other Western,Other Civilizations,H_A,1
2023,Other Western,Other Civilizations,P_A,9
2023,Other Western,Other Western,A,1
2023,Other Western,Other Western,P_A,2
2023,Other Western,Sinic,H_A,2
2023,Other Western,Sinic,P_A,13
2023,Other Western,United States,A,5
2023,Other Western,United States,H_A,21
2023,Other Western,United States,P_A,124
2023,Sinic,Anglosphere ex-US,A,51
2023,Sinic,Anglosphere ex-US,H_A,112
2023,Sinic,Anglosphere ex-US,P_A,628
2023,Sinic,Continental Europe,A,38
2023,Sinic,Continental Europe,H_A,88
2023,Sinic,Continental Europe,P_A,320
2023,Sinic,Hindu,A,5
2023,Sinic,Hindu,H_A,11
2023,Sinic,Hindu,P_A,59
2023,Sinic,Islamic,A,20
2023,Sinic,Islamic,H_A,27
2023,Sinic,Islamic,P_A,204
2023,Sinic,Japanese,A,24
2023,Sinic,Japanese,H_A,17
2023,Sinic,Japanese,P_A,95
2023,Sinic,Other Civilizations,A,13
2023,Sinic,Other Civilizations,H_A,16
2023,Sinic,Other Civilizations,P_A,79
2023,Sinic,Other Western,A,2
2023,Sinic,Other Western,H_A,7
2023,Sinic,Other Western,P_A,13
2023,Sinic,Sinic,H_A,2
2023,Sinic,Sinic,P_A,75
2023,Sinic,United States,A,122
2023,Sinic,United States,H_A,424
2023,Sinic,United States,P_A,1365
2023,United States,Anglosphere ex-US,A,62
2023,United States,Anglosphere ex-US,H_A,129
2023,United States,Anglosphere ex-US,P_A,1166
2023,United States,Continental Europe,A,90
2023,United States,Continental Europe,H_A,183
2023,United States,Continental Europe,P_A,1333
2023,United States,Hindu,A,50
2023,United States,Hindu,H_A,57
2023,United States,Hindu,P_A,439
2023,United States,Islamic,A,37
2023,United States,Islamic,H_A,40
2023,United States,Islamic,P_A,531
2023,United States,Japanese,A,31
2023,United States,Japanese,H_A,17
2023,United States,Japanese,P_A,214
2023,United States,Other Civilizations,A,19
2023,United States,Other Civilizations,H_A,28
2023,United States,Other Civilizations,P_A,276
2023,United States,Other Western,A,6
2023,United States,Other Western,H_A,27
2023,United States,Other Western,P_A,161
2023,United States,Sinic,A,166
2023,United States,Sinic,H_A,357
2023,United States,Sinic,P_A,3448
2023,United States,United States,H_A,2
2023,United States,United States,P_A,19
