bootstrap,group,T_equilibrium,P_D_equilibrium,M_threshold,margin_to_threshold_T,k_used
0,Anglosphere ex-US,67076.95105769203,29351.10961173547,3183.4920212765956,63893.459036415436,614
0,Continental Europe,196583.7430665657,84692.68965444648,3923.499485066941,192660.24358149874,781
0,Hindu,53291.44621976928,30168.319718079227,2248.8695652173915,51042.576654551885,536
0,Islamic,88156.0839515517,46856.95015465707,2254.7179487179487,85901.36600283375,571
0,Japanese,29374.455069866897,7385.564510261346,1792.6470588235293,27581.80801104337,424
0,Other Civilizations,59815.16674679836,22740.089677055854,2068.969696969697,57746.19704982866,494
0,Other Western,4725.7147806864905,2039.4362044567424,1601.2173913043478,3124.4973893821425,372
0,Sinic,303882.57886134216,133035.0568256897,3129.4270557029176,300753.15180563927,658
0,United States,147961.82663068315,64505.0081877853,1844.0637813211845,146117.76284936196,356
1,Anglosphere ex-US,67244.01260032496,29488.410703029516,3183.4920212765956,64060.52057904837,614
1,Continental Europe,195960.39522626257,84107.8668573703,3923.499485066941,192036.89574119562,781
1,Hindu,52678.609322341596,29440.501796700144,2248.8695652173915,50429.7397571242,536
1,Islamic,88597.81006898495,47343.329249339164,2254.7179487179487,86343.092120267,571
1,Japanese,29416.761107288643,7406.191604558147,1792.6470588235293,27624.114048465115,424
1,Other Civilizations,58719.704096573245,21733.460106334318,2068.969696969697,56650.73439960355,494
1,Other Western,4680.959686833641,2038.0911715352477,1601.2173913043478,3079.742295529293,372
1,Sinic,302699.42572296225,132754.6163288292,3129.4270557029176,299569.99866725935,658
1,United States,146718.01888556313,63581.88513240491,1844.0637813211845,144873.95510424193,356
2,Anglosphere ex-US,67136.27851400927,29489.31604577164,3183.4920212765956,63952.78649273268,614
2,Continental Europe,194421.7518040566,83189.28316804228,3923.499485066941,190498.25231898966,781
2,Hindu,53515.14486167942,30162.071956621938,2248.8695652173915,51266.27529646203,536
2,Islamic,88513.71122314679,47438.08261118468,2254.7179487179487,86258.99327442884,571
2,Japanese,29219.51508320449,7370.317884877015,1792.6470588235293,27426.86802438096,424
2,Other Civilizations,59663.70325749362,22549.666484995334,2068.969696969697,57594.73356052392,494
2,Other Western,4802.144846947451,2118.8462618927406,1601.2173913043478,3200.927455643103,372
2,Sinic,303234.76542044216,132853.40622411564,3129.4270557029176,300105.33836473926,658
2,United States,146260.22352545927,63478.54001288017,1844.0637813211845,144416.15974413807,356
3,Anglosphere ex-US,68228.21343963491,30389.40267554242,3183.4920212765956,65044.72141835832,614
3,Continental Europe,195077.20268704178,83457.984873406,3923.499485066941,191153.70320197483,781
3,Hindu,53181.986403935545,29885.270385589156,2248.8695652173915,50933.11683871815,536
3,Islamic,87357.80768834308,45943.53662189199,2254.7179487179487,85103.08973962512,571
3,Japanese,29460.970109152502,7382.0253843264245,1792.6470588235293,27668.323050328974,424
3,Other Civilizations,59335.22698333427,22258.074219933922,2068.969696969697,57266.25728636458,494
3,Other Western,4868.421332364025,2158.940788676931,1601.2173913043478,3267.203941059677,372
3,Sinic,304320.4053034019,133638.9266374773,3129.4270557029176,301190.978247699,658
3,United States,147160.62442902214,63960.17836092941,1844.0637813211845,145316.56064770094,356
4,Anglosphere ex-US,67988.61951751835,30162.68241001699,3183.4920212765956,64805.12749624176,614
4,Continental Europe,193681.96325392067,82317.44765259289,3923.499485066941,189758.46376885372,781
4,Hindu,54185.78577940265,31023.01580417023,2248.8695652173915,51936.91621418526,536
4,Islamic,88002.67091787903,46749.458943239086,2254.7179487179487,85747.95296916108,571
4,Japanese,29304.89592277303,7357.8229072326785,1792.6470588235293,27512.248863949502,424
4,Other Civilizations,59441.7340071262,22573.54422469717,2068.969696969697,57372.764310156505,494
4,Other Western,4919.427927410285,2233.9849611406976,1601.2173913043478,3318.2105361059366,372
4,Sinic,302746.93486299913,132025.69849005394,3129.4270557029176,299617.50780729624,658
4,United States,146766.99515640468,63576.41218188892,1844.0637813211845,144922.93137508348,356
5,Anglosphere ex-US,67780.6146980587,30016.373150770545,3183.4920212765956,64597.1226767821,614
5,Continental Europe,193445.80333912178,82471.96483448455,3923.499485066941,189522.30385405483,781
5,Hindu,52889.87842547451,29640.4899034933,2248.8695652173915,50641.00886025712,536
5,Islamic,87516.06824845469,46430.13940554976,2254.7179487179487,85261.35029973673,571
5,Japanese,29284.58485041382,7403.82527534329,1792.6470588235293,27491.93779159029,424
5,Other Civilizations,59830.45542142258,22514.46846398218,2068.969696969697,57761.48572445288,494
5,Other Western,4822.873688793356,2191.1663105027637,1601.2173913043478,3221.6562974890085,372
5,Sinic,304291.10348671756,133006.61708244827,3129.4270557029176,301161.67643101467,658
5,United States,148117.72755877883,64920.62667930838,1844.0637813211845,146273.66377745764,356
6,Anglosphere ex-US,67419.6220999573,29545.06777000144,3183.4920212765956,64236.130078680704,614
6,Continental Europe,194487.3217741386,82902.46287543238,3923.499485066941,190563.82228907166,781
6,Hindu,52958.89317583408,29768.524968291804,2248.8695652173915,50710.023610616685,536
6,Islamic,88934.72960610302,47654.454229073366,2254.7179487179487,86680.01165738507,571
6,Japanese,29344.617746111195,7426.339879258482,1792.6470588235293,27551.970687287667,424
6,Other Civilizations,59673.71999343117,22549.72832719844,2068.969696969697,57604.750296461476,494
6,Other Western,4871.18831612549,2234.473127239664,1601.2173913043478,3269.970924821142,372
6,Sinic,304607.9421059494,134129.62052290418,3129.4270557029176,301478.5150502465,658
6,United States,146954.75129217678,63763.949399699806,1844.0637813211845,145110.68751085558,356
7,Anglosphere ex-US,68100.12815172224,30075.910701994915,3183.4920212765956,64916.636130445644,614
7,Continental Europe,195342.60652133566,83874.69630688605,3923.499485066941,191419.10703626872,781
7,Hindu,53333.21216410833,30144.09005806313,2248.8695652173915,51084.34259889094,536
7,Islamic,88397.7126708554,47070.89348926823,2254.7179487179487,86142.99472213745,571
7,Japanese,29276.785153320834,7358.406993617763,1792.6470588235293,27484.138094497306,424
7,Other Civilizations,59493.28793592746,22426.40791175714,2068.969696969697,57424.31823895776,494
7,Other Western,5002.953779583451,2280.775575516988,1601.2173913043478,3401.7363882791033,372
7,Sinic,302647.1050890015,132248.04977659954,3129.4270557029176,299517.6780332986,658
7,United States,147797.07889792294,64410.02296667816,1844.0637813211845,145953.01511660175,356
8,Anglosphere ex-US,67465.12697103983,29714.30434914797,3183.4920212765956,64281.63494976324,614
8,Continental Europe,194528.1336048467,82895.60302060546,3923.499485066941,190604.63411977974,781
8,Hindu,53274.74373808379,30057.86159669301,2248.8695652173915,51025.874172866395,536
8,Islamic,87067.81721474457,46196.89429805797,2254.7179487179487,84813.09926602662,571
8,Japanese,29544.479791658316,7480.826744203531,1792.6470588235293,27751.832732834788,424
8,Other Civilizations,59327.76927512429,22340.019753053282,2068.969696969697,57258.79957815459,494
8,Other Western,4568.621054355501,1989.5949248023578,1601.2173913043478,2967.4036630511528,372
8,Sinic,304204.28932154365,133270.98239279469,3129.4270557029176,301074.86226584075,658
8,United States,146075.88163467444,63272.76127470138,1844.0637813211845,144231.81785335325,356
9,Anglosphere ex-US,67454.33459054177,29804.56920080211,3183.4920212765956,64270.84256926517,614
9,Continental Europe,195327.2628010253,83736.65381554092,3923.499485066941,191403.76331595835,781
9,Hindu,53317.91042245183,30194.475286732035,2248.8695652173915,51069.04085723444,536
9,Islamic,87929.58981948986,46674.71962921688,2254.7179487179487,85674.87187077191,571
9,Japanese,29242.616419514434,7235.69973585376,1792.6470588235293,27449.969360690906,424
9,Other Civilizations,58710.31300091072,21868.879048749535,2068.969696969697,56641.34330394102,494
9,Other Western,5087.103240849015,2379.1526602468193,1601.2173913043478,3485.8858495446666,372
9,Sinic,303728.72917046363,133029.79264444773,3129.4270557029176,300599.30211476074,658
9,United States,146734.06373328427,63514.211073201535,1844.0637813211845,144889.99995196308,356
10,Anglosphere ex-US,67735.23011089375,29871.198001418867,3183.4920212765956,64551.73808961716,614
10,Continental Europe,194839.05038803894,83444.89235789975,3923.499485066941,190915.550902972,781
10,Hindu,53268.39754449646,30204.755965363976,2248.8695652173915,51019.52797927907,536
10,Islamic,88100.41118344967,46847.26389553891,2254.7179487179487,85845.69323473172,571
10,Japanese,29395.298146473113,7432.269765007326,1792.6470588235293,27602.651087649585,424
10,Other Civilizations,59902.472017471424,22773.877538433568,2068.969696969697,57833.50232050173,494
10,Other Western,4602.908864969791,2011.2126761030113,1601.2173913043478,3001.6914736654426,372
10,Sinic,304251.12078926165,133239.68217632186,3129.4270557029176,301121.69373355876,658
10,United States,146655.22477134698,63740.77581338297,1844.0637813211845,144811.1609900258,356
11,Anglosphere ex-US,68273.53775445934,30485.424002002812,3183.4920212765956,65090.04573318274,614
11,Continental Europe,195984.46033656783,84521.1656325564,3923.499485066941,192060.9608515009,781
11,Hindu,52870.62425563505,29613.083655446593,2248.8695652173915,50621.754690417656,536
11,Islamic,88370.28328994279,46974.65587192123,2254.7179487179487,86115.56534122484,571
11,Japanese,29425.847608549084,7411.392752120826,1792.6470588235293,27633.200549725556,424
11,Other Civilizations,58907.71623983743,22112.50964910761,2068.969696969697,56838.74654286773,494
11,Other Western,4831.004917013794,2145.951169815544,1601.2173913043478,3229.7875257094456,372
11,Sinic,300464.16911665065,130234.14310249362,3129.4270557029176,297334.74206094776,658
11,United States,146054.35011974451,63230.86439509794,1844.0637813211845,144210.28633842332,356
12,Anglosphere ex-US,66799.5294927262,29285.14757597845,3183.4920212765956,63616.03747144961,614
12,Continental Europe,195493.32696575922,83906.66112808303,3923.499485066941,191569.82748069227,781
12,Hindu,53674.88095301372,30387.04681981214,2248.8695652173915,51426.01138779633,536
12,Islamic,89043.94096869239,47839.4325599294,2254.7179487179487,86789.22301997444,571
12,Japanese,29561.653488654843,7492.126721585487,1792.6470588235293,27769.006429831315,424
12,Other Civilizations,59442.78099203801,22290.786938925,2068.969696969697,57373.81129506831,494
12,Other Western,4731.751727810173,2069.435633026805,1601.2173913043478,3130.534336505825,372
12,Sinic,304758.7665486771,133519.9040675429,3129.4270557029176,301629.3394929742,658
12,United States,146193.3117433447,63348.5016722338,1844.0637813211845,144349.2479620235,356
13,Anglosphere ex-US,67691.24605185387,29853.236004436905,3183.4920212765956,64507.75403057728,614
13,Continental Europe,194290.46036242467,82979.34340446327,3923.499485066941,190366.96087735772,781
13,Hindu,54290.45565276744,31032.481291057866,2248.8695652173915,52041.58608755005,536
13,Islamic,89334.98628387618,48096.96043375207,2254.7179487179487,87080.26833515822,571
13,Japanese,29268.431233569885,7301.950015540735,1792.6470588235293,27475.784174746357,424
13,Other Civilizations,58558.695639545025,21535.347056581024,2068.969696969697,56489.72594257533,494
13,Other Western,4614.232826009303,1980.7865912908037,1601.2173913043478,3013.0154347049547,372
13,Sinic,302793.3553486136,132781.6698390276,3129.4270557029176,299663.9282929107,658
13,United States,146653.90077978274,63550.39873229161,1844.0637813211845,144809.83699846154,356
14,Anglosphere ex-US,67460.21070276438,29891.754065305166,3183.4920212765956,64276.718681487786,614
14,Continental Europe,196101.93488649814,84320.51340534796,3923.499485066941,192178.4354014312,781
14,Hindu,52895.60732939293,29782.94684869521,2248.8695652173915,50646.73776417554,536
14,Islamic,89303.56865117002,48010.61638167906,2254.7179487179487,87048.85070245207,571
14,Japanese,29565.319078838762,7567.260971288178,1792.6470588235293,27772.672020015234,424
14,Other Civilizations,59233.534654027404,22110.291754145182,2068.969696969697,57164.56495705771,494
14,Other Western,4782.929219170316,2065.176642114888,1601.2173913043478,3181.711827865968,372
14,Sinic,303011.70490909566,132279.04039392146,3129.4270557029176,299882.27785339276,658
14,United States,147382.9755346204,64316.39121487845,1844.0637813211845,145538.9117532992,356
15,Anglosphere ex-US,67402.47168998151,29689.93281535371,3183.4920212765956,64218.97966870492,614
15,Continental Europe,194346.85913938924,83180.5390924481,3923.499485066941,190423.3596543223,781
15,Hindu,53072.96283343552,29809.923707233662,2248.8695652173915,50824.09326821813,536
15,Islamic,87912.34165195766,46776.07244389556,2254.7179487179487,85657.6237032397,571
15,Japanese,29698.834987721457,7643.934512344488,1792.6470588235293,27906.18792889793,424
15,Other Civilizations,59596.003797879355,22253.16644784513,2068.969696969697,57527.03410090966,494
15,Other Western,4802.102133266378,2105.443697928617,1601.2173913043478,3200.8847419620297,372
15,Sinic,303647.8569675169,132942.07850727456,3129.4270557029176,300518.429911814,658
15,United States,147323.73820767834,63848.800073400555,1844.0637813211845,145479.67442635715,356
16,Anglosphere ex-US,67711.68322193678,29963.41844098211,3183.4920212765956,64528.191200660185,614
16,Continental Europe,193718.9244130215,82317.77227554613,3923.499485066941,189795.42492795456,781
16,Hindu,53889.401873718525,30658.757173394755,2248.8695652173915,51640.53230850113,536
16,Islamic,89497.00567831632,48006.903406655976,2254.7179487179487,87242.28772959836,571
16,Japanese,29041.33560713039,7319.794521118468,1792.6470588235293,27248.68854830686,424
16,Other Civilizations,59334.501223146035,22383.344856671138,2068.969696969697,57265.53152617634,494
16,Other Western,4658.298429758469,1971.8743002928388,1601.2173913043478,3057.081038454121,372
16,Sinic,303605.9322939407,132762.83800756227,3129.4270557029176,300476.5052382378,658
16,United States,146306.24924374488,63288.93660293401,1844.0637813211845,144462.1854624237,356
17,Anglosphere ex-US,67688.81105285556,29971.00021724493,3183.4920212765956,64505.31903157896,614
17,Continental Europe,195243.30502166814,83368.72229161179,3923.499485066941,191319.8055366012,781
17,Hindu,53933.10161250626,30546.022247761997,2248.8695652173915,51684.23204728887,536
17,Islamic,88939.51504776857,47505.65543942536,2254.7179487179487,86684.79709905061,571
17,Japanese,29259.671464081843,7276.0911261997135,1792.6470588235293,27467.024405258315,424
17,Other Civilizations,59157.79220623424,22227.264860726198,2068.969696969697,57088.822509264544,494
17,Other Western,4985.135985157005,2287.2767698103,1601.2173913043478,3383.918593852657,372
17,Sinic,304377.5115058776,133424.28279378483,3129.4270557029176,301248.0844501747,658
17,United States,147240.07716565643,64021.94246636814,1844.0637813211845,145396.01338433524,356
18,Anglosphere ex-US,68176.87837058709,30336.740712531304,3183.4920212765956,64993.386349310495,614
18,Continental Europe,195160.02530038185,83455.82288759819,3923.499485066941,191236.5258153149,781
18,Hindu,53181.96847474848,30147.402055389,2248.8695652173915,50933.09890953109,536
18,Islamic,88211.07642483764,46921.44983382513,2254.7179487179487,85956.35847611968,571
18,Japanese,28971.351627585165,7147.835881294617,1792.6470588235293,27178.704568761637,424
18,Other Civilizations,60196.57641792773,22858.058369169616,2068.969696969697,58127.606720958036,494
18,Other Western,4852.8011961088205,2178.071903176072,1601.2173913043478,3251.5838048044725,372
18,Sinic,304171.9917150092,133095.6269500208,3129.4270557029176,301042.5646593063,658
18,United States,148163.75679874705,64839.418562837076,1844.0637813211845,146319.69301742586,356
19,Anglosphere ex-US,67937.59356974601,30167.19477437892,3183.4920212765956,64754.101548469414,614
19,Continental Europe,195723.55757232674,83782.81410588688,3923.499485066941,191800.0580872598,781
19,Hindu,53267.533023892654,30089.406403927922,2248.8695652173915,51018.66345867526,536
19,Islamic,88912.9012867788,47616.588590899664,2254.7179487179487,86658.18333806084,571
19,Japanese,28980.7686407151,7184.510485230763,1792.6470588235293,27188.121581891573,424
19,Other Civilizations,59341.21469363946,22343.03653008353,2068.969696969697,57272.24499666976,494
19,Other Western,4704.167574008467,2046.99068764571,1601.2173913043478,3102.9501827041195,372
19,Sinic,304187.5223878812,133182.42764924178,3129.4270557029176,301058.0953321783,658
19,United States,147182.21736312032,63955.506860637564,1844.0637813211845,145338.15358179912,356
20,Anglosphere ex-US,67925.60502486704,30074.77314359229,3183.4920212765956,64742.11300359044,614
20,Continental Europe,195519.19265545197,83721.01516052666,3923.499485066941,191595.69317038503,781
20,Hindu,53441.99772752072,30281.070059636957,2248.8695652173915,51193.12816230333,536
20,Islamic,88552.95099984683,47216.822264792565,2254.7179487179487,86298.23305112887,571
20,Japanese,29248.86869363684,7355.946394954229,1792.6470588235293,27456.22163481331,424
20,Other Civilizations,58992.64555875486,22071.48262935371,2068.969696969697,56923.67586178517,494
20,Other Western,4721.623646663114,2105.4263908648977,1601.2173913043478,3120.4062553587664,372
20,Sinic,304613.71349967486,133506.88195880636,3129.4270557029176,301484.28644397197,658
20,United States,145944.3933559236,63129.2632864137,1844.0637813211845,144100.3295746024,356
21,Anglosphere ex-US,67936.2369699735,30236.981849721928,3183.4920212765956,64752.744948696905,614
21,Continental Europe,197215.41329622688,85141.83471830258,3923.499485066941,193291.91381115993,781
21,Hindu,52580.13221532256,29566.86408286592,2248.8695652173915,50331.26265010517,536
21,Islamic,88878.55793046189,47666.31863325735,2254.7179487179487,86623.83998174393,571
21,Japanese,29406.496971498116,7506.9568343778155,1792.6470588235293,27613.84991267459,424
21,Other Civilizations,59631.84978484859,22619.254906696915,2068.969696969697,57562.8800878789,494
21,Other Western,4840.803667728815,2196.4685921517416,1601.2173913043478,3239.5862764244666,372
21,Sinic,305507.2810509154,134136.5814754078,3129.4270557029176,302377.8539952125,658
21,United States,146904.54085270094,63776.766187971596,1844.0637813211845,145060.47707137975,356
22,Anglosphere ex-US,67924.87354602985,30257.585348238787,3183.4920212765956,64741.381524753255,614
22,Continental Europe,194687.93235665833,83218.8547733205,3923.499485066941,190764.4328715914,781
22,Hindu,54581.5391928505,31301.243742222792,2248.8695652173915,52332.669627633106,536
22,Islamic,87889.2228160826,46652.33773930376,2254.7179487179487,85634.50486736465,571
22,Japanese,29473.15627523346,7426.626962572522,1792.6470588235293,27680.509216409933,424
22,Other Civilizations,59294.220812428975,22187.24882796661,2068.969696969697,57225.25111545928,494
22,Other Western,4827.885699613518,2189.0172200294837,1601.2173913043478,3226.6683083091702,372
22,Sinic,305266.1682041387,134375.788592247,3129.4270557029176,302136.7411484358,658
22,United States,146157.11461195085,63444.46155013831,1844.0637813211845,144313.05083062965,356
23,Anglosphere ex-US,67584.63009791239,29924.9262617883,3183.4920212765956,64401.1380766358,614
23,Continental Europe,195061.72373974277,83212.06803717784,3923.499485066941,191138.22425467582,781
23,Hindu,53048.69102994619,29925.81570982329,2248.8695652173915,50799.8214647288,536
23,Islamic,88360.62038599326,47219.93380158342,2254.7179487179487,86105.9024372753,571
23,Japanese,29623.123278242267,7569.103634523037,1792.6470588235293,27830.47621941874,424
23,Other Civilizations,58803.750801817834,22013.79266498941,2068.969696969697,56734.78110484814,494
23,Other Western,4911.722149415998,2240.532012846285,1601.2173913043478,3310.5047581116496,372
23,Sinic,305052.9134205672,134198.46341239027,3129.4270557029176,301923.4863648643,658
23,United States,146690.39534876915,63484.20912301644,1844.0637813211845,144846.33156744795,356
24,Anglosphere ex-US,67262.26619877155,29584.262786442585,3183.4920212765956,64078.77417749496,614
24,Continental Europe,195022.75071278075,83716.69245848786,3923.499485066941,191099.2512277138,781
24,Hindu,53718.50629101839,30761.120281654545,2248.8695652173915,51469.636725801,536
24,Islamic,88562.17761200157,47414.39632720502,2254.7179487179487,86307.45966328362,571
24,Japanese,29469.62111531237,7550.764859642255,1792.6470588235293,27676.97405648884,424
24,Other Civilizations,59166.52138418477,22201.17299930354,2068.969696969697,57097.55168721508,494
24,Other Western,4839.533545714447,2239.659916925504,1601.2173913043478,3238.3161544100994,372
24,Sinic,304019.3490227341,132862.93092372487,3129.4270557029176,300889.9219670312,658
24,United States,147273.0914833142,64086.32195664019,1844.0637813211845,145429.027701993,356
25,Anglosphere ex-US,66184.5546406623,28713.509801158245,3183.4920212765956,63001.06261938571,614
25,Continental Europe,195696.59352086307,83980.85684386367,3923.499485066941,191773.09403579612,781
25,Hindu,52756.28267209618,29425.899210292704,2248.8695652173915,50507.41310687879,536
25,Islamic,88472.21118212341,47192.091969433895,2254.7179487179487,86217.49323340546,571
25,Japanese,29802.09806070852,7667.379875282571,1792.6470588235293,28009.45100188499,424
25,Other Civilizations,58806.922061347344,21878.360411204016,2068.969696969697,56737.95236437765,494
25,Other Western,4798.85981721388,2114.579159665742,1601.2173913043478,3197.642425909532,372
25,Sinic,303660.6232973499,132976.12999189046,3129.4270557029176,300531.196241647,658
25,United States,147747.8181047273,64590.38405899011,1844.0637813211845,145903.75432340612,356
26,Anglosphere ex-US,67582.46607993865,29831.245872228897,3183.4920212765956,64398.974058662054,614
26,Continental Europe,194886.95782865025,83492.70236668445,3923.499485066941,190963.4583435833,781
26,Hindu,53535.58242484907,30452.33004923128,2248.8695652173915,51286.712859631676,536
26,Islamic,88751.39755429323,47308.166186276554,2254.7179487179487,86496.67960557528,571
26,Japanese,29163.576897433806,7205.637367603532,1792.6470588235293,27370.92983861028,424
26,Other Civilizations,59409.794642869776,22215.149582873484,2068.969696969697,57340.82494590008,494
26,Other Western,4635.390038389207,2044.9458432836955,1601.2173913043478,3034.172647084859,372
26,Sinic,305566.56930793857,134379.9358097985,3129.4270557029176,302437.1422522357,658
26,United States,146628.40545258383,63323.009856008255,1844.0637813211845,144784.34167126263,356
27,Anglosphere ex-US,67766.75485146989,30050.61470522556,3183.4920212765956,64583.26283019329,614
27,Continental Europe,194151.25395709407,82882.14264067236,3923.499485066941,190227.75447202713,781
27,Hindu,53120.98195869983,29996.491786512546,2248.8695652173915,50872.112393482435,536
27,Islamic,88423.3965684855,47269.68604686746,2254.7179487179487,86168.67861976755,571
27,Japanese,29566.416665014534,7493.871680674276,1792.6470588235293,27773.769606191006,424
27,Other Civilizations,59569.60921911285,22433.616856740853,2068.969696969697,57500.63952214315,494
27,Other Western,4945.255075385025,2262.641531845366,1601.2173913043478,3344.0376840806766,372
27,Sinic,302707.52972868807,131618.95497214675,3129.4270557029176,299578.1026729852,658
27,United States,146233.1072079215,63306.625346312416,1844.0637813211845,144389.0434266003,356
28,Anglosphere ex-US,67671.78972880205,30035.848123612926,3183.4920212765956,64488.29770752545,614
28,Continental Europe,195412.3911235415,83774.4776886084,3923.499485066941,191488.89163847457,781
28,Hindu,52949.45973446653,29728.362679216945,2248.8695652173915,50700.59016924914,536
28,Islamic,87853.17143075363,46875.55315181857,2254.7179487179487,85598.45348203568,571
28,Japanese,29532.437623429763,7497.1732804635785,1792.6470588235293,27739.790564606235,424
28,Other Civilizations,59332.20098163207,22282.578075946505,2068.969696969697,57263.231284662375,494
28,Other Western,5027.78745083764,2359.8807200127503,1601.2173913043478,3426.570059533292,372
28,Sinic,305399.81001088023,134226.15403130188,3129.4270557029176,302270.38295517734,658
28,United States,148651.24613027184,65055.046473607035,1844.0637813211845,146807.18234895065,356
29,Anglosphere ex-US,67331.98792532523,29672.13796569083,3183.4920212765956,64148.495904048636,614
29,Continental Europe,194537.4249774394,83209.02891526792,3923.499485066941,190613.92549237245,781
29,Hindu,52129.413075119606,28896.48039393404,2248.8695652173915,49880.543509902214,536
29,Islamic,88300.46294855919,47301.88891998187,2254.7179487179487,86045.74499984123,571
29,Japanese,29553.917350702846,7373.478190447609,1792.6470588235293,27761.27029187932,424
29,Other Civilizations,59320.85213043084,22417.42426685524,2068.969696969697,57251.88243346114,494
29,Other Western,4779.184836904678,2124.0737472650358,1601.2173913043478,3177.9674456003304,372
29,Sinic,304471.78274022276,134097.9267449395,3129.4270557029176,301342.35568451986,658
29,United States,147386.2087552641,64393.44678934522,1844.0637813211845,145542.1449739429,356
30,Anglosphere ex-US,68453.41435833063,30475.27048472244,3183.4920212765956,65269.922337054035,614
30,Continental Europe,195396.2949495667,83493.71743661506,3923.499485066941,191472.79546449977,781
30,Hindu,52092.06182043369,29115.343924724093,2248.8695652173915,49843.1922552163,536
30,Islamic,88150.84570856352,46770.84471451917,2254.7179487179487,85896.12775984556,571
30,Japanese,29420.844392770952,7406.759047842214,1792.6470588235293,27628.197333947424,424
30,Other Civilizations,59537.89480495246,22505.960931515016,2068.969696969697,57468.925107982766,494
30,Other Western,4667.310111650679,2016.3250932064423,1601.2173913043478,3066.0927203463307,372
30,Sinic,303135.9969065641,132341.14368376596,3129.4270557029176,300006.5698508612,658
30,United States,146116.97028217954,63034.78439519326,1844.0637813211845,144272.90650085834,356
31,Anglosphere ex-US,67505.851435137,29874.819153633074,3183.4920212765956,64322.3594138604,614
31,Continental Europe,195809.2778101777,84041.84768934468,3923.499485066941,191885.77832511076,781
31,Hindu,54295.169578423425,30916.447667701505,2248.8695652173915,52046.30001320603,536
31,Islamic,89110.99836104538,47850.62388589008,2254.7179487179487,86856.28041232743,571
31,Japanese,29589.287412684476,7507.667737449285,1792.6470588235293,27796.64035386095,424
31,Other Civilizations,58340.11642329047,21508.78082272207,2068.969696969697,56271.146726320774,494
31,Other Western,4743.524283035213,2074.681751499343,1601.2173913043478,3142.3068917308647,372
31,Sinic,305513.8021093296,134181.70578963854,3129.4270557029176,302384.3750536267,658
31,United States,146369.50593121175,63517.287563046746,1844.0637813211845,144525.44214989056,356
32,Anglosphere ex-US,67624.12280729883,29952.289663620184,3183.4920212765956,64440.63078602224,614
32,Continental Europe,193966.00090482095,82769.83761889856,3923.499485066941,190042.501419754,781
32,Hindu,53907.499587057566,30608.256740722096,2248.8695652173915,51658.630021840174,536
32,Islamic,88337.06700335612,47290.96316609345,2254.7179487179487,86082.34905463817,571
32,Japanese,29333.647514609027,7407.149323733258,1792.6470588235293,27541.0004557855,424
32,Other Civilizations,59504.802876804286,22249.61682239096,2068.969696969697,57435.83317983459,494
32,Other Western,5020.356260860002,2284.717912400609,1601.2173913043478,3419.1388695556543,372
32,Sinic,303565.06498342473,133672.51638176903,3129.4270557029176,300435.63792772184,658
32,United States,146808.24483406288,63897.5897467463,1844.0637813211845,144964.18105274168,356
33,Anglosphere ex-US,68020.4757025335,30224.703110387585,3183.4920212765956,64836.983681256905,614
33,Continental Europe,195297.0899735606,83420.3764130713,3923.499485066941,191373.59048849365,781
33,Hindu,52743.35220293485,29514.304440292286,2248.8695652173915,50494.48263771746,536
33,Islamic,89129.8058858618,47582.03870780859,2254.7179487179487,86875.08793714385,571
33,Japanese,29745.709207064865,7662.518223651299,1792.6470588235293,27953.062148241337,424
33,Other Civilizations,59328.67391287739,22222.148689763173,2068.969696969697,57259.704215907695,494
33,Other Western,4804.7442656907015,2125.3943905177102,1601.2173913043478,3203.5268743863535,372
33,Sinic,303936.0298045693,132901.61845612686,3129.4270557029176,300806.6027488664,658
33,United States,146241.82304954936,63452.622468651316,1844.0637813211845,144397.75926822817,356
34,Anglosphere ex-US,67558.56218245435,29719.548081779252,3183.4920212765956,64375.070161177755,614
34,Continental Europe,194523.51837020853,83348.38103138458,3923.499485066941,190600.0188851416,781
34,Hindu,53630.838055244894,30462.6827362444,2248.8695652173915,51381.9684900275,536
34,Islamic,88345.2837215563,47216.73574486475,2254.7179487179487,86090.56577283835,571
34,Japanese,28855.38873824153,7054.760851135332,1792.6470588235293,27062.741679418003,424
34,Other Civilizations,59268.72381278636,22280.763149439474,2068.969696969697,57199.754115816664,494
34,Other Western,5073.961547667479,2369.8209608426896,1601.2173913043478,3472.744156363131,372
34,Sinic,302224.9613111513,132116.91263623282,3129.4270557029176,299095.5342554484,658
34,United States,146396.24227970612,63626.844293698465,1844.0637813211845,144552.17849838492,356
35,Anglosphere ex-US,67267.55551881793,29752.061837653637,3183.4920212765956,64084.063497541334,614
35,Continental Europe,195430.58922563493,83619.36453046404,3923.499485066941,191507.089740568,781
35,Hindu,53395.38170336443,30266.231639169102,2248.8695652173915,51146.51213814704,536
35,Islamic,88754.5266293718,47580.16054165531,2254.7179487179487,86499.80868065385,571
35,Japanese,29113.699257308952,7218.369210111834,1792.6470588235293,27321.052198485424,424
35,Other Civilizations,59514.09373455303,22434.001396452622,2068.969696969697,57445.12403758334,494
35,Other Western,4947.111416257716,2256.058512560125,1601.2173913043478,3345.894024953368,372
35,Sinic,302308.0830847394,131642.7441365255,3129.4270557029176,299178.6560290365,658
35,United States,147509.38500296444,64152.70174034873,1844.0637813211845,145665.32122164324,356
36,Anglosphere ex-US,67203.40467298547,29513.065372515244,3183.4920212765956,64019.91265170888,614
36,Continental Europe,194502.77427626695,82918.84446581635,3923.499485066941,190579.2747912,781
36,Hindu,54430.94260333067,31096.82493819324,2248.8695652173915,52182.07303811328,536
36,Islamic,89460.89354713603,48109.50622648263,2254.7179487179487,87206.17559841808,571
36,Japanese,29861.02467245519,7670.7871490693315,1792.6470588235293,28068.377613631663,424
36,Other Civilizations,59507.183356417365,22485.73032146757,2068.969696969697,57438.21365944767,494
36,Other Western,4847.979627916753,2238.995855401093,1601.2173913043478,3246.762236612405,372
36,Sinic,304066.35659579304,132780.73420994674,3129.4270557029176,300936.92954009015,658
36,United States,146820.44816398266,63626.83685413671,1844.0637813211845,144976.38438266146,356
37,Anglosphere ex-US,67100.064392108,29430.123533978032,3183.4920212765956,63916.57237083141,614
37,Continental Europe,194419.5552466191,82732.2085708647,3923.499485066941,190496.05576155215,781
37,Hindu,52246.67648665793,29184.811365481808,2248.8695652173915,49997.80692144054,536
37,Islamic,88961.44143644714,47712.291097465444,2254.7179487179487,86706.72348772919,571
37,Japanese,29417.064179579404,7359.317110198604,1792.6470588235293,27624.417120755876,424
37,Other Civilizations,59281.32658123488,22342.618249894625,2068.969696969697,57212.35688426519,494
37,Other Western,4738.21417200756,2065.590008806255,1601.2173913043478,3136.9967807032117,372
37,Sinic,303442.9479915523,132353.9085598254,3129.4270557029176,300313.5209358494,658
37,United States,146584.19296995146,63572.099238763454,1844.0637813211845,144740.12918863026,356
38,Anglosphere ex-US,66910.66072455687,29327.810713899344,3183.4920212765956,63727.16870328028,614
38,Continental Europe,194922.2553310974,83437.1660714299,3923.499485066941,190998.75584603046,781
38,Hindu,53818.281304812816,30716.5123933355,2248.8695652173915,51569.41173959542,536
38,Islamic,88564.47097716278,47010.40869779518,2254.7179487179487,86309.75302844483,571
38,Japanese,29590.118645279443,7475.691343870825,1792.6470588235293,27797.471586455915,424
38,Other Civilizations,59476.9226400248,22347.55130009224,2068.969696969697,57407.952943055105,494
38,Other Western,4557.320974758311,1977.919555860463,1601.2173913043478,2956.1035834539634,372
38,Sinic,302069.76709442725,131810.17404615248,3129.4270557029176,298940.34003872436,658
38,United States,147336.02117740246,64215.91291336347,1844.0637813211845,145491.95739608127,356
39,Anglosphere ex-US,67798.88901394953,30097.387681441727,3183.4920212765956,64615.39699267294,614
39,Continental Europe,195362.35142179643,83554.17372069016,3923.499485066941,191438.85193672948,781
39,Hindu,53205.94677713978,30140.595712598035,2248.8695652173915,50957.07721192239,536
39,Islamic,88782.76409807996,47665.516299584255,2254.7179487179487,86528.04614936201,571
39,Japanese,29187.146976024997,7165.3830943747225,1792.6470588235293,27394.49991720147,424
39,Other Civilizations,58389.46006605298,21551.532467122986,2068.969696969697,56320.49036908329,494
39,Other Western,4683.388351847909,2041.668792882744,1601.2173913043478,3082.170960543561,372
39,Sinic,301995.6654273348,131113.98033733846,3129.4270557029176,298866.2383716319,658
39,United States,146947.2895421123,63825.0056363289,1844.0637813211845,145103.2257607911,356
40,Anglosphere ex-US,66695.90058685828,29152.151615190545,3183.4920212765956,63512.40856558168,614
40,Continental Europe,194570.09528156737,82969.99139577223,3923.499485066941,190646.59579650042,781
40,Hindu,53703.06392318891,30423.671283746782,2248.8695652173915,51454.194357971515,536
40,Islamic,87401.19423651708,46260.93477291825,2254.7179487179487,85146.47628779913,571
40,Japanese,29149.996532374644,7193.573376292049,1792.6470588235293,27357.349473551116,424
40,Other Civilizations,59521.77657947887,22508.798922746522,2068.969696969697,57452.806882509176,494
40,Other Western,4898.409125505361,2209.5615909018043,1601.2173913043478,3297.191734201013,372
40,Sinic,303590.50344800384,132812.19322133934,3129.4270557029176,300461.07639230095,658
40,United States,146094.82002659596,63133.81331751373,1844.0637813211845,144250.75624527477,356
41,Anglosphere ex-US,67686.80059569888,30079.34642999005,3183.4920212765956,64503.308574422284,614
41,Continental Europe,195666.36834430747,83919.56284587638,3923.499485066941,191742.86885924052,781
41,Hindu,53388.77888114967,30292.10224506359,2248.8695652173915,51139.90931593228,536
41,Islamic,88219.99156063759,46823.07942951451,2254.7179487179487,85965.27361191963,571
41,Japanese,29144.43456665222,7234.6824237932615,1792.6470588235293,27351.787507828692,424
41,Other Civilizations,59492.857918775175,22302.411299242533,2068.969696969697,57423.88822180548,494
41,Other Western,4777.49567553785,2087.6110641972577,1601.2173913043478,3176.278284233502,372
41,Sinic,302646.1563942578,131984.67031970984,3129.4270557029176,299516.7293385549,658
41,United States,147252.05923268016,63949.43585644001,1844.0637813211845,145407.99545135896,356
42,Anglosphere ex-US,67175.91079522391,29394.653716888744,3183.4920212765956,63992.41877394732,614
42,Continental Europe,195592.84257505485,84000.01718081222,3923.499485066941,191669.3430899879,781
42,Hindu,53471.836174818396,30362.122643992603,2248.8695652173915,51222.966609601004,536
42,Islamic,89186.2388290962,47899.13745464251,2254.7179487179487,86931.52088037824,571
42,Japanese,29289.095455481325,7190.9967370136665,1792.6470588235293,27496.448396657797,424
42,Other Civilizations,59534.155555492536,22397.96053638647,2068.969696969697,57465.18585852284,494
42,Other Western,4494.610340200123,1879.713493680662,1601.2173913043478,2893.3929488957747,372
42,Sinic,303120.2120788986,133023.60668809756,3129.4270557029176,299990.7850231957,658
42,United States,145800.38013155063,63034.29038832911,1844.0637813211845,143956.31635022943,356
43,Anglosphere ex-US,67621.55419252018,29680.972972525793,3183.4920212765956,64438.06217124359,614
43,Continental Europe,195479.57496650948,83687.11125468188,3923.499485066941,191556.07548144253,781
43,Hindu,53576.86904036933,30442.441556572994,2248.8695652173915,51327.99947515194,536
43,Islamic,89238.05851754846,48049.25566412568,2254.7179487179487,86983.3405688305,571
43,Japanese,29611.682681906812,7640.094690644163,1792.6470588235293,27819.035623083284,424
43,Other Civilizations,59155.41094799062,22259.354030502007,2068.969696969697,57086.44125102092,494
43,Other Western,4769.270339353925,2087.388889151191,1601.2173913043478,3168.052948049577,372
43,Sinic,307510.57723904256,135675.17526258377,3129.4270557029176,304381.15018333966,658
43,United States,147051.76397206535,64031.33107332886,1844.0637813211845,145207.70019074416,356
44,Anglosphere ex-US,66889.5124869828,29276.09542889862,3183.4920212765956,63706.020465706206,614
44,Continental Europe,196046.86108533887,84099.75027302068,3923.499485066941,192123.36160027192,781
44,Hindu,53691.48040965627,30394.97875665479,2248.8695652173915,51442.61084443888,536
44,Islamic,88688.09539337133,47517.07259394561,2254.7179487179487,86433.37744465338,571
44,Japanese,29271.425150957606,7410.266496366197,1792.6470588235293,27478.778092134078,424
44,Other Civilizations,59268.38007413136,22204.297525889702,2068.969696969697,57199.410377161665,494
44,Other Western,4657.885039354676,1987.4654845488144,1601.2173913043478,3056.6676480503284,372
44,Sinic,304877.3528609524,134369.50676103088,3129.4270557029176,301747.9258052495,658
44,United States,147905.9398595701,64617.4526716692,1844.0637813211845,146061.8760782489,356
45,Anglosphere ex-US,67513.39791239327,29744.59343312651,3183.4920212765956,64329.90589111667,614
45,Continental Europe,195499.5833817795,83624.11981762087,3923.499485066941,191576.08389671255,781
45,Hindu,53242.10458548926,29944.912920544837,2248.8695652173915,50993.235020271866,536
45,Islamic,89698.30485934357,48384.17722779439,2254.7179487179487,87443.58691062561,571
45,Japanese,29399.304539690387,7382.189625589378,1792.6470588235293,27606.65748086686,424
45,Other Civilizations,59585.24398900381,22581.006437427182,2068.969696969697,57516.27429203411,494
45,Other Western,4631.338033405377,1994.4820255335424,1601.2173913043478,3030.1206421010293,372
45,Sinic,304612.82498810324,133251.26810464403,3129.4270557029176,301483.39793240034,658
45,United States,147672.1331987586,64500.845206028476,1844.0637813211845,145828.0694174374,356
46,Anglosphere ex-US,66699.77516874034,29129.84731405426,3183.4920212765956,63516.28314746374,614
46,Continental Europe,194744.70361384843,83389.61295953402,3923.499485066941,190821.20412878148,781
46,Hindu,52601.613305677616,29333.195127540486,2248.8695652173915,50352.743740460224,536
46,Islamic,88741.40205405785,47217.5164165764,2254.7179487179487,86486.6841053399,571
46,Japanese,29526.507051579007,7528.023101454999,1792.6470588235293,27733.85999275548,424
46,Other Civilizations,60228.397056831345,22891.101360598004,2068.969696969697,58159.42735986165,494
46,Other Western,4714.970618915896,2056.8555836224814,1601.2173913043478,3113.753227611548,372
46,Sinic,303874.39598526433,132772.50594560313,3129.4270557029176,300744.96892956144,658
46,United States,147642.12575180686,64319.73130093708,1844.0637813211845,145798.06197048567,356
47,Anglosphere ex-US,67260.2373213194,29619.599974150446,3183.4920212765956,64076.7453000428,614
47,Continental Europe,194781.52750054764,82914.45025679475,3923.499485066941,190858.0280154807,781
47,Hindu,53052.82825654333,29649.129334166126,2248.8695652173915,50803.95869132594,536
47,Islamic,89794.87739059365,48406.58928282043,2254.7179487179487,87540.1594418757,571
47,Japanese,29198.23859373886,7330.528294943511,1792.6470588235293,27405.591534915333,424
47,Other Civilizations,59093.025253546024,21950.616154082898,2068.969696969697,57024.05555657633,494
47,Other Western,4841.507036821144,2178.8584144027545,1601.2173913043478,3240.2896455167956,372
47,Sinic,304300.91380063724,133552.7335747066,3129.4270557029176,301171.48674493434,658
47,United States,148897.2228934792,65270.32164052429,1844.0637813211845,147053.159112158,356
48,Anglosphere ex-US,67989.92051704503,30185.244319222376,3183.4920212765956,64806.428495768436,614
48,Continental Europe,195969.50083268556,84147.97063794818,3923.499485066941,192046.0013476186,781
48,Hindu,53871.574154105634,30502.38728792234,2248.8695652173915,51622.70458888824,536
48,Islamic,87794.37588127622,46628.37856893573,2254.7179487179487,85539.65793255827,571
48,Japanese,29294.471018763747,7386.3140059360685,1792.6470588235293,27501.82395994022,424
48,Other Civilizations,59095.640273555466,21970.641494910145,2068.969696969697,57026.67057658577,494
48,Other Western,4849.540660430812,2162.845586105183,1601.2173913043478,3248.323269126464,372
48,Sinic,303035.49107137934,132158.32219735126,3129.4270557029176,299906.06401567644,658
48,United States,146713.63208267896,63838.05073371767,1844.0637813211845,144869.56830135777,356
49,Anglosphere ex-US,67150.90908007185,29472.414423618855,3183.4920212765956,63967.41705879526,614
49,Continental Europe,194648.13237432786,83035.88772268618,3923.499485066941,190724.63288926092,781
49,Hindu,53495.74757720834,30438.40139023502,2248.8695652173915,51246.87801199095,536
49,Islamic,88688.7105363358,47451.91995008823,2254.7179487179487,86433.99258761785,571
49,Japanese,29183.850844885605,7134.76141171757,1792.6470588235293,27391.203786062077,424
49,Other Civilizations,59818.40705108325,22772.01141524609,2068.969696969697,57749.43735411356,494
49,Other Western,4829.906370114146,2150.416684314926,1601.2173913043478,3228.688978809798,372
49,Sinic,304612.6484452009,133798.2050583797,3129.4270557029176,301483.221389498,658
49,United States,147528.02068455092,64229.531393869605,1844.0637813211845,145683.95690322973,356
50,Anglosphere ex-US,67209.27195882247,29726.607919277514,3183.4920212765956,64025.77993754588,614
50,Continental Europe,196025.1401727165,84522.98382163403,3923.499485066941,192101.64068764955,781
50,Hindu,53307.81669799567,30028.46068273414,2248.8695652173915,51058.94713277828,536
50,Islamic,88834.80271614424,47524.24532573426,2254.7179487179487,86580.08476742629,571
50,Japanese,29338.20282915298,7358.799291592598,1792.6470588235293,27545.55577032945,424
50,Other Civilizations,59025.96662179609,22046.86483431737,2068.969696969697,56956.996924826395,494
50,Other Western,4811.7734834132625,2150.745962225726,1601.2173913043478,3210.5560921089145,372
50,Sinic,303220.4084353377,132650.8902985541,3129.4270557029176,300090.9813796348,658
50,United States,147308.54897315416,64088.98910069899,1844.0637813211845,145464.48519183297,356
51,Anglosphere ex-US,68046.11283549068,30256.2493105628,3183.4920212765956,64862.62081421409,614
51,Continental Europe,194335.98810145224,82711.90810732113,3923.499485066941,190412.4886163853,781
51,Hindu,53733.13165539447,30534.86430114405,2248.8695652173915,51484.26209017708,536
51,Islamic,87406.26450482085,46315.64862412932,2254.7179487179487,85151.5465561029,571
51,Japanese,29419.49856335919,7491.8282785532465,1792.6470588235293,27626.85150453566,424
51,Other Civilizations,58961.37912364403,22105.629998154644,2068.969696969697,56892.409426674334,494
51,Other Western,4748.110932606085,2071.2598320493667,1601.2173913043478,3146.893541301737,372
51,Sinic,301950.0978497509,131468.26264494902,3129.4270557029176,298820.670794048,658
51,United States,146431.04999240302,63701.56614662956,1844.0637813211845,144586.98621108182,356
52,Anglosphere ex-US,67210.36941080749,29564.30917896585,3183.4920212765956,64026.87738953089,614
52,Continental Europe,196202.95784387353,84096.37243273514,3923.499485066941,192279.4583588066,781
52,Hindu,54508.00508970941,31027.34785167054,2248.8695652173915,52259.13552449202,536
52,Islamic,88027.14486704454,46634.85738423838,2254.7179487179487,85772.42691832659,571
52,Japanese,28994.14715994976,7171.397340893041,1792.6470588235293,27201.500101126232,424
52,Other Civilizations,59665.03625980008,22460.205070311196,2068.969696969697,57596.06656283038,494
52,Other Western,5040.01619555888,2300.36462951016,1601.2173913043478,3438.798804254532,372
52,Sinic,303333.42736532015,132395.01346948542,3129.4270557029176,300204.00030961726,658
52,United States,147524.62009130383,64474.4492166593,1844.0637813211845,145680.55630998264,356
53,Anglosphere ex-US,67387.70364570538,29574.31658420418,3183.4920212765956,64204.21162442878,614
53,Continental Europe,195024.13531636796,83391.65981313602,3923.499485066941,191100.635831301,781
53,Hindu,53271.49080622755,30100.333837933293,2248.8695652173915,51022.62124101016,536
53,Islamic,87395.97787168444,46156.09477904889,2254.7179487179487,85141.25992296649,571
53,Japanese,29555.069889020408,7570.676796874724,1792.6470588235293,27762.42283019688,424
53,Other Civilizations,59765.94207326609,22367.276536626014,2068.969696969697,57696.97237629639,494
53,Other Western,5017.614296157948,2351.5130250397633,1601.2173913043478,3416.3969048536,372
53,Sinic,304660.9403511132,134322.79481381358,3129.4270557029176,301531.5132954103,658
53,United States,146861.7340742504,63658.818492918486,1844.0637813211845,145017.6702929292,356
54,Anglosphere ex-US,67886.75631016001,30006.94891358362,3183.4920212765956,64703.264288883416,614
54,Continental Europe,194977.9676205892,83314.8017157192,3923.499485066941,191054.46813552224,781
54,Hindu,53250.63118984124,29960.199206789286,2248.8695652173915,51001.76162462385,536
54,Islamic,90063.63814662123,48594.033304684715,2254.7179487179487,87808.92019790328,571
54,Japanese,29183.185430504873,7286.199748292413,1792.6470588235293,27390.538371681345,424
54,Other Civilizations,59459.957548869585,22601.57616707057,2068.969696969697,57390.98785189989,494
54,Other Western,4926.435667725595,2224.6719316297053,1601.2173913043478,3325.2182764212466,372
54,Sinic,304156.6175318612,133694.00659311152,3129.4270557029176,301027.1904761583,658
54,United States,146107.84167112803,62894.422637894015,1844.0637813211845,144263.77788980684,356
55,Anglosphere ex-US,67586.19365757096,29912.092446564853,3183.4920212765956,64402.70163629436,614
55,Continental Europe,194604.5896095795,83043.62240420547,3923.499485066941,190681.09012451256,781
55,Hindu,52947.66566380963,29766.274281284204,2248.8695652173915,50698.79609859224,536
55,Islamic,87859.05240241926,46821.155830203425,2254.7179487179487,85604.3344537013,571
55,Japanese,29148.83046252567,7240.674099656097,1792.6470588235293,27356.183403702144,424
55,Other Civilizations,59568.43597246613,22386.988448440894,2068.969696969697,57499.46627549644,494
55,Other Western,5047.647197190003,2383.8195462928684,1601.2173913043478,3446.429805885655,372
55,Sinic,303162.64013746654,132939.8541220334,3129.4270557029176,300033.21308176365,658
55,United States,146375.08970211475,63265.70706803359,1844.0637813211845,144531.02592079356,356
56,Anglosphere ex-US,67116.42726513355,29456.030190232184,3183.4920212765956,63932.935243856955,614
56,Continental Europe,193990.2850349494,83050.87917814215,3923.499485066941,190066.78554988245,781
56,Hindu,53965.802883849625,30651.112604491518,2248.8695652173915,51716.93331863223,536
56,Islamic,91367.40960868611,49736.86211471238,2254.7179487179487,89112.69165996816,571
56,Japanese,29211.140834964324,7291.228760075808,1792.6470588235293,27418.493776140796,424
56,Other Civilizations,59619.24715103068,22325.02496768596,2068.969696969697,57550.27745406098,494
56,Other Western,4884.578998418374,2235.385855500482,1601.2173913043478,3283.361607114026,372
56,Sinic,303674.64563254797,132783.4178077504,3129.4270557029176,300545.2185768451,658
56,United States,146378.7794767475,63418.36059615536,1844.0637813211845,144534.7156954263,356
57,Anglosphere ex-US,67237.43256778669,29505.10020260443,3183.4920212765956,64053.94054651009,614
57,Continental Europe,194551.9514238566,82930.91062254038,3923.499485066941,190628.45193878966,781
57,Hindu,52403.551277016886,29346.24804726645,2248.8695652173915,50154.681711799494,536
57,Islamic,89595.47352123127,48315.2409944216,2254.7179487179487,87340.75557251331,571
57,Japanese,29389.586198591074,7455.436232670224,1792.6470588235293,27596.939139767546,424
57,Other Civilizations,59017.89693528771,22191.489166942898,2068.969696969697,56948.927238318014,494
57,Other Western,4802.430147711873,2144.277088607649,1601.2173913043478,3201.2127564075254,372
57,Sinic,304706.89538183087,133711.55771103714,3129.4270557029176,301577.468326128,658
57,United States,146564.80889984174,63696.9725070798,1844.0637813211845,144720.74511852054,356
58,Anglosphere ex-US,67673.37377520293,29871.52587107548,3183.4920212765956,64489.88175392633,614
58,Continental Europe,194069.04203683644,82383.11985148647,3923.499485066941,190145.5425517695,781
58,Hindu,53734.56084436046,30398.750356493303,2248.8695652173915,51485.691279143066,536
58,Islamic,88303.61008679583,47335.73654823742,2254.7179487179487,86048.89213807788,571
58,Japanese,29290.4666262626,7357.842119612126,1792.6470588235293,27497.819567439074,424
58,Other Civilizations,58751.705133518495,21716.398436532338,2068.969696969697,56682.7354365488,494
58,Other Western,4909.28143623138,2240.0857164017657,1601.2173913043478,3308.0640449270322,372
58,Sinic,305295.058873199,134010.84093489003,3129.4270557029176,302165.6318174961,658
58,United States,146585.21862703084,63561.75899193819,1844.0637813211845,144741.15484570965,356
59,Anglosphere ex-US,67307.9321070597,29562.594767406717,3183.4920212765956,64124.44008578311,614
59,Continental Europe,195815.25127017146,84009.27165418537,3923.499485066941,191891.7517851045,781
59,Hindu,53189.32725467971,29957.39717479646,2248.8695652173915,50940.45768946232,536
59,Islamic,87728.86368201458,46455.290693532304,2254.7179487179487,85474.14573329662,571
59,Japanese,29241.707566320354,7406.277050767955,1792.6470588235293,27449.060507496826,424
59,Other Civilizations,59837.59845926114,22845.252657536614,2068.969696969697,57768.628762291446,494
59,Other Western,4846.228146214448,2168.0580612634644,1601.2173913043478,3245.0107549101003,372
59,Sinic,303361.30835160415,133014.4209712344,3129.4270557029176,300231.88129590126,658
59,United States,146773.42441216158,63281.175714949946,1844.0637813211845,144929.36063084038,356
60,Anglosphere ex-US,67399.20388657459,29810.19412315625,3183.4920212765956,64215.71186529799,614
60,Continental Europe,195468.70094825941,83736.5331371826,3923.499485066941,191545.20146319247,781
60,Hindu,53335.490556757344,29997.412791036684,2248.8695652173915,51086.62099153995,536
60,Islamic,88547.23377955449,47334.31740605643,2254.7179487179487,86292.51583083654,571
60,Japanese,28867.639540423377,7143.768340368204,1792.6470588235293,27074.99248159985,424
60,Other Civilizations,59576.70468014203,22384.13111451528,2068.969696969697,57507.73498317233,494
60,Other Western,4917.966433413468,2219.7544986225203,1601.2173913043478,3316.7490421091197,372
60,Sinic,303927.7128102327,133057.45070485194,3129.4270557029176,300798.2857545298,658
60,United States,147230.35196228107,64118.61982378008,1844.0637813211845,145386.28818095988,356
61,Anglosphere ex-US,67540.01253957463,29856.801776887154,3183.4920212765956,64356.520518298035,614
61,Continental Europe,195855.14651767863,83974.58252453717,3923.499485066941,191931.64703261168,781
61,Hindu,53562.876496798955,30239.173548746414,2248.8695652173915,51314.00693158156,536
61,Islamic,88431.80686794246,47140.467078265836,2254.7179487179487,86177.08891922451,571
61,Japanese,29237.38654840874,7281.526606014159,1792.6470588235293,27444.739489585212,424
61,Other Civilizations,59303.78833163973,22221.9631344444,2068.969696969697,57234.81863467003,494
61,Other Western,4814.1625938465,2198.046569559922,1601.2173913043478,3212.9452025421524,372
61,Sinic,303603.89532442007,132994.60079632857,3129.4270557029176,300474.4682687172,658
61,United States,147191.02523134125,63901.677608483835,1844.0637813211845,145346.96145002006,356
62,Anglosphere ex-US,67150.8546496004,29476.607246161977,3183.4920212765956,63967.362628323805,614
62,Continental Europe,194274.57255796093,82831.45787573261,3923.499485066941,190351.07307289398,781
62,Hindu,53152.977464554475,29931.73446354249,2248.8695652173915,50904.10789933708,536
62,Islamic,88845.19064493707,47545.83432205549,2254.7179487179487,86590.47269621912,571
62,Japanese,28939.34760840722,7156.179164144766,1792.6470588235293,27146.700549583693,424
62,Other Civilizations,59330.70611039254,22299.28248927191,2068.969696969697,57261.73641342284,494
62,Other Western,4748.911226237804,2122.5553957158013,1601.2173913043478,3147.693834933456,372
62,Sinic,303631.33106353506,132888.05911823007,3129.4270557029176,300501.90400783217,658
62,United States,147288.29658664006,64150.70811829018,1844.0637813211845,145444.23280531887,356
63,Anglosphere ex-US,67992.49592195365,30118.701277788965,3183.4920212765956,64809.00390067706,614
63,Continental Europe,194108.77337243088,82729.63652922072,3923.499485066941,190185.27388736393,781
63,Hindu,52744.33954903261,29753.32404946851,2248.8695652173915,50495.469983815216,536
63,Islamic,88793.68919496835,47713.96501160422,2254.7179487179487,86538.9712462504,571
63,Japanese,29193.11805504528,7374.0112884283,1792.6470588235293,27400.470996221753,424
63,Other Civilizations,59173.80848915979,22283.508164443265,2068.969696969697,57104.838792190094,494
63,Other Western,4807.577968215944,2124.1680152286904,1601.2173913043478,3206.3605769115957,372
63,Sinic,303810.90341646614,133057.2701331896,3129.4270557029176,300681.47636076325,658
63,United States,147155.79628967465,64170.73118364454,1844.0637813211845,145311.73250835345,356
64,Anglosphere ex-US,68108.43792984757,30181.26983284518,3183.4920212765956,64924.945908570975,614
64,Continental Europe,195896.5282902287,84239.74615550379,3923.499485066941,191973.02880516177,781
64,Hindu,52410.15292843225,29350.96887742931,2248.8695652173915,50161.28336321486,536
64,Islamic,87584.80535482304,46443.92010545749,2254.7179487179487,85330.08740610509,571
64,Japanese,29155.78739130854,7279.640665316348,1792.6470588235293,27363.14033248501,424
64,Other Civilizations,59103.39375445117,22184.5735369403,2068.969696969697,57034.424057481476,494
64,Other Western,4886.9106185840865,2207.1367741919225,1601.2173913043478,3285.6932272797385,372
64,Sinic,302740.4779367037,132261.80544906427,3129.4270557029176,299611.0508810008,658
64,United States,145996.79619650927,62965.78301693375,1844.0637813211845,144152.73241518807,356
65,Anglosphere ex-US,67001.20342421958,29479.169458720087,3183.4920212765956,63817.71140294299,614
65,Continental Europe,194080.9361007869,82486.74956170339,3923.499485066941,190157.43661571995,781
65,Hindu,53189.338109719014,30054.10803938186,2248.8695652173915,50940.46854450162,536
65,Islamic,87552.9577111679,46467.45608734066,2254.7179487179487,85298.23976244994,571
65,Japanese,29111.51069400774,7203.069410675691,1792.6470588235293,27318.86363518421,424
65,Other Civilizations,58664.2232861507,21777.98188309157,2068.969696969697,56595.253589181004,494
65,Other Western,4826.277057188299,2158.324824937837,1601.2173913043478,3225.0596658839513,372
65,Sinic,301482.4198185726,131288.92056667435,3129.4270557029176,298352.9927628697,658
65,United States,147085.93355791457,64098.99352207206,1844.0637813211845,145241.86977659338,356
66,Anglosphere ex-US,67862.89474736224,29920.519730349955,3183.4920212765956,64679.402726085646,614
66,Continental Europe,195437.62810573328,83735.48317084982,3923.499485066941,191514.12862066634,781
66,Hindu,52581.79117611346,29469.29210141128,2248.8695652173915,50332.92161089607,536
66,Islamic,88059.10708512705,46851.81445552505,2254.7179487179487,85804.3891364091,571
66,Japanese,29522.851713236512,7478.971721416082,1792.6470588235293,27730.204654412984,424
66,Other Civilizations,59748.588998119274,22700.218308916268,2068.969696969697,57679.61930114958,494
66,Other Western,4848.865254664272,2207.24390594399,1601.2173913043478,3247.6478633599236,372
66,Sinic,304071.61787620676,133574.26392760532,3129.4270557029176,300942.19082050386,658
66,United States,147240.69897035375,63675.03585801923,1844.0637813211845,145396.63518903256,356
67,Anglosphere ex-US,67099.06126203266,29526.308256158594,3183.4920212765956,63915.569240756064,614
67,Continental Europe,195119.70813952247,83589.08197034309,3923.499485066941,191196.20865445552,781
67,Hindu,53262.20455493555,30123.43513649136,2248.8695652173915,51013.33498971816,536
67,Islamic,88310.03670373352,46999.61926691542,2254.7179487179487,86055.31875501557,571
67,Japanese,29435.730936715827,7470.11485682186,1792.6470588235293,27643.0838778923,424
67,Other Civilizations,60177.43527209373,23008.55134390165,2068.969696969697,58108.465575124035,494
67,Other Western,4952.823834956838,2293.726197889624,1601.2173913043478,3351.6064436524903,372
67,Sinic,302853.1494439787,132355.32035743192,3129.4270557029176,299723.7223882758,658
67,United States,147594.11250434365,64330.90642937419,1844.0637813211845,145750.04872302245,356
68,Anglosphere ex-US,67014.58185378085,29295.3198318816,3183.4920212765956,63831.08983250426,614
68,Continental Europe,194628.97634014743,83297.63133602652,3923.499485066941,190705.4768550805,781
68,Hindu,53173.374623517906,30273.024916899725,2248.8695652173915,50924.505058300514,536
68,Islamic,88839.74902101923,47402.43085924413,2254.7179487179487,86585.03107230128,571
68,Japanese,29515.477061201454,7510.083944963074,1792.6470588235293,27722.830002377927,424
68,Other Civilizations,59614.259167605145,22454.17331280381,2068.969696969697,57545.28947063545,494
68,Other Western,4734.986972105951,2048.9296716787494,1601.2173913043478,3133.7695808016033,372
68,Sinic,304653.5965786241,134063.94930282418,3129.4270557029176,301524.1695229212,658
68,United States,147094.86281594328,64109.771999129625,1844.0637813211845,145250.7990346221,356
69,Anglosphere ex-US,67754.25662215885,30073.231013099557,3183.4920212765956,64570.764600882256,614
69,Continental Europe,195656.43002861814,83855.34154941447,3923.499485066941,191732.9305435512,781
69,Hindu,54472.35323795301,31002.546117272537,2248.8695652173915,52223.483672735616,536
69,Islamic,87927.36383520857,46758.79489136091,2254.7179487179487,85672.64588649062,571
69,Japanese,29586.847849289443,7490.295710081893,1792.6470588235293,27794.200790465915,424
69,Other Civilizations,58930.849035259685,22096.436034742175,2068.969696969697,56861.87933828999,494
69,Other Western,5076.788718240639,2369.9856375297522,1601.2173913043478,3475.5713269362914,372
69,Sinic,303914.7987057463,132593.0131436582,3129.4270557029176,300785.3716500434,658
69,United States,147864.35554763942,64674.00095083043,1844.0637813211845,146020.29176631823,356
70,Anglosphere ex-US,67058.31573543088,29398.670003203144,3183.4920212765956,63874.823714154285,614
70,Continental Europe,194103.62870217487,82700.24034687674,3923.499485066941,190180.12921710793,781
70,Hindu,53761.7324901042,30513.628378661968,2248.8695652173915,51512.86292488681,536
70,Islamic,89516.48775408702,47851.06622850554,2254.7179487179487,87261.76980536907,571
70,Japanese,28919.124949744175,7202.126837372134,1792.6470588235293,27126.477890920647,424
70,Other Civilizations,58853.240346204184,21869.220802947875,2068.969696969697,56784.27064923449,494
70,Other Western,4786.17576703222,2108.2787942786586,1601.2173913043478,3184.9583757278724,372
70,Sinic,303946.87194964977,132745.8143801427,3129.4270557029176,300817.4448939469,658
70,United States,147252.4539904025,64186.59523436061,1844.0637813211845,145408.3902090813,356
71,Anglosphere ex-US,67833.13041829753,30108.62691029736,3183.4920212765956,64649.638397020935,614
71,Continental Europe,195002.96983150824,83427.28775416623,3923.499485066941,191079.4703464413,781
71,Hindu,53480.60999798378,30207.836581782998,2248.8695652173915,51231.74043276639,536
71,Islamic,88056.89428790411,46903.47349346705,2254.7179487179487,85802.17633918616,571
71,Japanese,29425.51426912559,7391.256366926073,1792.6470588235293,27632.86721030206,424
71,Other Civilizations,59085.30067823822,21961.021740261494,2068.969696969697,57016.330981268526,494
71,Other Western,4902.590870657907,2226.8494738275617,1601.2173913043478,3301.3734793535587,372
71,Sinic,303309.4096777092,132893.3036865749,3129.4270557029176,300179.9826220063,658
71,United States,147501.08605816387,64538.34495701991,1844.0637813211845,145657.02227684268,356
72,Anglosphere ex-US,67446.42382628526,29782.35959979555,3183.4920212765956,64262.931805008666,614
72,Continental Europe,196850.6521982596,84958.38187573309,3923.499485066941,192927.15271319266,781
72,Hindu,53212.275264883196,30199.098130629576,2248.8695652173915,50963.405699665804,536
72,Islamic,88368.75289961547,47097.182951512885,2254.7179487179487,86114.03495089752,571
72,Japanese,29714.839721825127,7588.89858558443,1792.6470588235293,27922.1926630016,424
72,Other Civilizations,58948.931656283,21870.362287627402,2068.969696969697,56879.9619593133,494
72,Other Western,4858.806792374566,2202.811213174428,1601.2173913043478,3257.5894010702177,372
72,Sinic,302186.199392615,131612.02135341062,3129.4270557029176,299056.7723369121,658
72,United States,146998.02343859847,63997.368410709925,1844.0637813211845,145153.95965727727,356
73,Anglosphere ex-US,67635.63063085603,29877.637195741343,3183.4920212765956,64452.13860957944,614
73,Continental Europe,195978.4748815831,83822.96682294922,3923.499485066941,192054.97539651615,781
73,Hindu,52898.516984495756,29702.612059041745,2248.8695652173915,50649.647419278364,536
73,Islamic,88350.91906100154,47101.77711951649,2254.7179487179487,86096.20111228358,571
73,Japanese,29461.750934924617,7384.037423797918,1792.6470588235293,27669.10387610109,424
73,Other Civilizations,59924.743020771006,22555.27471410334,2068.969696969697,57855.77332380131,494
73,Other Western,4545.863612336876,1919.132328565916,1601.2173913043478,2944.646221032528,372
73,Sinic,304239.9527084271,133596.5773916436,3129.4270557029176,301110.5256527242,658
73,United States,146907.2278055608,63991.46800420484,1844.0637813211845,145063.1640242396,356
74,Anglosphere ex-US,68006.8314530977,30165.302740923253,3183.4920212765956,64823.3394318211,614
74,Continental Europe,194895.640299591,83392.46696687576,3923.499485066941,190972.14081452406,781
74,Hindu,54134.58814890773,30913.338529219916,2248.8695652173915,51885.71858369034,536
74,Islamic,88726.253208257,47666.76679400808,2254.7179487179487,86471.53525953904,571
74,Japanese,29536.882848332272,7474.463719244858,1792.6470588235293,27744.235789508744,424
74,Other Civilizations,59051.79335170873,22045.711103648784,2068.969696969697,56982.82365473903,494
74,Other Western,4897.624506756105,2193.231968198627,1601.2173913043478,3296.407115451757,372
74,Sinic,304081.2117642834,133595.70945014022,3129.4270557029176,300951.7847085805,658
74,United States,146590.76594826276,63712.078577596825,1844.0637813211845,144746.70216694157,356
75,Anglosphere ex-US,66978.55124987852,29481.615999707283,3183.4920212765956,63795.05922860193,614
75,Continental Europe,194882.15987552173,83205.97841480751,3923.499485066941,190958.66039045478,781
75,Hindu,53172.05750401153,30013.310981240014,2248.8695652173915,50923.18793879414,536
75,Islamic,88963.31206710252,47502.96750482267,2254.7179487179487,86708.59411838457,571
75,Japanese,29574.36955789177,7502.866933448349,1792.6470588235293,27781.72249906824,424
75,Other Civilizations,59894.91227025776,22654.48738120381,2068.969696969697,57825.94257328806,494
75,Other Western,4963.608423674268,2315.543228112951,1601.2173913043478,3362.39103236992,372
75,Sinic,303314.7611144314,132303.7363737142,3129.4270557029176,300185.33405872853,658
75,United States,147412.1618326204,64377.26756309275,1844.0637813211845,145568.0980512992,356
76,Anglosphere ex-US,67857.07181530961,30003.850441786235,3183.4920212765956,64673.579794033016,614
76,Continental Europe,194012.34110820666,82921.63876089558,3923.499485066941,190088.8416231397,781
76,Hindu,53342.986426282994,30068.292007193908,2248.8695652173915,51094.1168610656,536
76,Islamic,87863.83125374815,46649.48933872944,2254.7179487179487,85609.1133050302,571
76,Japanese,29091.63644365818,7148.071211653315,1792.6470588235293,27298.98938483465,424
76,Other Civilizations,60066.64420459324,22974.221752145095,2068.969696969697,57997.674507623546,494
76,Other Western,4837.662596926652,2183.075847624153,1601.2173913043478,3236.4452056223045,372
76,Sinic,303575.99891936674,133600.36353072608,3129.4270557029176,300446.57186366385,658
76,United States,147092.09352669664,64180.90041820379,1844.0637813211845,145248.02974537545,356
77,Anglosphere ex-US,67570.56108106658,29678.68422195983,3183.4920212765956,64387.06905978999,614
77,Continental Europe,195409.64484424682,83849.72739455014,3923.499485066941,191486.14535917988,781
77,Hindu,53019.8699818358,29795.366551715542,2248.8695652173915,50771.00041661841,536
77,Islamic,87387.17689755413,46457.028761535796,2254.7179487179487,85132.45894883618,571
77,Japanese,29215.58288643143,7287.663186287755,1792.6470588235293,27422.935827607904,424
77,Other Civilizations,59472.57467301373,22258.528823187396,2068.969696969697,57403.60497604404,494
77,Other Western,4962.493826853801,2242.3552229450843,1601.2173913043478,3361.276435549453,372
77,Sinic,303984.4214461128,132932.43356733644,3129.4270557029176,300854.9943904099,658
77,United States,146381.13121997553,63434.49091400094,1844.0637813211845,144537.06743865434,356
78,Anglosphere ex-US,67674.93894422866,29709.73626350628,3183.4920212765956,64491.44692295207,614
78,Continental Europe,195337.43902723788,83664.97751421122,3923.499485066941,191413.93954217093,781
78,Hindu,53294.66503039414,30081.62527456099,2248.8695652173915,51045.79546517675,536
78,Islamic,87959.51838596782,46809.72281505463,2254.7179487179487,85704.80043724987,571
78,Japanese,29614.954440530415,7550.707505931652,1792.6470588235293,27822.307381706887,424
78,Other Civilizations,58856.53328214958,21773.48171429673,2068.969696969697,56787.56358517989,494
78,Other Western,5002.755046875759,2313.655090524554,1601.2173913043478,3401.537655571411,372
78,Sinic,303896.45188387466,132699.25028812978,3129.4270557029176,300767.02482817176,658
78,United States,147006.10817082587,63852.84764958518,1844.0637813211845,145162.04438950468,356
79,Anglosphere ex-US,67752.35046207922,29947.640886716115,3183.4920212765956,64568.85844080263,614
79,Continental Europe,194426.30585925787,82948.90633411043,3923.499485066941,190502.80637419093,781
79,Hindu,53982.76366411579,30908.350561219508,2248.8695652173915,51733.894098898396,536
79,Islamic,89511.86531155539,48101.65150282949,2254.7179487179487,87257.14736283744,571
79,Japanese,29344.10116661789,7270.803490405158,1792.6470588235293,27551.45410779436,424
79,Other Civilizations,59066.58516231835,21970.141646065313,2068.969696969697,56997.61546534865,494
79,Other Western,4822.92314731156,2143.550968650895,1601.2173913043478,3221.7057560072117,372
79,Sinic,305179.0601529194,133433.49714927294,3129.4270557029176,302049.6330972165,658
79,United States,147434.57320736046,64020.5781357395,1844.0637813211845,145590.50942603927,356
80,Anglosphere ex-US,67469.8500854781,29654.381063319877,3183.4920212765956,64286.35806420151,614
80,Continental Europe,195613.0703857782,83834.62041091932,3923.499485066941,191689.57090071126,781
80,Hindu,53276.64063092001,30293.190379260323,2248.8695652173915,51027.77106570262,536
80,Islamic,88403.0755760489,47222.382969126455,2254.7179487179487,86148.35762733094,571
80,Japanese,29716.623619306083,7589.47363082044,1792.6470588235293,27923.976560482555,424
80,Other Civilizations,59283.15915479353,22365.67255006986,2068.969696969697,57214.189457823835,494
80,Other Western,4787.438067809364,2118.765231239655,1601.2173913043478,3186.220676505016,372
80,Sinic,302962.1190619755,132393.24377537766,3129.4270557029176,299832.6920062726,658
80,United States,148320.183076301,64880.90502125161,1844.0637813211845,146476.1192949798,356
81,Anglosphere ex-US,67518.62766732862,29720.480392468453,3183.4920212765956,64335.135646052026,614
81,Continental Europe,195520.77959317295,83806.17475671855,3923.499485066941,191597.280108106,781
81,Hindu,53620.609644308235,30275.809725692736,2248.8695652173915,51371.74007909084,536
81,Islamic,88972.06825046336,47349.53431518943,2254.7179487179487,86717.3503017454,571
81,Japanese,29411.181370472994,7368.792737546147,1792.6470588235293,27618.534311649466,424
81,Other Civilizations,59667.1257726814,22783.236235713368,2068.969696969697,57598.156075711704,494
81,Other Western,4952.477574160028,2271.5725166503053,1601.2173913043478,3351.26018285568,372
81,Sinic,304281.2994345938,133184.24156160196,3129.4270557029176,301151.8723788909,658
81,United States,146863.6256005239,63648.45265548119,1844.0637813211845,145019.5618192027,356
82,Anglosphere ex-US,67977.72793282998,30020.922658860447,3183.4920212765956,64794.23591155338,614
82,Continental Europe,195734.90818760733,84146.57546439051,3923.499485066941,191811.4087025404,781
82,Hindu,53084.96772911166,30063.057359486054,2248.8695652173915,50836.09816389427,536
82,Islamic,89775.60923359785,48508.51160984684,2254.7179487179487,87520.8912848799,571
82,Japanese,29064.452800476556,7210.774797502431,1792.6470588235293,27271.80574165303,424
82,Other Civilizations,59588.0699566133,22505.264821708264,2068.969696969697,57519.1002596436,494
82,Other Western,4865.213370560461,2158.623508657905,1601.2173913043478,3263.995979256113,372
82,Sinic,303671.2638055899,133204.02005560338,3129.4270557029176,300541.836749887,658
82,United States,147416.97792284712,64123.73416840497,1844.0637813211845,145572.91414152592,356
83,Anglosphere ex-US,68348.08753381952,30519.747360262692,3183.4920212765956,65164.595512542925,614
83,Continental Europe,195613.24159002083,83938.63611210014,3923.499485066941,191689.74210495388,781
83,Hindu,52930.10891407021,29902.30987087904,2248.8695652173915,50681.23934885282,536
83,Islamic,88759.99920415957,47151.819877011636,2254.7179487179487,86505.28125544162,571
83,Japanese,29455.21564762495,7455.282819913269,1792.6470588235293,27662.568588801423,424
83,Other Civilizations,59142.82151086265,22132.658455297922,2068.969696969697,57073.85181389295,494
83,Other Western,4752.015414497063,2080.517022456225,1601.2173913043478,3150.798023192715,372
83,Sinic,305196.7670845989,134253.40507827332,3129.4270557029176,302067.340028896,658
83,United States,147038.42354688307,64023.49667341681,1844.0637813211845,145194.35976556188,356
84,Anglosphere ex-US,67120.59748399978,29309.350976689155,3183.4920212765956,63937.105462723186,614
84,Continental Europe,194868.4541154838,83182.3571705245,3923.499485066941,190944.95463041685,781
84,Hindu,52518.763122954944,29616.77461944472,2248.8695652173915,50269.89355773755,536
84,Islamic,88163.99312459544,47185.10161432684,2254.7179487179487,85909.27517587748,571
84,Japanese,29717.561490536977,7656.6922756803,1792.6470588235293,27924.91443171345,424
84,Other Civilizations,59639.44778009686,22606.769171074844,2068.969696969697,57570.478083127164,494
84,Other Western,5109.832806159477,2318.8423871458644,1601.2173913043478,3508.6154148551286,372
84,Sinic,305000.58797816804,133841.8856329563,3129.4270557029176,301871.16092246515,658
84,United States,146349.44849161146,63059.24478193102,1844.0637813211845,144505.38471029027,356
85,Anglosphere ex-US,67327.88989091318,29827.971129938494,3183.4920212765956,64144.39786963659,614
85,Continental Europe,196493.941821727,84736.98329820717,3923.499485066941,192570.44233666005,781
85,Hindu,54150.358610960364,30984.903925024457,2248.8695652173915,51901.48904574297,536
85,Islamic,86894.2147081388,45694.842558730015,2254.7179487179487,84639.49675942084,571
85,Japanese,29425.069284311707,7576.780005471063,1792.6470588235293,27632.42222548818,424
85,Other Civilizations,59562.799349374545,22442.504238600344,2068.969696969697,57493.82965240485,494
85,Other Western,4843.370536688641,2095.6398635122478,1601.2173913043478,3242.1531453842927,372
85,Sinic,305101.80334818945,133571.96692721234,3129.4270557029176,301972.37629248656,658
85,United States,147084.00132833197,64052.16493886564,1844.0637813211845,145239.93754701078,356
86,Anglosphere ex-US,67304.36394063503,29697.94545331833,3183.4920212765956,64120.87191935843,614
86,Continental Europe,193611.01850170732,82380.31178907168,3923.499485066941,189687.51901664038,781
86,Hindu,53303.28011681432,29983.59919576011,2248.8695652173915,51054.41055159693,536
86,Islamic,89279.64501030312,48031.491710916765,2254.7179487179487,87024.92706158517,571
86,Japanese,29631.747243218473,7550.39761062194,1792.6470588235293,27839.100184394945,424
86,Other Civilizations,59499.39358903776,22415.325493341068,2068.969696969697,57430.423892068065,494
86,Other Western,4919.004475280659,2235.556410111505,1601.2173913043478,3317.787083976311,372
86,Sinic,304142.06432170357,133486.2363277489,3129.4270557029176,301012.6372660007,658
86,United States,147258.88808285282,63926.32579554559,1844.0637813211845,145414.82430153163,356
87,Anglosphere ex-US,67603.59988665557,29779.583046368796,3183.4920212765956,64420.10786537898,614
87,Continental Europe,194404.8607720093,82958.66973576903,3923.499485066941,190481.36128694235,781
87,Hindu,53043.12053792339,29993.89705244113,2248.8695652173915,50794.250972705995,536
87,Islamic,88842.57422484306,47720.22529761727,2254.7179487179487,86587.85627612511,571
87,Japanese,28961.999709902084,7079.791132833777,1792.6470588235293,27169.352651078556,424
87,Other Civilizations,59758.237412932416,22559.696858447176,2068.969696969697,57689.26771596272,494
87,Other Western,4821.475159852607,2158.321653570271,1601.2173913043478,3220.2577685482593,372
87,Sinic,303621.07495159534,132296.95460015893,3129.4270557029176,300491.64789589244,658
87,United States,146935.75112768292,63780.46412430501,1844.0637813211845,145091.68734636172,356
88,Anglosphere ex-US,67392.83254804162,29683.8686708402,3183.4920212765956,64209.34052676503,614
88,Continental Europe,196201.19687083457,84303.5662759811,3923.499485066941,192277.69738576762,781
88,Hindu,53571.789699961955,30379.595644913003,2248.8695652173915,51322.92013474456,536
88,Islamic,89129.22414219886,47634.163601592874,2254.7179487179487,86874.5061934809,571
88,Japanese,29105.962599644678,7164.399382993181,1792.6470588235293,27313.31554082115,424
88,Other Civilizations,59320.638149793376,22203.31738613294,2068.969696969697,57251.66845282368,494
88,Other Western,4661.64386414647,2054.940545051688,1601.2173913043478,3060.426472842122,372
88,Sinic,304686.8853947831,133749.99876563036,3129.4270557029176,301557.4583390802,658
88,United States,145558.33746790027,62736.60294901762,1844.0637813211845,143714.27368657908,356
89,Anglosphere ex-US,67768.06209446077,29826.897503229786,3183.4920212765956,64584.57007318417,614
89,Continental Europe,192879.2737055559,81631.89618119725,3923.499485066941,188955.77422048897,781
89,Hindu,53753.90756799551,30494.77740871599,2248.8695652173915,51505.03800277812,536
89,Islamic,88283.26085966949,47050.85287317306,2254.7179487179487,86028.54291095154,571
89,Japanese,29563.229340985774,7570.993127501963,1792.6470588235293,27770.582282162246,424
89,Other Civilizations,59309.33088325625,22423.984610421787,2068.969696969697,57240.36118628655,494
89,Other Western,4858.77920233766,2140.1563801895363,1601.2173913043478,3257.5618110333116,372
89,Sinic,305172.2779356151,133963.69952592903,3129.4270557029176,302042.8508799122,658
89,United States,146208.4005745289,63041.96141201457,1844.0637813211845,144364.3367932077,356
90,Anglosphere ex-US,67344.20633403271,29644.51613200315,3183.4920212765956,64160.71431275612,614
90,Continental Europe,194348.31008070678,83288.3268396059,3923.499485066941,190424.81059563984,781
90,Hindu,53170.757732795115,30043.3189967658,2248.8695652173915,50921.88816757772,536
90,Islamic,89123.44586404566,47907.21088900191,2254.7179487179487,86868.7279153277,571
90,Japanese,29740.19489127508,7507.031395426303,1792.6470588235293,27947.547832451553,424
90,Other Civilizations,59287.551851088545,22250.853032684125,2068.969696969697,57218.58215411885,494
90,Other Western,4630.924511477389,2024.52438477011,1601.2173913043478,3029.7071201730414,372
90,Sinic,304347.0419420282,133026.29324482754,3129.4270557029176,301217.6148863253,658
90,United States,147818.37650842028,64504.31386787762,1844.0637813211845,145974.31272709908,356
91,Anglosphere ex-US,67444.13033887504,29597.30516758131,3183.4920212765956,64260.638317598445,614
91,Continental Europe,195805.16168481752,83890.1521678587,3923.499485066941,191881.66219975057,781
91,Hindu,54039.896566236785,30892.0562795381,2248.8695652173915,51791.02700101939,536
91,Islamic,88458.04045510667,47187.70840242393,2254.7179487179487,86203.32250638872,571
91,Japanese,29311.02920162554,7376.047845874238,1792.6470588235293,27518.382142802013,424
91,Other Civilizations,59667.62594799272,22560.961403409303,2068.969696969697,57598.65625102302,494
91,Other Western,4891.709918068229,2206.777968735187,1601.2173913043478,3290.492526763881,372
91,Sinic,302732.9234207176,132168.33283115714,3129.4270557029176,299603.4963650147,658
91,United States,146857.0054041295,64073.94934215894,1844.0637813211845,145012.9416228083,356
92,Anglosphere ex-US,67120.02960471757,29648.800482675517,3183.4920212765956,63936.53758344097,614
92,Continental Europe,194447.753156725,83195.87843540964,3923.499485066941,190524.25367165805,781
92,Hindu,53679.329087477294,30513.132868580364,2248.8695652173915,51430.4595222599,536
92,Islamic,88619.9288083149,47514.93411353514,2254.7179487179487,86365.21085959695,571
92,Japanese,29303.776212800356,7379.254891547435,1792.6470588235293,27511.129153976828,424
92,Other Civilizations,59322.30724795269,22232.953571161324,2068.969696969697,57253.33755098299,494
92,Other Western,4852.7629296147115,2182.125493119111,1601.2173913043478,3251.5455383103636,372
92,Sinic,303702.41439325304,132940.37786914504,3129.4270557029176,300572.98733755015,658
92,United States,146854.83674279894,63658.321955257205,1844.0637813211845,145010.77296147775,356
93,Anglosphere ex-US,68041.5357085414,30259.20879687457,3183.4920212765956,64858.043687264806,614
93,Continental Europe,195674.51483427497,83924.97021918549,3923.499485066941,191751.01534920803,781
93,Hindu,53706.29370803489,30556.86665210571,2248.8695652173915,51457.4241428175,536
93,Islamic,88508.20104663758,47002.513931585585,2254.7179487179487,86253.48309791963,571
93,Japanese,29540.919044963648,7392.982171938256,1792.6470588235293,27748.27198614012,424
93,Other Civilizations,59764.60457300396,22501.63587965856,2068.969696969697,57695.634876034266,494
93,Other Western,4640.764870463549,2004.0848479947701,1601.2173913043478,3039.5474791592014,372
93,Sinic,303091.1891096659,132720.43821153452,3129.4270557029176,299961.76205396303,658
93,United States,146949.25499132142,63916.92104524235,1844.0637813211845,145105.19121000022,356
94,Anglosphere ex-US,67394.29889764049,29834.629091276634,3183.4920212765956,64210.806876363895,614
94,Continental Europe,195499.92288733812,83863.9072719753,3923.499485066941,191576.42340227118,781
94,Hindu,54392.54650209141,31256.813003525895,2248.8695652173915,52143.67693687402,536
94,Islamic,89005.10967238984,47502.38979617692,2254.7179487179487,86750.39172367188,571
94,Japanese,29431.906168547124,7329.788960196945,1792.6470588235293,27639.259109723596,424
94,Other Civilizations,59875.711634265346,22817.915325110207,2068.969696969697,57806.74193729565,494
94,Other Western,4960.371828087718,2269.8767638449085,1601.2173913043478,3359.1544367833703,372
94,Sinic,303358.5000102853,132747.51457642042,3129.4270557029176,300229.0729545824,658
94,United States,147171.26744815582,64316.72057981449,1844.0637813211845,145327.20366683463,356
95,Anglosphere ex-US,67554.91511230575,29873.244198374105,3183.4920212765956,64371.42309102916,614
95,Continental Europe,195416.45150645115,83602.62735521421,3923.499485066941,191492.9520213842,781
95,Hindu,53761.47343039005,30283.001244206567,2248.8695652173915,51512.603865172656,536
95,Islamic,88718.43038020855,47539.7814270288,2254.7179487179487,86463.7124314906,571
95,Japanese,29537.500805051128,7494.108585681967,1792.6470588235293,27744.8537462276,424
95,Other Civilizations,59289.09316252146,22199.858125653973,2068.969696969697,57220.12346555176,494
95,Other Western,4896.358962066461,2169.1302542822013,1601.2173913043478,3295.1415707621127,372
95,Sinic,301810.53411212063,131140.7100828174,3129.4270557029176,298681.10705641774,658
95,United States,146507.90800251247,63375.404026425604,1844.0637813211845,144663.84422119128,356
96,Anglosphere ex-US,67614.29465989894,29970.979465004668,3183.4920212765956,64430.80263862234,614
96,Continental Europe,195943.1805179962,83904.11373785314,3923.499485066941,192019.68103292925,781
96,Hindu,52347.187377553535,29389.964857319843,2248.8695652173915,50098.31781233614,536
96,Islamic,89755.20980699216,48387.01986456124,2254.7179487179487,87500.49185827421,571
96,Japanese,29756.343296250125,7773.500227849219,1792.6470588235293,27963.696237426597,424
96,Other Civilizations,59109.40052317377,21938.369123871267,2068.969696969697,57040.43082620407,494
96,Other Western,5108.023604291457,2376.5217751905047,1601.2173913043478,3506.8062129871087,372
96,Sinic,304465.1298257658,132852.73031332536,3129.4270557029176,301335.7027700629,658
96,United States,146744.41847889687,63927.15123054772,1844.0637813211845,144900.35469757568,356
97,Anglosphere ex-US,66957.52442138546,29391.475368300384,3183.4920212765956,63774.03240010887,614
97,Continental Europe,194100.7572277071,82632.19038118889,3923.499485066941,190177.25774264015,781
97,Hindu,54818.45554570104,31400.21838764945,2248.8695652173915,52569.58598048365,536
97,Islamic,87961.94665531273,46651.81324444057,2254.7179487179487,85707.22870659477,571
97,Japanese,29160.321366695673,7249.528081945597,1792.6470588235293,27367.674307872145,424
97,Other Civilizations,59272.556298385585,22303.168064882724,2068.969696969697,57203.58660141589,494
97,Other Western,4824.5042214156365,2205.797518173283,1601.2173913043478,3223.2868301112885,372
97,Sinic,303691.17864942586,133133.14387966527,3129.4270557029176,300561.75159372296,658
97,United States,146684.57691714403,63721.39177577166,1844.0637813211845,144840.51313582284,356
98,Anglosphere ex-US,66802.74264785873,29158.188899492,3183.4920212765956,63619.250626582136,614
98,Continental Europe,194993.9905537509,83751.71611790423,3923.499485066941,191070.49106868394,781
98,Hindu,53128.711068625955,30031.427629234673,2248.8695652173915,50879.84150340856,536
98,Islamic,87981.80998837319,46935.06839661194,2254.7179487179487,85727.09203965524,571
98,Japanese,28863.665577268162,7185.3261717401765,1792.6470588235293,27071.018518444635,424
98,Other Civilizations,58721.340621474694,21989.64396775774,2068.969696969697,56652.370924505,494
98,Other Western,4694.558214548975,2038.5784476428835,1601.2173913043478,3093.3408232446272,372
98,Sinic,305832.51653644786,134573.7095420622,3129.4270557029176,302703.08948074497,658
98,United States,147810.64847253883,64745.34629335757,1844.0637813211845,145966.58469121763,356
99,Anglosphere ex-US,68131.00539520755,30112.96810608254,3183.4920212765956,64947.51337393096,614
99,Continental Europe,194654.01476586692,82973.28523544557,3923.499485066941,190730.51528079997,781
99,Hindu,52481.5703534466,29494.447100360736,2248.8695652173915,50232.70078822921,536
99,Islamic,89603.01202861646,48086.47537048937,2254.7179487179487,87348.29407989851,571
99,Japanese,29326.270313998502,7322.774382931212,1792.6470588235293,27533.623255174974,424
99,Other Civilizations,59283.88731181362,22286.101350087207,2068.969696969697,57214.91761484392,494
99,Other Western,4727.700397908857,2070.0217192822092,1601.2173913043478,3126.483006604509,372
99,Sinic,303447.15574734577,132435.49759567133,3129.4270557029176,300317.7286916429,658
99,United States,147414.20914736018,64250.67926990091,1844.0637813211845,145570.14536603898,356
100,Anglosphere ex-US,68023.10486791373,30147.03406195624,3183.4920212765956,64839.61284663714,614
100,Continental Europe,194595.11482535518,83109.80160965599,3923.499485066941,190671.61534028823,781
100,Hindu,55039.98112673851,31873.150500149375,2248.8695652173915,52791.11156152112,536
100,Islamic,87772.54755035383,46841.11374760766,2254.7179487179487,85517.82960163588,571
100,Japanese,29209.532103693324,7355.995257824529,1792.6470588235293,27416.885044869796,424
100,Other Civilizations,59007.33984431072,22187.641564879203,2068.969696969697,56938.370147341026,494
100,Other Western,4770.763954036665,2100.3936334200816,1601.2173913043478,3169.5465627323174,372
100,Sinic,303206.401092325,132253.05475429233,3129.4270557029176,300076.9740366221,658
100,United States,146984.31959270686,63950.794129577844,1844.0637813211845,145140.25581138566,356
101,Anglosphere ex-US,67597.89175747789,29838.28840205408,3183.4920212765956,64414.399736201296,614
101,Continental Europe,194751.82447829904,83168.81518372998,3923.499485066941,190828.3249932321,781
101,Hindu,52740.75387021999,29529.262737071545,2248.8695652173915,50491.8843050026,536
101,Islamic,88565.9265437151,47286.17512991476,2254.7179487179487,86311.20859499715,571
101,Japanese,29499.052302347016,7465.309981832796,1792.6470588235293,27706.405243523488,424
101,Other Civilizations,59329.45590235273,22300.26194951355,2068.969696969697,57260.48620538304,494
101,Other Western,4799.774790038251,2143.6200694860404,1601.2173913043478,3198.557398733903,372
101,Sinic,303620.66413796716,133070.66607171186,3129.4270557029176,300491.23708226427,658
101,United States,146189.38335189963,63126.68911258956,1844.0637813211845,144345.31957057843,356
102,Anglosphere ex-US,66533.28419409817,28969.22328795599,3183.4920212765956,63349.79217282158,614
102,Continental Europe,195621.7094450496,83777.1902950535,3923.499485066941,191698.20995998266,781
102,Hindu,54093.1750930495,30797.00436914998,2248.8695652173915,51844.30552783211,536
102,Islamic,87814.23419322752,46658.04621950657,2254.7179487179487,85559.51624450956,571
102,Japanese,29532.43108929326,7499.774548989197,1792.6470588235293,27739.78403046973,424
102,Other Civilizations,59174.95355345472,21852.908031767576,2068.969696969697,57105.98385648502,494
102,Other Western,4723.559888626502,2065.5588536278206,1601.2173913043478,3122.3424973221536,372
102,Sinic,303125.3220811699,132356.78354262284,3129.4270557029176,299995.89502546703,658
102,United States,146970.41844085266,64015.886785064984,1844.0637813211845,145126.35465953147,356
103,Anglosphere ex-US,68095.17982820001,30153.34834261754,3183.4920212765956,64911.687806923415,614
103,Continental Europe,195327.58328353433,83954.03093980956,3923.499485066941,191404.08379846739,781
103,Hindu,53640.02178303688,30167.5585280188,2248.8695652173915,51391.15221781949,536
103,Islamic,87537.39152438959,46397.963986977935,2254.7179487179487,85282.67357567164,571
103,Japanese,29494.79549789782,7471.269654062619,1792.6470588235293,27702.14843907429,424
103,Other Civilizations,60014.629856973814,22906.554272730715,2068.969696969697,57945.66016000412,494
103,Other Western,4700.984549843476,2048.4075131259924,1601.2173913043478,3099.767158539128,372
103,Sinic,304040.4850416244,133005.86888342933,3129.4270557029176,300911.0579859215,658
103,United States,146799.39502615455,63994.36079744692,1844.0637813211845,144955.33124483336,356
104,Anglosphere ex-US,67465.60239157744,29839.001133674654,3183.4920212765956,64282.11037030085,614
104,Continental Europe,193629.1293293694,82421.70154259267,3923.499485066941,189705.62984430246,781
104,Hindu,52870.36387231278,29759.757035867355,2248.8695652173915,50621.49430709539,536
104,Islamic,88860.20363821764,47921.36618272455,2254.7179487179487,86605.48568949969,571
104,Japanese,29147.746952957175,7317.461254446396,1792.6470588235293,27355.099894133647,424
104,Other Civilizations,60396.782308659065,23140.58540702232,2068.969696969697,58327.81261168937,494
104,Other Western,4915.467917488299,2221.6665231031848,1601.2173913043478,3314.2505261839506,372
104,Sinic,305323.26625691424,133896.98983983698,3129.4270557029176,302193.83920121135,658
104,United States,147709.9388557856,64429.016172765885,1844.0637813211845,145865.8750744644,356
105,Anglosphere ex-US,67495.97379602569,29764.74429240552,3183.4920212765956,64312.481774749096,614
105,Continental Europe,195112.91826769966,83594.92988850636,3923.499485066941,191189.4187826327,781
105,Hindu,54387.74030863303,31111.84504273654,2248.8695652173915,52138.87074341564,536
105,Islamic,88209.42342804132,47301.49483285523,2254.7179487179487,85954.70547932337,571
105,Japanese,29649.48374660778,7644.941312974108,1792.6470588235293,27856.836687784253,424
105,Other Civilizations,59603.34507571424,22398.998024036624,2068.969696969697,57534.375378744546,494
105,Other Western,4984.37734692772,2270.6190746626066,1601.2173913043478,3383.1599556233723,372
105,Sinic,304885.72305884736,133817.30335303108,3129.4270557029176,301756.29600314447,658
105,United States,147358.93320930685,64122.76088005252,1844.0637813211845,145514.86942798566,356
106,Anglosphere ex-US,67227.23822156338,29744.899634701,3183.4920212765956,64043.74620028679,614
106,Continental Europe,195076.7963126983,83074.92150375043,3923.499485066941,191153.29682763136,781
106,Hindu,53508.79435771086,30263.164324790712,2248.8695652173915,51259.92479249347,536
106,Islamic,89746.32232352163,48189.78733546073,2254.7179487179487,87491.60437480368,571
106,Japanese,29228.27905653495,7294.351083293698,1792.6470588235293,27435.63199771142,424
106,Other Civilizations,59571.43199037528,22267.184594248924,2068.969696969697,57502.46229340558,494
106,Other Western,4790.307928276263,2142.8411924602733,1601.2173913043478,3189.090536971915,372
106,Sinic,303706.0858515939,132889.9293397349,3129.4270557029176,300576.658795891,658
106,United States,147576.02888441866,64344.75467447412,1844.0637813211845,145731.96510309746,356
107,Anglosphere ex-US,67244.261132713,29543.74703867176,3183.4920212765956,64060.769111436406,614
107,Continental Europe,194310.3130319388,82534.118454396,3923.499485066941,190386.81354687185,781
107,Hindu,55016.3917531357,31822.70940467491,2248.8695652173915,52767.52218791831,536
107,Islamic,88149.23278985682,46962.58903773229,2254.7179487179487,85894.51484113887,571
107,Japanese,28691.657288794242,6858.231780014878,1792.6470588235293,26899.010229970714,424
107,Other Civilizations,59787.40619856649,22836.422501485373,2068.969696969697,57718.43650159679,494
107,Other Western,4565.239382446052,1926.3052497385058,1601.2173913043478,2964.0219911417043,372
107,Sinic,305488.8894311511,134436.99685744636,3129.4270557029176,302359.4623754482,658
107,United States,147671.909905925,64470.917207127626,1844.0637813211845,145827.8461246038,356
108,Anglosphere ex-US,66982.79524492398,29433.044427917455,3183.4920212765956,63799.30322364739,614
108,Continental Europe,194626.2679356124,83500.82660016317,3923.499485066941,190702.76845054547,781
108,Hindu,53075.207670721866,30116.4192372249,2248.8695652173915,50826.338105504474,536
108,Islamic,86967.20479213071,45912.41176628207,2254.7179487179487,84712.48684341276,571
108,Japanese,29231.950357362526,7378.976706581418,1792.6470588235293,27439.303298539,424
108,Other Civilizations,58465.80293936429,21436.685963305034,2068.969696969697,56396.83324239459,494
108,Other Western,5106.801594686377,2407.5469774302424,1601.2173913043478,3505.584203382029,372
108,Sinic,304349.8831871492,132959.16185780705,3129.4270557029176,301220.4561314463,658
108,United States,145830.241751072,62994.65124986463,1844.0637813211845,143986.1779697508,356
109,Anglosphere ex-US,67822.19280565264,29948.086562938206,3183.4920212765956,64638.700784376044,614
109,Continental Europe,194348.9280135575,82948.88144863244,3923.499485066941,190425.42852849056,781
109,Hindu,52843.59162278903,29678.996975331578,2248.8695652173915,50594.722057571635,536
109,Islamic,88126.24282874158,47095.291443270035,2254.7179487179487,85871.52488002363,571
109,Japanese,29605.314158553127,7471.203466107158,1792.6470588235293,27812.6670997296,424
109,Other Civilizations,59224.191516372615,22244.099425085915,2068.969696969697,57155.22181940292,494
109,Other Western,4959.414761366315,2210.0867194345424,1601.2173913043478,3358.1973700619674,372
109,Sinic,303720.22082903294,132692.4820194429,3129.4270557029176,300590.79377333005,658
109,United States,147152.90993330727,64152.37970246148,1844.0637813211845,145308.84615198607,356
110,Anglosphere ex-US,67573.49921165881,29820.515505923242,3183.4920212765956,64390.00719038222,614
110,Continental Europe,194667.2500456237,83158.72643161332,3923.499485066941,190743.75056055674,781
110,Hindu,53305.057036434075,30177.499109857294,2248.8695652173915,51056.18747121668,536
110,Islamic,88561.38901189264,47362.32004376988,2254.7179487179487,86306.67106317468,571
110,Japanese,29548.530980549294,7573.18337566035,1792.6470588235293,27755.883921725766,424
110,Other Civilizations,59598.6682802719,22588.305528107332,2068.969696969697,57529.698583302204,494
110,Other Western,4766.899944012133,2144.7505218811643,1601.2173913043478,3165.6825527077854,372
110,Sinic,302454.3114432079,132014.81223462964,3129.4270557029176,299324.884387505,658
110,United States,146737.76098573633,63652.80477421924,1844.0637813211845,144893.69720441513,356
111,Anglosphere ex-US,67261.15296925172,29582.22652900142,3183.4920212765956,64077.66094797513,614
111,Continental Europe,194673.51120548375,83093.35657345205,3923.499485066941,190750.0117204168,781
111,Hindu,52873.106107225525,29755.548878873422,2248.8695652173915,50624.23654200813,536
111,Islamic,87789.9750480453,46479.305189223254,2254.7179487179487,85535.25709932734,571
111,Japanese,29378.998367990403,7517.596079292942,1792.6470588235293,27586.351309166876,424
111,Other Civilizations,59320.76742082643,22243.498535827588,2068.969696969697,57251.79772385673,494
111,Other Western,4899.060340455061,2184.594811877556,1601.2173913043478,3297.842949150713,372
111,Sinic,303559.29235999944,132942.50479407576,3129.4270557029176,300429.86530429655,658
111,United States,147554.04889485543,64399.68276304594,1844.0637813211845,145709.98511353423,356
112,Anglosphere ex-US,67690.15770841087,30063.2364339598,3183.4920212765956,64506.66568713428,614
112,Continental Europe,195870.17047251356,84152.93741445811,3923.499485066941,191946.67098744662,781
112,Hindu,53283.783470497445,29937.514733637778,2248.8695652173915,51034.91390528005,536
112,Islamic,89967.57885041252,48602.499450711606,2254.7179487179487,87712.86090169457,571
112,Japanese,29154.290346211077,7247.894148759103,1792.6470588235293,27361.64328738755,424
112,Other Civilizations,59395.89649611143,22358.885508410734,2068.969696969697,57326.92679914174,494
112,Other Western,4633.502918396184,2021.931157557445,1601.2173913043478,3032.2855270918362,372
112,Sinic,305700.60702761554,135028.00279320087,3129.4270557029176,302571.17997191264,658
112,United States,147070.9106574612,63719.72315310483,1844.0637813211845,145226.84687614,356
113,Anglosphere ex-US,67151.1139320553,29620.40058820945,3183.4920212765956,63967.62191077871,614
113,Continental Europe,195076.6099675662,83533.57241524605,3923.499485066941,191153.11048249927,781
113,Hindu,53809.53427104704,30382.176093297527,2248.8695652173915,51560.66470582965,536
113,Islamic,88559.02800377188,47118.56565668087,2254.7179487179487,86304.31005505392,571
113,Japanese,29168.026532297095,7271.0653519146745,1792.6470588235293,27375.379473473567,424
113,Other Civilizations,58929.20395632302,21861.940864955362,2068.969696969697,56860.234259353325,494
113,Other Western,4738.1237156138095,2122.3915492792303,1601.2173913043478,3136.9063243094615,372
113,Sinic,303951.8972383699,133327.2250639647,3129.4270557029176,300822.470182667,658
113,United States,147835.6610852675,64568.402139303675,1844.0637813211845,145991.5973039463,356
114,Anglosphere ex-US,67413.64760445901,29745.589728743522,3183.4920212765956,64230.155583182415,614
114,Continental Europe,195010.28061347344,83576.05783604864,3923.499485066941,191086.7811284065,781
114,Hindu,52798.29967366744,29572.606722420882,2248.8695652173915,50549.43010845005,536
114,Islamic,88755.22354563937,47583.68186574256,2254.7179487179487,86500.50559692142,571
114,Japanese,28932.13697602255,7104.117778835011,1792.6470588235293,27139.489917199022,424
114,Other Civilizations,58533.73853747657,21859.250407572294,2068.969696969697,56464.76884050688,494
114,Other Western,4724.323258750563,2108.081228226632,1601.2173913043478,3123.1058674462147,372
114,Sinic,302154.66599626804,131510.25311348756,3129.4270557029176,299025.23894056515,658
114,United States,146765.082518741,63563.92132285363,1844.0637813211845,144921.0187374198,356
115,Anglosphere ex-US,66736.75085086533,29344.30561701377,3183.4920212765956,63553.25882958873,614
115,Continental Europe,194801.87112604367,83454.4779596551,3923.499485066941,190878.37164097672,781
115,Hindu,53183.34776118053,29989.16563673073,2248.8695652173915,50934.47819596314,536
115,Islamic,88729.37341185179,47390.02066490903,2254.7179487179487,86474.65546313384,571
115,Japanese,28976.7356648499,7171.771816157422,1792.6470588235293,27184.088606026373,424
115,Other Civilizations,59456.10101265556,22213.308202112195,2068.969696969697,57387.13131568587,494
115,Other Western,4788.966388542811,2137.87448098139,1601.2173913043478,3187.748997238463,372
115,Sinic,304386.4590545697,133332.99976058508,3129.4270557029176,301257.0319988668,658
115,United States,147926.92947067833,64559.42697567194,1844.0637813211845,146082.86568935713,356
116,Anglosphere ex-US,67693.90553970217,29747.618359485186,3183.4920212765956,64510.41351842558,614
116,Continental Europe,195977.2945114905,84282.15330519027,3923.499485066941,192053.79502642356,781
116,Hindu,53300.67515659631,30305.098009613153,2248.8695652173915,51051.80559137892,536
116,Islamic,87656.80507117606,46461.027076393606,2254.7179487179487,85402.0871224581,571
116,Japanese,29289.11409439889,7332.484829767013,1792.6470588235293,27496.467035575362,424
116,Other Civilizations,59245.64265225364,22391.973389091916,2068.969696969697,57176.672955283946,494
116,Other Western,4807.006611858334,2089.7373073260324,1601.2173913043478,3205.7892205539856,372
116,Sinic,303032.96803855273,132546.29642274603,3129.4270557029176,299903.54098284984,658
116,United States,146931.54978982813,63777.923964638714,1844.0637813211845,145087.48600850694,356
117,Anglosphere ex-US,67718.42982876474,29976.102789555807,3183.4920212765956,64534.937807488146,614
117,Continental Europe,194047.67234854697,82434.52110013191,3923.499485066941,190124.17286348002,781
117,Hindu,52675.01475578126,29605.488945050933,2248.8695652173915,50426.14519056387,536
117,Islamic,87889.99018449022,46739.53903122013,2254.7179487179487,85635.27223577227,571
117,Japanese,29137.251254977775,7269.427680713923,1792.6470588235293,27344.604196154247,424
117,Other Civilizations,59325.30066102416,22515.314387093786,2068.969696969697,57256.33096405446,494
117,Other Western,4800.68276368961,2176.249729091345,1601.2173913043478,3199.4653723852616,372
117,Sinic,303129.87702664913,131879.4802416238,3129.4270557029176,300000.44997094624,658
117,United States,147746.9066859671,64367.469450334276,1844.0637813211845,145902.8429046459,356
118,Anglosphere ex-US,67471.73800176712,29794.206690752326,3183.4920212765956,64288.24598049053,614
118,Continental Europe,195653.4618322997,83711.38525197678,3923.499485066941,191729.96234723277,781
118,Hindu,53441.35463695212,29992.13213182655,2248.8695652173915,51192.48507173473,536
118,Islamic,88380.33706675806,47331.349775124225,2254.7179487179487,86125.61911804011,571
118,Japanese,29597.99305481215,7449.874820566066,1792.6470588235293,27805.34599598862,424
118,Other Civilizations,60024.76374444092,22629.780369390213,2068.969696969697,57955.79404747122,494
118,Other Western,4713.508063199169,2104.6496919890683,1601.2173913043478,3112.2906718948207,372
118,Sinic,302070.6192779732,131725.98332835324,3129.4270557029176,298941.1922222703,658
118,United States,147262.72841056445,64069.39370023547,1844.0637813211845,145418.66462924326,356
119,Anglosphere ex-US,67110.63866333113,29546.034599693354,3183.4920212765956,63927.14664205454,614
119,Continental Europe,194742.38149483438,82953.51760162978,3923.499485066941,190818.88200976743,781
119,Hindu,53417.046089236355,30326.74612506761,2248.8695652173915,51168.17652401896,536
119,Islamic,88815.72491092156,47472.134285605855,2254.7179487179487,86561.00696220361,571
119,Japanese,29657.107964999348,7578.0670600363455,1792.6470588235293,27864.46090617582,424
119,Other Civilizations,59395.99743678193,22337.526120871604,2068.969696969697,57327.027739812234,494
119,Other Western,4935.3530882258,2257.65946371042,1601.2173913043478,3334.135696921452,372
119,Sinic,304220.93927029683,133353.6017599228,3129.4270557029176,301091.51221459394,658
119,United States,147703.22771210983,64511.43116734093,1844.0637813211845,145859.16393078864,356
120,Anglosphere ex-US,67824.91578711962,30083.80764823909,3183.4920212765956,64641.42376584303,614
120,Continental Europe,194577.29042673454,82940.3446089044,3923.499485066941,190653.7909416676,781
120,Hindu,54256.94761731425,31107.17768368573,2248.8695652173915,52008.078052096855,536
120,Islamic,88101.3409762409,47073.12156569694,2254.7179487179487,85846.62302752295,571
120,Japanese,29412.444014211527,7455.219996840593,1792.6470588235293,27619.796955388,424
120,Other Civilizations,59402.344199035455,22502.41863137744,2068.969696969697,57333.37450206576,494
120,Other Western,4968.81379312029,2288.0032650921476,1601.2173913043478,3367.596401815942,372
120,Sinic,303197.55281994864,132464.8497310207,3129.4270557029176,300068.12576424575,658
120,United States,147651.01261394285,64603.69613847563,1844.0637813211845,145806.94883262165,356
121,Anglosphere ex-US,67679.12254138966,30113.141444366545,3183.4920212765956,64495.63052011307,614
121,Continental Europe,195540.32207456062,83831.07223996519,3923.499485066941,191616.82258949368,781
121,Hindu,54079.039301999524,30946.6677780231,2248.8695652173915,51830.16973678213,536
121,Islamic,89074.48881883163,47568.623924973785,2254.7179487179487,86819.77087011367,571
121,Japanese,28993.59672767247,7249.891744185504,1792.6470588235293,27200.94966884894,424
121,Other Civilizations,59239.03039619795,22360.621403123736,2068.969696969697,57170.060699228256,494
121,Other Western,4745.793314487636,2083.2931099917914,1601.2173913043478,3144.575923183288,372
121,Sinic,304076.27660164237,133242.79487008927,3129.4270557029176,300946.8495459395,658
121,United States,146700.53080484728,63741.61269938702,1844.0637813211845,144856.4670235261,356
122,Anglosphere ex-US,66824.37091984868,29299.546567882066,3183.4920212765956,63640.87889857208,614
122,Continental Europe,194195.17772783327,82769.32249129385,3923.499485066941,190271.67824276633,781
122,Hindu,54064.47772618518,30962.905078879456,2248.8695652173915,51815.608160967786,536
122,Islamic,89053.95181843214,47656.97662411625,2254.7179487179487,86799.23386971418,571
122,Japanese,29144.642669870234,7251.76223472542,1792.6470588235293,27351.995611046706,424
122,Other Civilizations,59044.94004318502,22013.96471888606,2068.969696969697,56975.97034621533,494
122,Other Western,4804.435703610543,2120.662009338307,1601.2173913043478,3203.218312306195,372
122,Sinic,305306.5136223851,134003.4403367985,3129.4270557029176,302177.0865666822,658
122,United States,147810.14691689104,64407.45567044013,1844.0637813211845,145966.08313556985,356
123,Anglosphere ex-US,68450.9901698539,30606.3829369224,3183.4920212765956,65267.49814857731,614
123,Continental Europe,195211.6960622148,83740.73885667304,3923.499485066941,191288.19657714784,781
123,Hindu,53315.47280773843,30090.93185640907,2248.8695652173915,51066.603242521036,536
123,Islamic,89877.72984242857,48216.39019020277,2254.7179487179487,87623.01189371062,571
123,Japanese,29708.691774968596,7545.091550028845,1792.6470588235293,27916.04471614507,424
123,Other Civilizations,59433.73001437826,22300.29907108615,2068.969696969697,57364.76031740857,494
123,Other Western,4781.052216494321,2106.5418158722564,1601.2173913043478,3179.8348251899733,372
123,Sinic,305076.6398017843,134238.3354318461,3129.4270557029176,301947.2127460814,658
123,United States,147121.5167160788,63823.89573856756,1844.0637813211845,145277.4529347576,356
124,Anglosphere ex-US,67911.29340652259,30286.492804417485,3183.4920212765956,64727.80138524599,614
124,Continental Europe,195090.1740846853,83309.76371364316,3923.499485066941,191166.67459961836,781
124,Hindu,53668.44463572094,30455.840274613784,2248.8695652173915,51419.575070503546,536
124,Islamic,87523.56788232224,46516.27763478261,2254.7179487179487,85268.84993360429,571
124,Japanese,29594.615633664245,7586.3722490283935,1792.6470588235293,27801.968574840717,424
124,Other Civilizations,59274.51130057503,22395.244332382656,2068.969696969697,57205.541603605336,494
124,Other Western,4857.5197585436035,2146.571442203192,1601.2173913043478,3256.3023672392555,372
124,Sinic,305079.1880881075,133945.62495254006,3129.4270557029176,301949.7610324046,658
124,United States,146832.98251552618,64027.238406696895,1844.0637813211845,144988.91873420498,356
125,Anglosphere ex-US,68334.08904576531,30376.67355300821,3183.4920212765956,65150.59702448872,614
125,Continental Europe,195260.3928409592,83761.07399259403,3923.499485066941,191336.89335589224,781
125,Hindu,53528.00683234231,30512.00833345057,2248.8695652173915,51279.13726712492,536
125,Islamic,88081.5528672137,46962.278797884384,2254.7179487179487,85826.83491849575,571
125,Japanese,29515.183504824192,7485.32521538211,1792.6470588235293,27722.536446000664,424
125,Other Civilizations,58919.15313618604,22055.964284100657,2068.969696969697,56850.183439216344,494
125,Other Western,4823.773769585339,2119.907923865713,1601.2173913043478,3222.5563782809913,372
125,Sinic,303910.5101849519,132845.15592249235,3129.4270557029176,300781.083129249,658
125,United States,146894.4341334083,63791.73882189281,1844.0637813211845,145050.3703520871,356
126,Anglosphere ex-US,68050.91417572292,30158.383569070134,3183.4920212765956,64867.42215444633,614
126,Continental Europe,196141.72606822907,84296.013519263,3923.499485066941,192218.22658316212,781
126,Hindu,53190.942878488364,30087.22252076101,2248.8695652173915,50942.07331327097,536
126,Islamic,88325.44609901315,46993.75050635643,2254.7179487179487,86070.7281502952,571
126,Japanese,29514.97140015722,7457.289951308002,1792.6470588235293,27722.324341333693,424
126,Other Civilizations,59830.7663714832,22645.030428586873,2068.969696969697,57761.796674513505,494
126,Other Western,4867.258676460244,2197.5192054758586,1601.2173913043478,3266.041285155896,372
126,Sinic,303305.8988831359,132400.50833951318,3129.4270557029176,300176.471827433,658
126,United States,147345.95627737904,64147.91016335192,1844.0637813211845,145501.89249605784,356
127,Anglosphere ex-US,67888.65929253797,30324.394802169554,3183.4920212765956,64705.16727126137,614
127,Continental Europe,194085.45100386403,82766.92551688803,3923.499485066941,190161.95151879708,781
127,Hindu,52845.62347740926,29597.023372878743,2248.8695652173915,50596.75391219187,536
127,Islamic,87793.87444678953,46577.0700485948,2254.7179487179487,85539.15649807158,571
127,Japanese,29578.527749047782,7487.236283104029,1792.6470588235293,27785.880690224254,424
127,Other Civilizations,60548.430668520174,23080.21619486078,2068.969696969697,58479.46097155048,494
127,Other Western,4693.098587405007,2052.9872542369144,1601.2173913043478,3091.8811961006586,372
127,Sinic,304479.47426242754,133464.34895791928,3129.4270557029176,301350.04720672464,658
127,United States,147729.86781891895,64559.1740062106,1844.0637813211845,145885.80403759776,356
128,Anglosphere ex-US,67587.0543244006,29811.320946345368,3183.4920212765956,64403.562303124,614
128,Continental Europe,194824.69457559395,83029.12329548597,3923.499485066941,190901.195090527,781
128,Hindu,53628.864377373015,30335.193844185316,2248.8695652173915,51379.99481215562,536
128,Islamic,88347.64206627833,47412.93923938913,2254.7179487179487,86092.92411756038,571
128,Japanese,29208.131044788057,7319.001517269808,1792.6470588235293,27415.48398596453,424
128,Other Civilizations,59053.0526187839,22315.213946100597,2068.969696969697,56984.0829218142,494
128,Other Western,4954.68526160243,2295.8338794002866,1601.2173913043478,3353.467870298082,372
128,Sinic,304190.9584486048,133067.4900846155,3129.4270557029176,301061.5313929019,658
128,United States,147206.66198265957,64061.77683490704,1844.0637813211845,145362.59820133838,356
129,Anglosphere ex-US,67638.24571607364,29932.044669345174,3183.4920212765956,64454.753694797044,614
129,Continental Europe,195186.7242582603,83465.11263388273,3923.499485066941,191263.22477319336,781
129,Hindu,53324.345156110285,30195.408147632865,2248.8695652173915,51075.47559089289,536
129,Islamic,88127.34775948676,47014.91433403575,2254.7179487179487,85872.6298107688,571
129,Japanese,29355.358066808323,7310.427002133265,1792.6470588235293,27562.711007984795,424
129,Other Civilizations,60405.97415053882,23004.087592916243,2068.969696969697,58337.00445356913,494
129,Other Western,4760.103937545029,2096.2102686924773,1601.2173913043478,3158.886546240681,372
129,Sinic,304514.2924459138,133738.41103092898,3129.4270557029176,301384.8653902109,658
129,United States,147112.8347782138,64187.56256664552,1844.0637813211845,145268.7709968926,356
130,Anglosphere ex-US,67764.62139466376,29993.65451490067,3183.4920212765956,64581.129373387164,614
130,Continental Europe,195842.04530332427,83979.24107755927,3923.499485066941,191918.54581825732,781
130,Hindu,54040.54507364165,30976.294486660136,2248.8695652173915,51791.67550842426,536
130,Islamic,86997.09937278935,45978.667958818034,2254.7179487179487,84742.3814240714,571
130,Japanese,29504.753007101466,7559.781566680928,1792.6470588235293,27712.10594827794,424
130,Other Civilizations,58880.52749764695,22014.11789841949,2068.969696969697,56811.557800677256,494
130,Other Western,4948.34841692726,2287.731988596535,1601.2173913043478,3347.1310256229117,372
130,Sinic,304591.7505290973,133640.12842850073,3129.4270557029176,301462.3234733944,658
130,United States,146957.95842060473,63612.255171066034,1844.0637813211845,145113.89463928354,356
131,Anglosphere ex-US,67214.31934847904,29622.17299126779,3183.4920212765956,64030.827327202445,614
131,Continental Europe,195802.38609122293,84164.21411213661,3923.499485066941,191878.88660615598,781
131,Hindu,53393.201528335296,30088.499387117074,2248.8695652173915,51144.331963117904,536
131,Islamic,88397.17177747845,46913.39047764009,2254.7179487179487,86142.4538287605,571
131,Japanese,29497.58639067964,7498.307202732872,1792.6470588235293,27704.939331856112,424
131,Other Civilizations,59156.54134653855,22057.549805862905,2068.969696969697,57087.571649568854,494
131,Other Western,4869.4033383794185,2192.7559358353155,1601.2173913043478,3268.1859470750705,372
131,Sinic,303303.9655299277,132560.37763529987,3129.4270557029176,300174.5384742248,658
131,United States,147087.32877529593,64176.178659043624,1844.0637813211845,145243.26499397474,356
132,Anglosphere ex-US,67079.70963122312,29461.24119594387,3183.4920212765956,63896.21760994652,614
132,Continental Europe,196409.15290227332,84800.5346767563,3923.499485066941,192485.65341720637,781
132,Hindu,53316.79744581815,30106.21163275036,2248.8695652173915,51067.92788060076,536
132,Islamic,87301.09754796108,46126.48993336365,2254.7179487179487,85046.37959924313,571
132,Japanese,29369.99193527129,7386.026391240723,1792.6470588235293,27577.34487644776,424
132,Other Civilizations,59799.844390098486,22530.019996058574,2068.969696969697,57730.87469312879,494
132,Other Western,4843.735004106605,2130.6096334047234,1601.2173913043478,3242.5176128022567,372
132,Sinic,304561.51409179904,133515.02407604168,3129.4270557029176,301432.08703609614,658
132,United States,146446.9551559975,63303.53997412482,1844.0637813211845,144602.8913746763,356
133,Anglosphere ex-US,67394.18669026106,29739.789619574185,3183.4920212765956,64210.69466898447,614
133,Continental Europe,194874.5329485003,83317.06075586329,3923.499485066941,190951.03346343336,781
133,Hindu,54478.22861847395,31101.54128915293,2248.8695652173915,52229.35905325656,536
133,Islamic,87939.09182534911,47079.80686487882,2254.7179487179487,85684.37387663116,571
133,Japanese,29144.972381230487,7208.102298640422,1792.6470588235293,27352.32532240696,424
133,Other Civilizations,59308.004186665,22149.67285756271,2068.969696969697,57239.0344896953,494
133,Other Western,4856.527296340895,2107.065876848052,1601.2173913043478,3255.309905036547,372
133,Sinic,304009.6402058631,132993.99819954394,3129.4270557029176,300880.2131501602,658
133,United States,147287.996755946,64065.358225748176,1844.0637813211845,145443.9329746248,356
134,Anglosphere ex-US,67669.0259104316,29952.343356725956,3183.4920212765956,64485.53388915501,614
134,Continental Europe,194653.5802574503,83235.8023199547,3923.499485066941,190730.08077238334,781
134,Hindu,53432.42814040901,30141.80104956313,2248.8695652173915,51183.558575191615,536
134,Islamic,88230.76151084542,46925.61569879001,2254.7179487179487,85976.04356212747,571
134,Japanese,29457.18206657747,7483.293116556632,1792.6470588235293,27664.53500775394,424
134,Other Civilizations,59119.15550936079,22079.49028806506,2068.969696969697,57050.18581239109,494
134,Other Western,5023.75367963809,2313.191399434701,1601.2173913043478,3422.536288333742,372
134,Sinic,302331.6959467518,131964.22225254143,3129.4270557029176,299202.2688910489,658
134,United States,147241.01521265248,64008.836729858995,1844.0637813211845,145396.95143133128,356
135,Anglosphere ex-US,66449.7987960965,28942.239314977094,3183.4920212765956,63266.3067748199,614
135,Continental Europe,195584.12588516268,83834.14382919624,3923.499485066941,191660.62640009573,781
135,Hindu,53410.29968245689,30145.729904165975,2248.8695652173915,51161.4301172395,536
135,Islamic,88405.27809566942,47129.00717904679,2254.7179487179487,86150.56014695147,571
135,Japanese,29059.886824023404,7238.752659734538,1792.6470588235293,27267.239765199876,424
135,Other Civilizations,58802.40549093667,21966.07570716005,2068.969696969697,56733.43579396697,494
135,Other Western,4796.499888689224,2144.861651246012,1601.2173913043478,3195.2824973848756,372
135,Sinic,304908.6959006353,134058.8961983862,3129.4270557029176,301779.26884493243,658
135,United States,146815.33421472742,63942.34115924381,1844.0637813211845,144971.27043340623,356
136,Anglosphere ex-US,67341.345237615,29616.178830286797,3183.4920212765956,64157.8532163384,614
136,Continental Europe,195027.38458260853,83297.85406957775,3923.499485066941,191103.88509754158,781
136,Hindu,53739.946209739464,30701.143859410193,2248.8695652173915,51491.07664452207,536
136,Islamic,88218.32519067955,46781.56987440927,2254.7179487179487,85963.6072419616,571
136,Japanese,29098.688524992365,7153.4923054647425,1792.6470588235293,27306.041466168837,424
136,Other Civilizations,59950.84775112601,22632.110731079298,2068.969696969697,57881.87805415632,494
136,Other Western,4643.909800131828,2037.776626896503,1601.2173913043478,3042.69240882748,372
136,Sinic,302186.0824539609,131927.03023107132,3129.4270557029176,299056.655398258,658
136,United States,147291.3715592884,63937.574503338794,1844.0637813211845,145447.30777796722,356
137,Anglosphere ex-US,67402.88880242154,29615.58099618,3183.4920212765956,64219.39678114495,614
137,Continental Europe,195727.7073310372,83827.95134878256,3923.499485066941,191804.20784597026,781
137,Hindu,54126.48665649597,30892.429631475927,2248.8695652173915,51877.617091278575,536
137,Islamic,88931.1220813121,47722.3261811801,2254.7179487179487,86676.40413259415,571
137,Japanese,29186.598476753836,7224.281008371719,1792.6470588235293,27393.951417930308,424
137,Other Civilizations,59651.33024664559,22408.850885768054,2068.969696969697,57582.3605496759,494
137,Other Western,4969.94652993421,2290.89073725603,1601.2173913043478,3368.729138629862,372
137,Sinic,301490.1306111207,131420.7206096034,3129.4270557029176,298360.70355541783,658
137,United States,147481.54314818082,64299.53515151994,1844.0637813211845,145637.47936685962,356
138,Anglosphere ex-US,67472.81590431173,29793.12474028104,3183.4920212765956,64289.32388303514,614
138,Continental Europe,194901.5110058441,82933.5186247804,3923.499485066941,190978.01152077716,781
138,Hindu,53917.662822876635,30906.821770639293,2248.8695652173915,51668.79325765924,536
138,Islamic,89168.67581247864,47770.92409838219,2254.7179487179487,86913.95786376069,571
138,Japanese,29417.79019826561,7425.140962421161,1792.6470588235293,27625.143139442083,424
138,Other Civilizations,59272.02735049936,22347.561024844115,2068.969696969697,57203.057653529664,494
138,Other Western,4854.945997041826,2147.3257677658635,1601.2173913043478,3253.7286057374777,372
138,Sinic,303027.36082301894,132633.9177509687,3129.4270557029176,299897.93376731605,658
138,United States,146697.5758350225,63804.15474742728,1844.0637813211845,144853.5120537013,356
139,Anglosphere ex-US,67861.35766253262,30073.457330550562,3183.4920212765956,64677.86564125603,614
139,Continental Europe,195121.0362033469,83832.99621420265,3923.499485066941,191197.53671827997,781
139,Hindu,53948.42338487566,30699.19058124671,2248.8695652173915,51699.55381965827,536
139,Islamic,88018.87684549697,46887.217783384236,2254.7179487179487,85764.15889677902,571
139,Japanese,29274.934411473114,7280.213922478818,1792.6470588235293,27482.287352649586,424
139,Other Civilizations,59592.010470874826,22645.21836226939,2068.969696969697,57523.04077390513,494
139,Other Western,4996.59171963928,2325.655641202525,1601.2173913043478,3395.374328334932,372
139,Sinic,304552.28473721235,133685.87666748927,3129.4270557029176,301422.85768150946,658
139,United States,146876.67380219352,63999.888351680645,1844.0637813211845,145032.61002087232,356
140,Anglosphere ex-US,68089.91275192569,30183.748716703296,3183.4920212765956,64906.42073064909,614
140,Continental Europe,194876.29583663045,83614.35712754323,3923.499485066941,190952.7963515635,781
140,Hindu,53938.67996371151,30681.814608363806,2248.8695652173915,51689.81039849412,536
140,Islamic,89327.73586029082,47874.438512097324,2254.7179487179487,87073.01791157287,571
140,Japanese,28998.664334434234,7128.19918780524,1792.6470588235293,27206.017275610706,424
140,Other Civilizations,60129.59842419342,22711.6726114877,2068.969696969697,58060.628727223724,494
140,Other Western,4773.396210293728,2124.1653564130743,1601.2173913043478,3172.1788189893796,372
140,Sinic,301764.29749694205,131691.77775326162,3129.4270557029176,298634.87044123915,658
140,United States,147123.98058811118,64340.66717381603,1844.0637813211845,145279.91680679,356
141,Anglosphere ex-US,67137.97538706585,29568.184852208746,3183.4920212765956,63954.48336578925,614
141,Continental Europe,195171.18015175912,83663.47083171761,3923.499485066941,191247.68066669218,781
141,Hindu,53920.006474905706,30841.968081750474,2248.8695652173915,51671.13690968831,536
141,Islamic,88687.06694381443,47486.26229359186,2254.7179487179487,86432.34899509647,571
141,Japanese,29404.57992866275,7393.030574681855,1792.6470588235293,27611.932869839224,424
141,Other Civilizations,59593.44133403798,22597.66993685707,2068.969696969697,57524.47163706829,494
141,Other Western,4828.359541030611,2112.288912399653,1601.2173913043478,3227.1421497262627,372
141,Sinic,305019.4804059339,134146.6761332969,3129.4270557029176,301890.053350231,658
141,United States,146780.23386105883,63755.27996017826,1844.0637813211845,144936.17007973764,356
142,Anglosphere ex-US,67882.51698930707,30105.98516137228,3183.4920212765956,64699.02496803048,614
142,Continental Europe,194303.14736830175,83241.52552425397,3923.499485066941,190379.6478832348,781
142,Hindu,53507.76687778,30383.104607013684,2248.8695652173915,51258.89731256261,536
142,Islamic,88415.59111623914,47229.676767683406,2254.7179487179487,86160.87316752119,571
142,Japanese,29665.714113367903,7475.657077263977,1792.6470588235293,27873.067054544375,424
142,Other Civilizations,59836.48454094563,23006.791630113734,2068.969696969697,57767.514843975936,494
142,Other Western,5005.291389857892,2319.3809851003084,1601.2173913043478,3404.073998553544,372
142,Sinic,303447.5376906784,132965.25400716573,3129.4270557029176,300318.1106349755,658
142,United States,146819.96325078965,63721.04339961382,1844.0637813211845,144975.89946946845,356
143,Anglosphere ex-US,68491.6958909921,30530.039684605137,3183.4920212765956,65308.2038697155,614
143,Continental Europe,194848.34922395085,83380.30994466736,3923.499485066941,190924.8497388839,781
143,Hindu,53752.40988504306,30488.93488578259,2248.8695652173915,51503.54031982567,536
143,Islamic,89469.92809536532,48051.65234882517,2254.7179487179487,87215.21014664737,571
143,Japanese,29884.380892255336,7686.375169071492,1792.6470588235293,28091.73383343181,424
143,Other Civilizations,59481.85397393939,22397.386267363043,2068.969696969697,57412.88427696969,494
143,Other Western,4754.337317877951,2057.3271129365603,1601.2173913043478,3153.119926573603,372
143,Sinic,302250.0763566311,131848.2367267017,3129.4270557029176,299120.6493009282,658
143,United States,146809.79490501818,63628.688063876565,1844.0637813211845,144965.73112369698,356
144,Anglosphere ex-US,67327.80624801855,29658.78317809172,3183.4920212765956,64144.31422674195,614
144,Continental Europe,194583.62327332023,83260.89600643187,3923.499485066941,190660.1237882533,781
144,Hindu,53801.69557795022,30681.40084551653,2248.8695652173915,51552.826012732825,536
144,Islamic,88442.92181965848,47081.49080859684,2254.7179487179487,86188.20387094053,571
144,Japanese,29333.927123648784,7399.420703765053,1792.6470588235293,27541.280064825256,424
144,Other Civilizations,58718.20129423954,21911.863727698426,2068.969696969697,56649.23159726984,494
144,Other Western,4857.067891299859,2171.6389323260128,1601.2173913043478,3255.850499995511,372
144,Sinic,303999.6151602359,133034.07871650407,3129.4270557029176,300870.188104533,658
144,United States,147674.22322320362,64338.600549714036,1844.0637813211845,145830.15944188242,356
145,Anglosphere ex-US,67702.66092021162,29972.976843296045,3183.4920212765956,64519.16889893503,614
145,Continental Europe,195651.0513898835,83704.77011103586,3923.499485066941,191727.55190481656,781
145,Hindu,53801.46635793465,30604.07581961483,2248.8695652173915,51552.59679271726,536
145,Islamic,88303.20530263911,47043.650643976114,2254.7179487179487,86048.48735392115,571
145,Japanese,29679.05492208949,7661.8985556857015,1792.6470588235293,27886.407863265962,424
145,Other Civilizations,59747.06888916613,22648.24761065829,2068.969696969697,57678.09919219643,494
145,Other Western,4813.461968019925,2181.2402115210057,1601.2173913043478,3212.244576715577,372
145,Sinic,302641.65866756754,132128.1342280108,3129.4270557029176,299512.23161186464,658
145,United States,147227.6460242457,64198.36124867734,1844.0637813211845,145383.58224292452,356
146,Anglosphere ex-US,66728.28687723928,29216.08270557239,3183.4920212765956,63544.79485596269,614
146,Continental Europe,195126.4990359724,83632.11430168495,3923.499485066941,191202.99955090546,781
146,Hindu,53751.00807247055,30536.811198769796,2248.8695652173915,51502.138507253156,536
146,Islamic,89455.90432730265,48037.44886344825,2254.7179487179487,87201.1863785847,571
146,Japanese,29173.040228772054,7283.924753008639,1792.6470588235293,27380.393169948526,424
146,Other Civilizations,58879.28030914719,21901.515754005155,2068.969696969697,56810.31061217749,494
146,Other Western,4758.67412717315,2086.8667332084788,1601.2173913043478,3157.456735868802,372
146,Sinic,304459.27837766183,133477.14961690482,3129.4270557029176,301329.85132195894,658
146,United States,147257.44521867018,64146.40320687174,1844.0637813211845,145413.381437349,356
147,Anglosphere ex-US,68007.35189600085,30162.09182261633,3183.4920212765956,64823.85987472426,614
147,Continental Europe,195422.95500499278,83684.1109162954,3923.499485066941,191499.45551992583,781
147,Hindu,52901.35217551682,29663.926592851014,2248.8695652173915,50652.48261029943,536
147,Islamic,88256.31447343284,46902.11537457377,2254.7179487179487,86001.59652471489,571
147,Japanese,29435.59903937842,7484.547864135548,1792.6470588235293,27642.95198055489,424
147,Other Civilizations,58890.756210111955,22057.81539573648,2068.969696969697,56821.78651314226,494
147,Other Western,4913.011523387682,2203.9564564088,1601.2173913043478,3311.7941320833343,372
147,Sinic,304051.0009735599,133531.3893175285,3129.4270557029176,300921.573917857,658
147,United States,146498.5636832062,63274.413657400706,1844.0637813211845,144654.499901885,356
148,Anglosphere ex-US,68216.65078133898,30285.706246550668,3183.4920212765956,65033.15876006238,614
148,Continental Europe,195001.21765137842,83431.28131700832,3923.499485066941,191077.71816631148,781
148,Hindu,54512.80463195006,31088.361538566092,2248.8695652173915,52263.935066732665,536
148,Islamic,89294.11213230321,47991.079081996846,2254.7179487179487,87039.39418358526,571
148,Japanese,29424.2024936061,7419.146344356955,1792.6470588235293,27631.55543478257,424
148,Other Civilizations,58732.43903028614,21678.86099220228,2068.969696969697,56663.46933331645,494
148,Other Western,4679.132610279019,1990.267696574911,1601.2173913043478,3077.915218974671,372
148,Sinic,302579.72278119554,131802.74840037318,3129.4270557029176,299450.29572549264,658
148,United States,146586.4199353641,63665.50701397822,1844.0637813211845,144742.3561540429,356
149,Anglosphere ex-US,67107.22933680337,29289.014290135114,3183.4920212765956,63923.73731552678,614
149,Continental Europe,195613.11548908637,83888.11686020883,3923.499485066941,191689.61600401942,781
149,Hindu,53899.85426978179,30629.437668219005,2248.8695652173915,51650.9847045644,536
149,Islamic,89461.26257668287,48038.60611388028,2254.7179487179487,87206.54462796492,571
149,Japanese,29341.92970129341,7409.551897629064,1792.6470588235293,27549.282642469883,424
149,Other Civilizations,58724.787760364474,21863.954432670995,2068.969696969697,56655.81806339478,494
149,Other Western,4791.695930238829,2101.3519746663633,1601.2173913043478,3190.4785389344806,372
149,Sinic,302317.3404448052,132160.46343313003,3129.4270557029176,299187.9133891023,658
149,United States,146709.61981317546,63551.68634462265,1844.0637813211845,144865.55603185427,356
150,Anglosphere ex-US,67472.35226267857,29735.24370967203,3183.4920212765956,64288.86024140198,614
150,Continental Europe,194947.04838861397,83432.69023394487,3923.499485066941,191023.54890354702,781
150,Hindu,52988.280566696616,29927.452562941828,2248.8695652173915,50739.411001479224,536
150,Islamic,87875.4833734808,46589.7133953868,2254.7179487179487,85620.76542476285,571
150,Japanese,29504.68956921884,7495.468377114152,1792.6470588235293,27712.042510395313,424
150,Other Civilizations,59499.85399282265,22439.104391071163,2068.969696969697,57430.88429585296,494
150,Other Western,4942.242861129029,2271.1034148479507,1601.2173913043478,3341.025469824681,372
150,Sinic,304965.5840872741,134191.00589772718,3129.4270557029176,301836.1570315712,658
150,United States,148040.54357741404,64444.380337541756,1844.0637813211845,146196.47979609284,356
151,Anglosphere ex-US,67415.08909061085,29953.355117954416,3183.4920212765956,64231.59706933426,614
151,Continental Europe,196033.2756419768,84059.52001150424,3923.499485066941,192109.77615690985,781
151,Hindu,53339.31018018641,30187.475582680065,2248.8695652173915,51090.44061496902,536
151,Islamic,87770.01061391321,46620.69874751533,2254.7179487179487,85515.29266519526,571
151,Japanese,29717.003400254715,7639.69431038562,1792.6470588235293,27924.356341431187,424
151,Other Civilizations,59249.128417592045,22105.953524705877,2068.969696969697,57180.15872062235,494
151,Other Western,4625.114025054747,2014.9564805732398,1601.2173913043478,3023.896633750399,372
151,Sinic,305055.9895696811,134033.8237482583,3129.4270557029176,301926.5625139782,658
151,United States,146067.9646920973,63209.17057591349,1844.0637813211845,144223.9009107761,356
152,Anglosphere ex-US,67472.24754330597,29851.550189832265,3183.4920212765956,64288.75552202938,614
152,Continental Europe,194470.60821086046,82816.82445938751,3923.499485066941,190547.1087257935,781
152,Hindu,54045.86302132164,30773.624431013595,2248.8695652173915,51796.99345610425,536
152,Islamic,88044.33881354141,46957.85611999748,2254.7179487179487,85789.62086482346,571
152,Japanese,29797.326823281204,7608.356729717633,1792.6470588235293,28004.679764457676,424
152,Other Civilizations,59515.030509876015,22439.48973960342,2068.969696969697,57446.06081290632,494
152,Other Western,4713.815597128463,2107.365298595914,1601.2173913043478,3112.598205824115,372
152,Sinic,302108.98303311947,131757.90886413667,3129.4270557029176,298979.5559774166,658
152,United States,147102.2851755336,64172.61532137797,1844.0637813211845,145258.2213942124,356
153,Anglosphere ex-US,67332.10267976999,29620.663139698005,3183.4920212765956,64148.610658493395,614
153,Continental Europe,194413.1596287121,82945.03246205907,3923.499485066941,190489.66014364516,781
153,Hindu,53153.72198672005,30019.388657811218,2248.8695652173915,50904.852421502655,536
153,Islamic,88735.90560997938,47430.29802431396,2254.7179487179487,86481.18766126143,571
153,Japanese,29692.938748933142,7569.757893427879,1792.6470588235293,27900.291690109614,424
153,Other Civilizations,59267.73385498977,22198.313581768856,2068.969696969697,57198.76415802007,494
153,Other Western,4825.506559497816,2210.465930800561,1601.2173913043478,3224.289168193468,372
153,Sinic,303214.5444303473,132349.985872002,3129.4270557029176,300085.1173746444,658
153,United States,147084.44459261562,63971.54773130062,1844.0637813211845,145240.38081129442,356
154,Anglosphere ex-US,67708.26032371857,29997.513484216364,3183.4920212765956,64524.768302441975,614
154,Continental Europe,194449.7527919888,82983.80968105592,3923.499485066941,190526.25330692186,781
154,Hindu,53510.143674552935,30287.143601524116,2248.8695652173915,51261.27410933554,536
154,Islamic,88005.41971275533,46762.496835897386,2254.7179487179487,85750.70176403738,571
154,Japanese,29435.075746491617,7444.705922726514,1792.6470588235293,27642.42868766809,424
154,Other Civilizations,59376.54427414396,22334.133117620473,2068.969696969697,57307.574577174266,494
154,Other Western,4659.3466199003515,2069.433957342708,1601.2173913043478,3058.1292285960035,372
154,Sinic,305987.1674473919,134450.3115212625,3129.4270557029176,302857.740391689,658
154,United States,146497.5620993483,63601.26416568414,1844.0637813211845,144653.4983180271,356
155,Anglosphere ex-US,67453.25281368924,29841.642536034306,3183.4920212765956,64269.76079241264,614
155,Continental Europe,195611.0078747286,83820.55107494438,3923.499485066941,191687.50838966164,781
155,Hindu,53240.77435773992,30375.145337340993,2248.8695652173915,50991.90479252253,536
155,Islamic,88666.49151996861,47419.43193704065,2254.7179487179487,86411.77357125065,571
155,Japanese,29252.956723548403,7375.20837837276,1792.6470588235293,27460.309664724875,424
155,Other Civilizations,59364.06612156627,22131.626637731464,2068.969696969697,57295.09642459657,494
155,Other Western,4899.256892529427,2210.861133219337,1601.2173913043478,3298.039501225079,372
155,Sinic,302553.36170933326,131604.81775848244,3129.4270557029176,299423.93465363036,658
155,United States,146910.41259355625,63794.987244493466,1844.0637813211845,145066.34881223505,356
156,Anglosphere ex-US,68510.30547078722,30540.65933011422,3183.4920212765956,65326.81344951063,614
156,Continental Europe,194752.3995121767,83357.45538738086,3923.499485066941,190828.90002710975,781
156,Hindu,52825.485118426426,29719.84226747596,2248.8695652173915,50576.615553209034,536
156,Islamic,89191.88808171768,47812.31907208175,2254.7179487179487,86937.17013299973,571
156,Japanese,29772.46478436875,7574.083443460084,1792.6470588235293,27979.81772554522,424
156,Other Civilizations,59745.443665572086,22513.773514441018,2068.969696969697,57676.47396860239,494
156,Other Western,4921.870308536797,2197.1072209539643,1601.2173913043478,3320.652917232449,372
156,Sinic,304680.8478166334,134080.73767503476,3129.4270557029176,301551.4207609305,658
156,United States,147623.3266345485,64592.22787715184,1844.0637813211845,145779.2628532273,356
157,Anglosphere ex-US,67597.64992848394,29867.247787749224,3183.4920212765956,64414.157907207344,614
157,Continental Europe,194288.6510763843,82922.78394128523,3923.499485066941,190365.15159131735,781
157,Hindu,53159.67368229451,30154.91142172976,2248.8695652173915,50910.80411707712,536
157,Islamic,88587.92993253787,47391.35382275304,2254.7179487179487,86333.21198381991,571
157,Japanese,29072.500196689365,7234.127474466962,1792.6470588235293,27279.853137865837,424
157,Other Civilizations,59664.784259180866,22555.398641758882,2068.969696969697,57595.81456221117,494
157,Other Western,4874.675494373835,2168.3913091397008,1601.2173913043478,3273.458103069487,372
157,Sinic,305084.241143152,133834.56343651976,3129.4270557029176,301954.8140874491,658
157,United States,148232.96142004826,64905.58255031024,1844.0637813211845,146388.89763872707,356
158,Anglosphere ex-US,67366.00684255667,29528.913518222216,3183.4920212765956,64182.51482128008,614
158,Continental Europe,195629.45886183018,83742.32778154819,3923.499485066941,191705.95937676323,781
158,Hindu,54913.887123301596,31552.24996178491,2248.8695652173915,52665.017558084204,536
158,Islamic,87964.0369877285,46903.377201613665,2254.7179487179487,85709.31903901054,571
158,Japanese,29072.155282238688,7187.572955203178,1792.6470588235293,27279.50822341516,424
158,Other Civilizations,59282.80591671228,22203.741370434313,2068.969696969697,57213.83621974258,494
158,Other Western,4787.385367623834,2100.418412242067,1601.2173913043478,3186.167976319486,372
158,Sinic,305717.4408515156,134399.52895156175,3129.4270557029176,302588.01379581273,658
158,United States,146017.1216160418,63115.84437893848,1844.0637813211845,144173.05783472062,356
159,Anglosphere ex-US,67794.21263206835,30253.06230226248,3183.4920212765956,64610.72061079175,614
159,Continental Europe,194735.91119033215,83264.08727895161,3923.499485066941,190812.4117052652,781
159,Hindu,53619.33286387326,30313.177059668076,2248.8695652173915,51370.463298655864,536
159,Islamic,88361.11191245605,47106.97648927241,2254.7179487179487,86106.3939637381,571
159,Japanese,29711.946079620826,7559.983178609645,1792.6470588235293,27919.299020797298,424
159,Other Civilizations,59191.998636708675,22052.133068327385,2068.969696969697,57123.02893973898,494
159,Other Western,4729.919463047446,2064.092963356765,1601.2173913043478,3128.702071743098,372
159,Sinic,303886.1695997348,132477.9619773178,3129.4270557029176,300756.74254403193,658
159,United States,146390.30191477816,63264.89394970428,1844.0637813211845,144546.23813345697,356
160,Anglosphere ex-US,67243.675008976,29473.816077164094,3183.4920212765956,64060.18298769941,614
160,Continental Europe,194920.10745019314,83109.10771826956,3923.499485066941,190996.6079651262,781
160,Hindu,53215.619105919715,30190.017381442525,2248.8695652173915,50966.74954070232,536
160,Islamic,87650.64068875278,46688.06767527194,2254.7179487179487,85395.92274003483,571
160,Japanese,29259.80594147997,7281.214756270746,1792.6470588235293,27467.158882656444,424
160,Other Civilizations,58632.03068704462,21775.963765537275,2068.969696969697,56563.060990074926,494
160,Other Western,4992.6512013759275,2319.7892749138696,1601.2173913043478,3391.4338100715795,372
160,Sinic,301822.2248831828,131708.43273760207,3129.4270557029176,298692.7978274799,658
160,United States,146878.81455669203,63906.93179169694,1844.0637813211845,145034.75077537083,356
161,Anglosphere ex-US,67450.89272187957,29727.432987256685,3183.4920212765956,64267.40070060298,614
161,Continental Europe,195159.41077401102,83482.31414743373,3923.499485066941,191235.91128894407,781
161,Hindu,53533.1829573472,30423.564028142308,2248.8695652173915,51284.31339212981,536
161,Islamic,88811.02939812523,47555.25496506209,2254.7179487179487,86556.31144940728,571
161,Japanese,29154.542881268535,7264.060672753082,1792.6470588235293,27361.895822445007,424
161,Other Civilizations,60069.1993642873,22949.428244423216,2068.969696969697,58000.2296673176,494
161,Other Western,4940.761138303647,2208.7242490825943,1601.2173913043478,3339.5437469992994,372
161,Sinic,303124.50160730607,132597.5076440422,3129.4270557029176,299995.0745516032,658
161,United States,147833.5689747411,64752.647584008795,1844.0637813211845,145989.5051934199,356
162,Anglosphere ex-US,66908.96365908787,29304.734127908232,3183.4920212765956,63725.47163781127,614
162,Continental Europe,195782.1015630777,84174.62158010736,3923.499485066941,191858.60207801076,781
162,Hindu,53533.92220156267,30459.70798089992,2248.8695652173915,51285.05263634528,536
162,Islamic,89032.14909795878,47939.728556238915,2254.7179487179487,86777.43114924083,571
162,Japanese,29450.603592742777,7427.447318608185,1792.6470588235293,27657.95653391925,424
162,Other Civilizations,59612.50766006794,22348.134480871144,2068.969696969697,57543.53796309824,494
162,Other Western,4922.4030894702455,2234.2618600258193,1601.2173913043478,3321.1856981658975,372
162,Sinic,305248.2307771037,134567.15775647174,3129.4270557029176,302118.8037214008,658
162,United States,147194.9568847334,63879.30850897138,1844.0637813211845,145350.8931034122,356
163,Anglosphere ex-US,67458.95470332168,29790.074206199984,3183.4920212765956,64275.46268204509,614
163,Continental Europe,195309.87329311727,83830.77750231771,3923.499485066941,191386.37380805032,781
163,Hindu,53044.64731889703,29874.314982794,2248.8695652173915,50795.777753679635,536
163,Islamic,88385.12965063026,47306.40644780405,2254.7179487179487,86130.41170191231,571
163,Japanese,29421.395829778514,7463.291149625611,1792.6470588235293,27628.748770954986,424
163,Other Civilizations,58916.49067540722,21942.87016480568,2068.969696969697,56847.520978437526,494
163,Other Western,4972.5801166491065,2252.188928049705,1601.2173913043478,3371.3627253447585,372
163,Sinic,301840.82572143734,131296.80636991173,3129.4270557029176,298711.39866573445,658
163,United States,146845.1898020877,63714.253146407595,1844.0637813211845,145001.1260207665,356
164,Anglosphere ex-US,67550.56279531422,29799.295252090727,3183.4920212765956,64367.07077403763,614
164,Continental Europe,195155.83190727356,83664.90460190606,3923.499485066941,191232.33242220661,781
164,Hindu,54253.85925924858,31001.722411020728,2248.8695652173915,52004.98969403119,536
164,Islamic,88185.18162472034,46819.23680296116,2254.7179487179487,85930.46367600239,571
164,Japanese,29233.849792468838,7259.053197152146,1792.6470588235293,27441.20273364531,424
164,Other Civilizations,59329.76300589438,22346.028486802657,2068.969696969697,57260.79330892469,494
164,Other Western,4990.589368188779,2300.8592708691385,1601.2173913043478,3389.371976884431,372
164,Sinic,304328.05909621797,133076.25929873707,3129.4270557029176,301198.6320405151,658
164,United States,145817.91700404673,62873.884471752164,1844.0637813211845,143973.85322272553,356
165,Anglosphere ex-US,67170.07829226104,29439.83780507911,3183.4920212765956,63986.586270984444,614
165,Continental Europe,196314.09662441115,84361.73431784377,3923.499485066941,192390.5971393442,781
165,Hindu,53973.39897775918,30717.92336460461,2248.8695652173915,51724.529412541786,536
165,Islamic,89114.46845516504,47711.49211307551,2254.7179487179487,86859.75050644709,571
165,Japanese,29087.644726446968,7260.201787989889,1792.6470588235293,27294.99766762344,424
165,Other Civilizations,59674.08650245454,22339.628768775394,2068.969696969697,57605.116805484846,494
165,Other Western,4938.065681095621,2266.5042038655597,1601.2173913043478,3336.8482897912727,372
165,Sinic,303985.1665482416,133592.8323186268,3129.4270557029176,300855.73949253873,658
165,United States,147354.1367563371,64239.30673313572,1844.0637813211845,145510.0729750159,356
166,Anglosphere ex-US,67578.22336993854,29869.86459645752,3183.4920212765956,64394.731348661946,614
166,Continental Europe,194680.92494914346,83344.65789169498,3923.499485066941,190757.4254640765,781
166,Hindu,53484.55413070346,30223.195909951588,2248.8695652173915,51235.684565486066,536
166,Islamic,88585.08831751446,47414.293669665894,2254.7179487179487,86330.3703687965,571
166,Japanese,29517.845275377465,7482.744611317277,1792.6470588235293,27725.198216553938,424
166,Other Civilizations,58712.84636223215,21836.392238622437,2068.969696969697,56643.876665262454,494
166,Other Western,4861.75567193231,2150.5937609739794,1601.2173913043478,3260.538280627962,372
166,Sinic,303974.1331113863,133099.28718896676,3129.4270557029176,300844.70605568343,658
166,United States,146682.57872257204,63694.10725094206,1844.0637813211845,144838.51494125085,356
167,Anglosphere ex-US,67451.29687386341,29752.99885530226,3183.4920212765956,64267.804852586814,614
167,Continental Europe,195500.73404151306,83616.26416363943,3923.499485066941,191577.2345564461,781
167,Hindu,53310.486264218955,30329.8376826787,2248.8695652173915,51061.61669900156,536
167,Islamic,88797.08570264548,47616.481931963935,2254.7179487179487,86542.36775392752,571
167,Japanese,29257.80412393255,7393.454038042557,1792.6470588235293,27465.157065109022,424
167,Other Civilizations,59687.68984353576,22550.97250873174,2068.969696969697,57618.72014656606,494
167,Other Western,4940.614288567591,2225.860755029955,1601.2173913043478,3339.396897263243,372
167,Sinic,302580.46479098883,132365.0088311887,3129.4270557029176,299451.03773528594,658
167,United States,147213.09999244742,63746.09553409848,1844.0637813211845,145369.03621112622,356
168,Anglosphere ex-US,67514.7658542315,29929.152475956744,3183.4920212765956,64331.27383295491,614
168,Continental Europe,195513.40387466882,83877.30846676984,3923.499485066941,191589.90438960187,781
168,Hindu,52857.535507266635,29687.515626878285,2248.8695652173915,50608.66594204924,536
168,Islamic,87406.41192088401,46421.59752534262,2254.7179487179487,85151.69397216606,571
168,Japanese,29222.114446596195,7299.507403487868,1792.6470588235293,27429.467387772667,424
168,Other Civilizations,59475.22167674567,22479.19295943822,2068.969696969697,57406.251979775974,494
168,Other Western,4791.75967632699,2223.4778708708823,1601.2173913043478,3190.5422850226423,372
168,Sinic,303170.57178736303,132656.83553487036,3129.4270557029176,300041.14473166014,658
168,United States,146849.48422991208,63722.957266082616,1844.0637813211845,145005.42044859088,356
169,Anglosphere ex-US,67584.60644305893,29826.496994097746,3183.4920212765956,64401.11442178234,614
169,Continental Europe,194654.83898072114,82982.66673684804,3923.499485066941,190731.3394956542,781
169,Hindu,53588.47340184542,30554.148670349317,2248.8695652173915,51339.603836628026,536
169,Islamic,88471.30370144335,47052.96069787333,2254.7179487179487,86216.5857527254,571
169,Japanese,29405.693770216712,7513.129297452003,1792.6470588235293,27613.046711393185,424
169,Other Civilizations,59725.27351262558,22708.110015627557,2068.969696969697,57656.30381565588,494
169,Other Western,4960.472457850665,2287.3217981562093,1601.2173913043478,3359.255066546317,372
169,Sinic,303150.75882520224,132758.49207751756,3129.4270557029176,300021.33176949935,658
169,United States,145946.92833476886,63262.68507682791,1844.0637813211845,144102.86455344767,356
170,Anglosphere ex-US,67806.00088980646,29871.91307884781,3183.4920212765956,64622.50886852986,614
170,Continental Europe,194771.82524095845,83069.67433213178,3923.499485066941,190848.3257558915,781
170,Hindu,53350.03720583249,30281.489666418063,2248.8695652173915,51101.167640615095,536
170,Islamic,89503.09532136694,48030.25154339167,2254.7179487179487,87248.37737264899,571
170,Japanese,29180.205000316615,7327.453275680543,1792.6470588235293,27387.557941493087,424
170,Other Civilizations,59234.00924054111,22264.075522854633,2068.969696969697,57165.039543571416,494
170,Other Western,4930.4335057838325,2211.241464074648,1601.2173913043478,3329.2161144794845,372
170,Sinic,303194.444412263,132623.47433219163,3129.4270557029176,300065.0173565601,658
170,United States,146665.56442991857,63769.80565223916,1844.0637813211845,144821.50064859737,356
171,Anglosphere ex-US,67561.0348160048,29745.49841876764,3183.4920212765956,64377.54279472821,614
171,Continental Europe,195587.90668917645,83673.77339851997,3923.499485066941,191664.4072041095,781
171,Hindu,53422.980421017215,30288.168113885793,2248.8695652173915,51174.11085579982,536
171,Islamic,87910.99410173559,46545.92337863651,2254.7179487179487,85656.27615301764,571
171,Japanese,29145.17595307568,7229.731559232995,1792.6470588235293,27352.52889425215,424
171,Other Civilizations,59671.02101166486,22508.63980409386,2068.969696969697,57602.05131469516,494
171,Other Western,4734.417408659292,2109.0055958803155,1601.2173913043478,3133.200017354944,372
171,Sinic,303292.1397230915,133043.09550134823,3129.4270557029176,300162.7126673886,658
171,United States,146122.24294274105,63077.94428304274,1844.0637813211845,144278.17916141986,356
172,Anglosphere ex-US,67766.33222628794,30171.207141117367,3183.4920212765956,64582.840205011344,614
172,Continental Europe,196275.25557430624,84303.64573098379,3923.499485066941,192351.7560892393,781
172,Hindu,53122.64914439321,29978.939427037338,2248.8695652173915,50873.77957917582,536
172,Islamic,88384.18694777,47374.16287491724,2254.7179487179487,86129.46899905204,571
172,Japanese,29704.4726725194,7646.262000672988,1792.6470588235293,27911.825613695873,424
172,Other Civilizations,59660.35096782213,22468.49580619857,2068.969696969697,57591.381270852435,494
172,Other Western,4947.937372283126,2259.330180018696,1601.2173913043478,3346.719980978778,372
172,Sinic,304881.1323047537,133706.0220225871,3129.4270557029176,301751.7052490508,658
172,United States,147251.25145021835,64126.75724252986,1844.0637813211845,145407.18766889715,356
173,Anglosphere ex-US,68102.67061082885,30129.529316676402,3183.4920212765956,64919.178589552255,614
173,Continental Europe,194241.37137658178,83099.75663638937,3923.499485066941,190317.87189151483,781
173,Hindu,54004.953936975784,30629.675844412508,2248.8695652173915,51756.08437175839,536
173,Islamic,87747.72911303696,46579.64169843335,2254.7179487179487,85493.011164319,571
173,Japanese,29248.401129803202,7333.757022838666,1792.6470588235293,27455.754070979674,424
173,Other Civilizations,59607.784018457154,22277.983340330076,2068.969696969697,57538.81432148746,494
173,Other Western,4966.050210791165,2318.080329370596,1601.2173913043478,3364.8328194868172,372
173,Sinic,303010.35423980677,132570.0229492747,3129.4270557029176,299880.9271841039,658
173,United States,146970.95567890143,63972.05953597134,1844.0637813211845,145126.89189758024,356
174,Anglosphere ex-US,67078.20679550139,29586.914152437777,3183.4920212765956,63894.7147742248,614
174,Continental Europe,194235.8696400529,83059.36085971497,3923.499485066941,190312.37015498595,781
174,Hindu,54153.37168367791,30994.506317263636,2248.8695652173915,51904.50211846052,536
174,Islamic,88854.40289035544,47585.641839164135,2254.7179487179487,86599.68494163749,571
174,Japanese,28986.971690184117,7224.7707528812425,1792.6470588235293,27194.32463136059,424
174,Other Civilizations,59950.72795076356,22645.0155852561,2068.969696969697,57881.758253793865,494
174,Other Western,4934.47273956676,2191.9678877703454,1601.2173913043478,3333.2553482624116,372
174,Sinic,303435.1992296935,132516.0801791644,3129.4270557029176,300305.7721739906,658
174,United States,148030.63531996642,64547.06417605713,1844.0637813211845,146186.57153864522,356
175,Anglosphere ex-US,67540.83415622904,29786.706259209903,3183.4920212765956,64357.34213495245,614
175,Continental Europe,194391.7271937354,82799.90331330636,3923.499485066941,190468.22770866845,781
175,Hindu,53955.37769273479,30738.328981557344,2248.8695652173915,51706.5081275174,536
175,Islamic,87845.52695970246,46759.887489949695,2254.7179487179487,85590.8090109845,571
175,Japanese,29550.0779271463,7557.08915439144,1792.6470588235293,27757.430868322772,424
175,Other Civilizations,59771.58682973418,22456.81496437349,2068.969696969697,57702.617132764484,494
175,Other Western,4670.00644641861,2027.7202464870854,1601.2173913043478,3068.789055114262,372
175,Sinic,303563.8742199368,133038.09650307972,3129.4270557029176,300434.4471642339,658
175,United States,146500.88726420116,63584.04761228439,1844.0637813211845,144656.82348287996,356
176,Anglosphere ex-US,67319.60438461507,29700.912023081342,3183.4920212765956,64136.11236333848,614
176,Continental Europe,195301.90767542238,83725.66883825534,3923.499485066941,191378.40819035543,781
176,Hindu,53437.32424978819,30228.314702136773,2248.8695652173915,51188.454684570796,536
176,Islamic,88421.10295116631,47365.590295653215,2254.7179487179487,86166.38500244835,571
176,Japanese,29245.18781414,7430.665918596542,1792.6470588235293,27452.540755316473,424
176,Other Civilizations,59938.33250732004,22818.18872592422,2068.969696969697,57869.36281035034,494
176,Other Western,4755.389345944737,2109.7588318797466,1601.2173913043478,3154.1719546403892,372
176,Sinic,305001.2151897994,134117.6168985267,3129.4270557029176,301871.7881340965,658
176,United States,146376.9072051073,63525.56471668647,1844.0637813211845,144532.8434237861,356
177,Anglosphere ex-US,67653.57712514237,30006.13865434228,3183.4920212765956,64470.08510386578,614
177,Continental Europe,195643.39901294746,84059.52160372314,3923.499485066941,191719.8995278805,781
177,Hindu,53613.72791304368,30509.22900928738,2248.8695652173915,51364.85834782629,536
177,Islamic,87862.0311972065,46774.49860072699,2254.7179487179487,85607.31324848854,571
177,Japanese,29589.629428445456,7447.847413224259,1792.6470588235293,27796.98236962193,424
177,Other Civilizations,58793.12510326269,21820.871236847353,2068.969696969697,56724.15540629299,494
177,Other Western,4837.9812881103735,2168.950833091616,1601.2173913043478,3236.7638968060255,372
177,Sinic,304931.2607403129,134652.67877514102,3129.4270557029176,301801.83368461,658
177,United States,147231.14242932442,64049.5361104332,1844.0637813211845,145387.07864800323,356
178,Anglosphere ex-US,67941.5978760524,30042.351836968784,3183.4920212765956,64758.10585477581,614
178,Continental Europe,194871.85966811542,83277.94626305698,3923.499485066941,190948.36018304847,781
178,Hindu,54271.24613525851,31029.89981795679,2248.8695652173915,52022.37657004112,536
178,Islamic,90172.12500872838,48983.770688955425,2254.7179487179487,87917.40706001043,571
178,Japanese,29558.73022116132,7548.861157102854,1792.6470588235293,27766.083162337793,424
178,Other Civilizations,59574.43415700478,22439.037466536767,2068.969696969697,57505.46446003509,494
178,Other Western,4923.508173089509,2165.6538847293145,1601.2173913043478,3322.290781785161,372
178,Sinic,301763.89760052704,131601.4754885782,3129.4270557029176,298634.47054482414,658
178,United States,147438.7747327226,64140.56692148223,1844.0637813211845,145594.71095140142,356
179,Anglosphere ex-US,67214.14513159545,29704.253926978025,3183.4920212765956,64030.65311031885,614
179,Continental Europe,195826.87063892416,83926.57149634752,3923.499485066941,191903.3711538572,781
179,Hindu,52873.88053036982,29947.385915891206,2248.8695652173915,50625.010965152425,536
179,Islamic,88097.93661041497,46859.27871483117,2254.7179487179487,85843.21866169701,571
179,Japanese,28951.326788147147,7224.98832463577,1792.6470588235293,27158.67972932362,424
179,Other Civilizations,59255.791491761134,22184.619687046095,2068.969696969697,57186.82179479144,494
179,Other Western,4796.597769342697,2137.753713805789,1601.2173913043478,3195.3803780383487,372
179,Sinic,304224.1790589229,133560.18951706073,3129.4270557029176,301094.75200322,658
179,United States,147224.2285659149,64024.138101597855,1844.0637813211845,145380.1647845937,356
180,Anglosphere ex-US,68135.34120384704,30326.617520753145,3183.4920212765956,64951.84918257045,614
180,Continental Europe,195871.9085024434,84082.37840208967,3923.499485066941,191948.40901737646,781
180,Hindu,53879.39871932319,30420.504417718657,2248.8695652173915,51630.529154105796,536
180,Islamic,88098.2396813982,47194.567669617885,2254.7179487179487,85843.52173268025,571
180,Japanese,29242.19903327531,7304.835090069541,1792.6470588235293,27449.55197445178,424
180,Other Civilizations,59237.93078723783,22276.522852929058,2068.969696969697,57168.96109026813,494
180,Other Western,4875.690908573786,2229.904800069847,1601.2173913043478,3274.473517269438,372
180,Sinic,302225.36012566474,131605.12161037864,3129.4270557029176,299095.93306996184,658
180,United States,146706.55837077065,63650.4635919989,1844.0637813211845,144862.49458944946,356
181,Anglosphere ex-US,67027.30902165564,29182.98848329107,3183.4920212765956,63843.81700037905,614
181,Continental Europe,196189.54059466175,84106.26237062128,3923.499485066941,192266.0411095948,781
181,Hindu,52964.558558955876,29802.952189405205,2248.8695652173915,50715.688993738484,536
181,Islamic,88591.19963556033,47236.932602016466,2254.7179487179487,86336.48168684238,571
181,Japanese,29178.816841104777,7309.934089144678,1792.6470588235293,27386.16978228125,424
181,Other Civilizations,59156.21893594637,22253.29216560887,2068.969696969697,57087.24923897667,494
181,Other Western,4740.006546463641,2104.3296962039685,1601.2173913043478,3138.789155159293,372
181,Sinic,305457.9304073185,134389.7156946566,3129.4270557029176,302328.5033516156,658
181,United States,146638.05400653867,63707.82042606742,1844.0637813211845,144793.99022521748,356
182,Anglosphere ex-US,67873.35803706596,30110.346474890248,3183.4920212765956,64689.86601578937,614
182,Continental Europe,195544.65131200466,84132.67521832511,3923.499485066941,191621.1518269377,781
182,Hindu,54063.45671709727,30756.8402650351,2248.8695652173915,51814.58715187988,536
182,Islamic,89124.60898918074,47851.151770556,2254.7179487179487,86869.89104046278,571
182,Japanese,29064.992828842667,7066.753380052089,1792.6470588235293,27272.34577001914,424
182,Other Civilizations,59298.07412782176,22204.962897602913,2068.969696969697,57229.104430852065,494
182,Other Western,4936.329450195553,2247.295053541252,1601.2173913043478,3335.1120588912054,372
182,Sinic,305085.7345363827,134045.8390285567,3129.4270557029176,301956.3074806798,658
182,United States,147124.0307152755,64016.616110584306,1844.0637813211845,145279.9669339543,356
183,Anglosphere ex-US,67727.87121688465,29854.755426253105,3183.4920212765956,64544.37919560806,614
183,Continental Europe,193790.00513979536,82576.93956863282,3923.499485066941,189866.50565472842,781
183,Hindu,53391.3983617747,30199.289038323877,2248.8695652173915,51142.52879655731,536
183,Islamic,89530.63476371825,47996.64097334653,2254.7179487179487,87275.9168150003,571
183,Japanese,28933.512517632633,7175.028583390111,1792.6470588235293,27140.865458809105,424
183,Other Civilizations,59313.26282072827,22093.05775241338,2068.969696969697,57244.29312375857,494
183,Other Western,4798.356004344676,2095.4302223253057,1601.2173913043478,3197.138613040328,372
183,Sinic,304182.4563114055,134038.62894082154,3129.4270557029176,301053.0292557026,658
183,United States,148432.73475322098,65066.26491593068,1844.0637813211845,146588.6709718998,356
184,Anglosphere ex-US,67136.40955693425,29640.025381295764,3183.4920212765956,63952.91753565765,614
184,Continental Europe,195435.24326222978,83584.99368016236,3923.499485066941,191511.74377716283,781
184,Hindu,53742.7603903088,30453.96230986901,2248.8695652173915,51493.89082509141,536
184,Islamic,88825.51956467044,47361.90988702918,2254.7179487179487,86570.80161595249,571
184,Japanese,29614.971535266177,7425.350600408713,1792.6470588235293,27822.32447644265,424
184,Other Civilizations,58613.597763802245,21773.745504862018,2068.969696969697,56544.62806683255,494
184,Other Western,4801.318609778977,2106.9634477800946,1601.2173913043478,3200.1012184746287,372
184,Sinic,303584.71964108123,132798.10103727516,3129.4270557029176,300455.29258537834,658
184,United States,146922.56589059654,63771.63300386035,1844.0637813211845,145078.50210927534,356
185,Anglosphere ex-US,66785.36238056689,29198.607642027135,3183.4920212765956,63601.8703592903,614
185,Continental Europe,194588.9796782668,83139.99402861895,3923.499485066941,190665.48019319985,781
185,Hindu,53842.89261598831,30680.363267356686,2248.8695652173915,51594.02305077092,536
185,Islamic,88900.32855408243,47687.777759380064,2254.7179487179487,86645.61060536448,571
185,Japanese,29467.591752721677,7479.5284906541665,1792.6470588235293,27674.94469389815,424
185,Other Civilizations,59440.377766877384,22232.16052472492,2068.969696969697,57371.40806990769,494
185,Other Western,4811.465789238404,2121.4066324068463,1601.2173913043478,3210.248397934056,372
185,Sinic,302620.4890230207,132220.63273767103,3129.4270557029176,299491.06196731783,658
185,United States,146653.55768467527,63615.60467129224,1844.0637813211845,144809.49390335407,356
186,Anglosphere ex-US,67664.92909917161,29997.52622645971,3183.4920212765956,64481.43707789502,614
186,Continental Europe,194291.15469799738,82649.92289772176,3923.499485066941,190367.65521293043,781
186,Hindu,53403.73973370947,30158.716342202493,2248.8695652173915,51154.87016849208,536
186,Islamic,89111.72213583702,47801.608959535675,2254.7179487179487,86857.00418711906,571
186,Japanese,28972.908896892364,7194.727393449353,1792.6470588235293,27180.261838068836,424
186,Other Civilizations,59602.84961109268,22511.185613841964,2068.969696969697,57533.87991412298,494
186,Other Western,4916.777128635289,2297.5066178714806,1601.2173913043478,3315.559737330941,372
186,Sinic,302231.33803837025,131900.41693456864,3129.4270557029176,299101.91098266735,658
186,United States,146459.30612635319,63664.18784745599,1844.0637813211845,144615.242345032,356
187,Anglosphere ex-US,67369.51089872958,29686.003092352737,3183.4920212765956,64186.01887745299,614
187,Continental Europe,195147.55327369075,83315.92959245801,3923.499485066941,191224.0537886238,781
187,Hindu,53022.609316603615,29882.01215846468,2248.8695652173915,50773.73975138622,536
187,Islamic,87894.08788721355,46973.00537860596,2254.7179487179487,85639.3699384956,571
187,Japanese,29395.51220619262,7517.722235082517,1792.6470588235293,27602.86514736909,424
187,Other Civilizations,59461.55485459759,22341.365286803262,2068.969696969697,57392.585157627895,494
187,Other Western,4892.945713935856,2207.15726460768,1601.2173913043478,3291.7283226315076,372
187,Sinic,303514.80215109186,132432.82399894603,3129.4270557029176,300385.37509538897,658
187,United States,146907.07637374566,63632.181134304104,1844.0637813211845,145063.01259242446,356
188,Anglosphere ex-US,67683.021341415,29836.95777785808,3183.4920212765956,64499.52932013841,614
188,Continental Europe,195722.24374807248,84341.68253789243,3923.499485066941,191798.74426300553,781
188,Hindu,53604.89835149387,30368.131998178153,2248.8695652173915,51356.02878627648,536
188,Islamic,88100.52713704249,46912.60592229296,2254.7179487179487,85845.80918832454,571
188,Japanese,29577.300586439484,7608.012483499983,1792.6470588235293,27784.653527615956,424
188,Other Civilizations,60164.74950814726,22719.79609724043,2068.969696969697,58095.77981117756,494
188,Other Western,4937.269551905134,2252.286587445516,1601.2173913043478,3336.052160600786,372
188,Sinic,306672.47118133574,135005.1927286283,3129.4270557029176,303543.04412563285,658
188,United States,146048.7457671324,62852.364324333554,1844.0637813211845,144204.6819858112,356
189,Anglosphere ex-US,67062.95317582868,29483.151214534566,3183.4920212765956,63879.46115455208,614
189,Continental Europe,194735.16781050846,83423.69890645113,3923.499485066941,190811.6683254415,781
189,Hindu,53862.210546085815,30780.08806646689,2248.8695652173915,51613.34098086842,536
189,Islamic,90601.90212056084,49181.41485986249,2254.7179487179487,88347.18417184289,571
189,Japanese,29381.359348070422,7473.134747490754,1792.6470588235293,27588.712289246894,424
189,Other Civilizations,59469.62340635544,22621.222187397812,2068.969696969697,57400.65370938574,494
189,Other Western,4686.604019494751,2039.8271713052297,1601.2173913043478,3085.386628190403,372
189,Sinic,304312.25698790303,132906.07830609824,3129.4270557029176,301182.82993220014,658
189,United States,146528.23490115418,63382.10445700405,1844.0637813211845,144684.171119833,356
190,Anglosphere ex-US,67713.88514659897,29865.350107800863,3183.4920212765956,64530.39312532238,614
190,Continental Europe,195176.73479431585,83607.17615992948,3923.499485066941,191253.2353092489,781
190,Hindu,53385.068555979415,30254.34171304316,2248.8695652173915,51136.19899076202,536
190,Islamic,87897.8920265853,46611.791485713766,2254.7179487179487,85643.17407786734,571
190,Japanese,29412.585863740667,7514.537521353275,1792.6470588235293,27619.93880491714,424
190,Other Civilizations,59485.32917062398,22495.748473670443,2068.969696969697,57416.35947365429,494
190,Other Western,4793.676567407276,2110.568739551837,1601.2173913043478,3192.459176102928,372
190,Sinic,303142.28065503086,132426.2047383447,3129.4270557029176,300012.85359932797,658
190,United States,148316.41267312324,64979.99088382255,1844.0637813211845,146472.34889180204,356
191,Anglosphere ex-US,68225.70539908881,30405.527501387474,3183.4920212765956,65042.213377812215,614
191,Continental Europe,194966.49688905248,83438.15838600708,3923.499485066941,191042.99740398553,781
191,Hindu,53142.49778549715,29874.36663103478,2248.8695652173915,50893.62822027976,536
191,Islamic,88400.34612666527,47058.36278086621,2254.7179487179487,86145.62817794732,571
191,Japanese,29469.32981070185,7418.730405572182,1792.6470588235293,27676.68275187832,424
191,Other Civilizations,59859.44859060086,22846.16745709922,2068.969696969697,57790.47889363117,494
191,Other Western,5082.138134600258,2338.1819675857696,1601.2173913043478,3480.92074329591,372
191,Sinic,303672.92084736936,132258.4675628965,3129.4270557029176,300543.49379166646,658
191,United States,147092.39371231216,64030.63068583832,1844.0637813211845,145248.32993099096,356
192,Anglosphere ex-US,67931.87357633963,30232.686590926554,3183.4920212765956,64748.38155506303,614
192,Continental Europe,195720.2188745344,83714.34041648984,3923.499485066941,191796.71938946744,781
192,Hindu,53798.81986427729,30508.36099503211,2248.8695652173915,51549.9502990599,536
192,Islamic,88645.99807437016,47205.959755380616,2254.7179487179487,86391.2801256522,571
192,Japanese,29562.18830113707,7535.267397341864,1792.6470588235293,27769.541242313542,424
192,Other Civilizations,59469.224563658776,22426.45961421864,2068.969696969697,57400.25486668908,494
192,Other Western,4675.527924738459,2072.2701766048426,1601.2173913043478,3074.3105334341108,372
192,Sinic,304210.5123056702,133394.35705587573,3129.4270557029176,301081.0852499673,658
192,United States,147166.09636323093,64097.61759421187,1844.0637813211845,145322.03258190973,356
193,Anglosphere ex-US,67809.97323215993,30213.03966131308,3183.4920212765956,64626.481210883336,614
193,Continental Europe,195124.09606762292,83783.1115223541,3923.499485066941,191200.59658255597,781
193,Hindu,54193.98708525498,30796.543814704986,2248.8695652173915,51945.11752003759,536
193,Islamic,87544.37766457268,46333.37044859853,2254.7179487179487,85289.65971585472,571
193,Japanese,29643.713101178306,7545.183714167763,1792.6470588235293,27851.066042354778,424
193,Other Civilizations,59983.37762167512,22557.43881344922,2068.969696969697,57914.407924705425,494
193,Other Western,4806.230622556435,2133.24001752699,1601.2173913043478,3205.0132312520873,372
193,Sinic,303321.33331905387,132672.6111974878,3129.4270557029176,300191.906263351,658
193,United States,147209.45876616312,64004.36824049036,1844.0637813211845,145365.39498484193,356
194,Anglosphere ex-US,67704.9872956863,29764.275567787354,3183.4920212765956,64521.4952744097,614
194,Continental Europe,194551.53208705506,83135.53268975933,3923.499485066941,190628.03260198812,781
194,Hindu,53318.42029858814,30190.9106062776,2248.8695652173915,51069.55073337075,536
194,Islamic,88609.38785294448,47154.40165861988,2254.7179487179487,86354.66990422652,571
194,Japanese,29248.926915482818,7314.892164751692,1792.6470588235293,27456.27985665929,424
194,Other Civilizations,59790.91791529607,22504.981756816524,2068.969696969697,57721.948218326375,494
194,Other Western,4737.982218110105,2073.4831438025694,1601.2173913043478,3136.7648268057574,372
194,Sinic,305109.7210355927,133858.1005428771,3129.4270557029176,301980.29397988983,658
194,United States,147411.84727815937,64138.23627388401,1844.0637813211845,145567.78349683818,356
195,Anglosphere ex-US,67462.23285538348,29891.101570249455,3183.4920212765956,64278.74083410689,614
195,Continental Europe,194573.51619663124,83235.2851859427,3923.499485066941,190650.0167115643,781
195,Hindu,52360.5165219225,29348.366227960738,2248.8695652173915,50111.64695670511,536
195,Islamic,88412.94780283581,47181.36525509969,2254.7179487179487,86158.22985411786,571
195,Japanese,29322.51971544018,7417.025309433185,1792.6470588235293,27529.87265661665,424
195,Other Civilizations,58590.3413102469,21883.217546928972,2068.969696969697,56521.3716132772,494
195,Other Western,4904.641980474277,2226.1463153813866,1601.2173913043478,3303.4245891699293,372
195,Sinic,303781.5199293676,133387.66510886297,3129.4270557029176,300652.0928736647,658
195,United States,147018.1351675009,63749.23484153361,1844.0637813211845,145174.0713861797,356
196,Anglosphere ex-US,67874.1724220343,30021.59968499072,3183.4920212765956,64690.68040075771,614
196,Continental Europe,195404.49441002618,83883.09317962923,3923.499485066941,191480.99492495923,781
196,Hindu,53359.287374752224,30272.97235086626,2248.8695652173915,51110.41780953483,536
196,Islamic,87971.96027184535,46747.46321487994,2254.7179487179487,85717.2423231274,571
196,Japanese,29197.41406893096,7238.5057398291865,1792.6470588235293,27404.767010107433,424
196,Other Civilizations,59617.336588301594,22472.93942780782,2068.969696969697,57548.3668913319,494
196,Other Western,4769.5779718491885,2191.2716367588832,1601.2173913043478,3168.3605805448406,372
196,Sinic,306216.67242325423,134477.71391195012,3129.4270557029176,303087.24536755134,658
196,United States,147688.28297653148,64518.4450947416,1844.0637813211845,145844.2191952103,356
197,Anglosphere ex-US,67377.32428953754,29782.709408382856,3183.4920212765956,64193.83226826095,614
197,Continental Europe,194432.0068736201,82941.895241938,3923.499485066941,190508.50738855315,781
197,Hindu,53201.37330528842,30136.962632399864,2248.8695652173915,50952.50374007103,536
197,Islamic,88207.72097295814,47017.94195229143,2254.7179487179487,85953.00302424018,571
197,Japanese,29146.751299645068,7260.330998106316,1792.6470588235293,27354.10424082154,424
197,Other Civilizations,60131.65270563564,22916.71407783275,2068.969696969697,58062.68300866595,494
197,Other Western,4850.465913518781,2191.182237036909,1601.2173913043478,3249.2485222144333,372
197,Sinic,302902.6346578025,132193.10460590644,3129.4270557029176,299773.20760209963,658
197,United States,146899.61242992856,63889.859728520256,1844.0637813211845,145055.54864860736,356
198,Anglosphere ex-US,67010.74051646862,29654.620870595732,3183.4920212765956,63827.24849519203,614
198,Continental Europe,195092.1677611802,83680.3160007307,3923.499485066941,191168.66827611325,781
198,Hindu,53474.96131907252,30134.223447374192,2248.8695652173915,51226.09175385513,536
198,Islamic,88735.54739596846,47267.556150672914,2254.7179487179487,86480.82944725051,571
198,Japanese,29174.368328323566,7342.125237450075,1792.6470588235293,27381.721269500038,424
198,Other Civilizations,59046.8193613972,22073.693598603357,2068.969696969697,56977.84966442751,494
198,Other Western,4889.514455757221,2167.548302032962,1601.2173913043478,3288.297064452873,372
198,Sinic,303768.3638576014,133105.05326290554,3129.4270557029176,300638.9368018985,658
198,United States,146459.4639507572,63505.10769072464,1844.0637813211845,144615.400169436,356
199,Anglosphere ex-US,68144.19391430597,30499.013400539545,3183.4920212765956,64960.70189302938,614
199,Continental Europe,194692.38499679405,83431.14306962448,3923.499485066941,190768.8855117271,781
199,Hindu,54320.152769420936,30964.506096711615,2248.8695652173915,52071.283204203544,536
199,Islamic,89726.3484033737,48105.31287504496,2254.7179487179487,87471.63045465575,571
199,Japanese,29053.631695767974,7165.335481842263,1792.6470588235293,27260.984636944446,424
199,Other Civilizations,59498.46724944199,22481.75316166474,2068.969696969697,57429.49755247229,494
199,Other Western,4741.8430546738655,2136.205563820112,1601.2173913043478,3140.6256633695175,372
199,Sinic,302342.2762952144,131619.96636471763,3129.4270557029176,299212.84923951153,658
199,United States,146458.8848454756,63447.48779454229,1844.0637813211845,144614.8210641544,356
